customer_id,p_churn_classifier_30d,p_alive,p_churn_survival_30d,pred_CLV_survival_30d
C00000,0.8382,0.9438,0.9956,68.71
C00001,0.4603,0.9575,0.9998,57.01
C00002,0.9127,0.001,0.9396,226.17
C00003,0.8104,0.8972,0.99,39.46
C00004,0.2179,0.0008,0.979,302.46
C00005,0.6642,0.9502,0.9749,54.4
C00006,0.8496,0.946,0.9966,23.13
C00007,0.6192,0.3317,0.9802,32.04
C00008,0.4357,0.7506,0.9979,62.27
C00009,0.6067,0.0001,0.9913,165.16
C00010,0.8199,0.9293,0.9945,39.29
C00011,0.8047,0.9638,0.9904,83.48
C00012,0.5395,0.9472,0.9979,179.02
C00013,0.845,0.9703,0.9964,116.35
C00014,0.7833,0.0004,0.8708,113.49
C00015,0.5598,0.4926,0.9941,17.92
C00016,0.7665,0.0,0.8593,166.76
C00017,0.3612,0.0,0.9314,91.58
C00019,0.7964,0.0,0.9908,212.21
C00020,0.4997,0.9282,0.9981,36.55
C00021,0.6052,0.0,0.83,135.36
C00022,0.6707,1.0,0.9522,21.27
C00023,0.6185,0.0115,0.9606,47.62
C00024,0.743,0.0123,0.9481,38.94
C00025,0.8144,0.935,0.9724,43.82
C00026,0.6642,0.8617,0.9919,75.16
C00027,0.6384,0.8355,0.9949,25.07
C00028,0.615,0.0001,0.889,173.03
C00029,0.5017,1.0,0.9057,30.08
C00030,0.8043,1.0,0.9554,10.46
C00031,0.7313,0.9676,0.9982,234.89
C00032,0.8495,0.8411,0.991,67.69
C00033,0.8679,0.9268,0.9925,134.56
C00035,0.4989,0.0,0.9892,208.6
C00036,0.6759,0.1063,0.9335,83.98
C00037,0.5511,0.2409,0.9814,14.99
C00038,0.5845,0.8823,0.9957,92.67
C00039,0.6455,0.9441,0.9879,155.56
C00040,0.1075,0.7009,0.9992,53.52
C00041,0.4683,0.9016,0.9979,145.21
C00042,0.1667,0.0736,0.9306,42.12
C00043,0.8418,0.7895,0.9964,120.29
C00044,0.8275,0.0039,0.8067,73.9
C00045,0.6471,0.949,0.9705,47.53
C00046,0.3125,0.0001,0.9324,140.78
C00047,0.48,1.0,0.9057,33.82
C00048,0.6642,0.8709,0.9734,35.59
C00049,0.8199,0.9024,0.9912,22.13
C00050,0.1543,0.0183,0.9613,37.61
C00051,0.6158,0.9428,0.9913,82.14
C00052,0.6877,0.0032,0.8082,72.66
C00053,0.8691,0.0771,0.9808,209.9
C00054,0.6307,0.8753,0.9704,33.86
C00056,0.8471,0.9005,0.9965,208.63
C00057,0.7153,0.914,0.9968,29.9
C00058,0.7314,0.9174,0.9954,7.41
C00059,0.5724,0.0304,0.9967,52.53
C00060,0.5987,0.097,0.9929,139.63
C00061,0.6638,0.7852,0.9979,29.29
C00062,0.8104,0.9346,0.9719,28.2
C00063,0.4502,0.1089,0.9858,67.89
C00064,0.3456,0.9596,0.9995,29.67
C00065,0.6287,0.0013,0.9743,66.38
C00066,0.5152,0.0228,0.9977,301.62
C00067,0.5016,0.0784,0.9984,146.67
C00068,0.6523,0.8664,0.997,14.71
C00069,0.2592,0.9516,0.9994,355.88
C00070,0.4916,0.4887,0.9835,35.12
C00071,0.7393,0.0,0.9654,682.29
C00072,0.8905,0.0003,0.9883,682.54
C00073,0.4479,0.6692,0.9972,25.31
C00074,0.5789,0.0031,0.9926,110.34
C00075,0.8464,0.6634,0.9841,62.7
C00076,0.9235,0.1319,0.9656,14.74
C00077,0.4404,0.0027,0.9827,118.71
C00079,0.6477,0.0198,0.9879,150.08
C00080,0.7726,0.9113,0.9975,375.45
C00081,0.6255,0.9741,0.9986,285.9
C00082,0.7753,0.9589,0.9817,118.82
C00084,0.8525,1.0,0.9654,36.23
C00085,0.6477,0.822,0.9997,10.91
C00086,0.7144,1.0,0.96,29.59
C00087,0.8398,0.7627,0.993,75.36
C00089,0.6534,0.9572,0.9958,210.27
C00090,0.6249,0.1824,0.9701,38.55
C00091,0.8018,0.9414,0.9968,56.44
C00092,0.5695,0.9443,0.9994,89.92
C00093,0.5464,0.5242,0.9847,18.44
C00094,0.3884,0.0006,0.9609,118.15
C00095,0.717,0.8594,0.9989,47.21
C00096,0.6557,0.9072,0.9905,64.68
C00097,0.8553,0.927,0.9865,113.12
C00099,0.8734,0.0003,0.9883,265.95
C00100,0.3507,0.0,0.7764,142.03
C00101,0.8287,0.0,0.9867,151.79
C00102,0.9175,0.9708,0.9989,607.37
C00103,0.6663,0.82,0.9861,76.32
C00104,0.8173,0.1236,0.9614,95.21
C00105,0.4379,0.0005,0.8871,120.86
C00106,0.7243,0.0,0.9566,531.46
C00107,0.8147,1.0,0.9547,19.12
C00108,0.2229,0.0569,0.8782,58.97
C00109,0.6546,0.7954,0.9982,81.78
C00110,0.6533,0.746,0.9853,58.94
C00111,0.6036,0.0008,0.9689,107.91
C00112,0.7586,0.9336,0.9877,89.36
C00114,0.6109,0.9801,0.9997,320.01
C00115,0.8127,0.9569,0.9709,98.12
C00116,0.1962,0.9608,0.9994,90.3
C00117,0.5274,0.1746,0.9947,51.01
C00118,0.5411,0.9025,0.9993,49.28
C00119,0.7625,0.7181,0.9991,558.29
C00120,0.8246,1.0,0.9525,24.77
C00121,0.9175,0.9343,0.9917,78.27
C00122,0.7978,1.0,0.9552,9.55
C00123,0.8146,0.6764,0.9873,37.02
C00124,0.784,0.0,0.9726,392.27
C00125,0.6643,0.7221,0.998,17.91
C00126,0.7726,0.6266,0.9807,63.38
C00127,0.8443,0.8657,0.995,115.22
C00128,0.8292,0.002,0.9893,149.96
C00129,0.7332,0.7061,0.9988,412.7
C00130,0.4893,0.9767,0.9995,780.77
C00131,0.9244,0.857,0.9936,50.39
C00132,0.4153,0.3934,0.9814,42.52
C00133,0.7994,0.9607,0.9847,87.93
C00135,0.8173,0.9133,0.9712,112.2
C00136,0.2299,0.0402,0.9717,116.41
C00137,0.8012,0.007,0.9404,45.72
C00138,0.2765,0.873,0.9982,180.12
C00139,0.7521,0.0,0.9887,367.97
C00140,0.8599,0.6388,0.9957,92.0
C00141,0.9153,0.1979,0.9949,29.41
C00142,0.7726,0.6565,0.9737,39.41
C00143,0.8159,0.7952,0.9859,15.82
C00144,0.7163,0.8577,0.9917,87.09
C00145,0.6952,0.937,0.9888,21.78
C00146,0.5708,0.6645,0.991,88.91
C00147,0.7796,0.9838,0.9998,653.68
C00148,0.9101,0.9729,0.9985,745.38
C00149,0.811,0.9642,0.9977,475.57
C00150,0.5968,0.9527,0.9951,91.14
C00151,0.9416,0.0045,0.9875,58.24
C00152,0.7428,0.0005,0.9165,64.35
C00153,0.8928,0.6696,0.9842,44.03
C00154,0.1249,0.0004,0.8391,119.78
C00155,0.3416,0.6591,0.9869,19.66
C00156,0.7171,0.001,0.9888,106.2
C00157,0.6379,0.0001,0.9686,173.45
C00158,0.5633,0.9886,0.9993,8614.52
C00159,0.7962,0.9725,0.9958,287.44
C00160,0.6582,0.5885,0.9984,421.81
C00161,0.2824,0.6682,0.9961,18.08
C00162,0.6831,0.9448,0.9985,193.08
C00163,0.7852,1.0,0.9465,22.25
C00164,0.3037,0.3008,0.9989,67.74
C00165,0.4051,1.0,0.9411,23.19
C00166,0.373,0.9676,0.9979,99.59
C00167,0.8207,0.0,0.9437,211.13
C00168,0.623,0.8181,0.9991,22.34
C00169,0.6205,0.9747,0.9992,510.68
C00170,0.7042,0.01,0.9481,94.03
C00171,0.6516,0.0,0.9752,102.45
C00172,0.475,0.9787,0.9985,279.23
C00173,0.6952,1.0,0.9579,8.65
C00174,0.5252,0.9843,0.9997,1291.45
C00175,0.6711,0.8762,0.998,53.33
C00177,0.7291,0.0122,0.964,55.18
C00178,0.8139,0.9548,0.9902,29.35
C00179,0.7781,0.7242,0.9984,75.11
C00180,0.7425,0.0,0.9693,58.91
C00181,0.9081,0.9144,0.9938,84.28
C00182,0.8314,0.896,0.9948,32.05
C00183,0.812,0.056,0.9552,33.04
C00184,0.8071,0.9598,0.9974,49.45
C00185,0.44,0.8954,0.9968,265.77
C00186,0.831,0.6987,0.9829,40.93
C00188,0.8984,0.7711,0.9954,224.0
C00189,0.9283,0.0754,0.9936,119.65
C00190,0.9175,0.9121,0.9994,928.5
C00191,0.4467,1.0,0.9365,15.94
C00192,0.8145,0.0131,0.909,77.08
C00193,0.5778,0.9579,0.998,482.06
C00194,0.858,0.7996,0.9892,46.14
C00195,0.8807,0.8613,0.9891,106.65
C00196,0.4088,0.9558,0.9992,79.38
C00197,0.6022,0.0163,0.8888,80.66
C00198,0.6813,0.9444,0.9969,42.39
C00199,0.5671,0.0766,0.9861,94.66
C00200,0.5545,0.01,0.9866,69.5
C00201,0.4262,0.0087,0.9949,55.94
C00202,0.8091,0.951,0.9995,1198.5
C00204,0.8252,0.6852,0.9902,44.33
C00205,0.339,0.6751,0.9959,16.7
C00206,0.3919,0.002,0.9965,283.01
C00207,0.7105,0.1629,0.9965,44.84
C00208,0.5344,1.0,0.8774,20.04
C00209,0.8038,0.6042,0.9817,59.57
C00210,0.4681,0.3721,0.9608,18.56
C00211,0.897,1.0,0.9623,4.38
C00212,0.4725,0.0892,0.9794,95.84
C00213,0.8446,0.7453,0.9872,69.98
C00214,0.8138,0.9286,0.9981,180.85
C00215,0.8742,0.0005,0.912,147.61
C00216,0.738,0.9628,0.9986,33.0
C00217,0.6009,0.0,0.9913,324.35
C00218,0.4502,0.9317,0.9991,31.82
C00219,0.6616,0.0026,0.9753,209.73
C00220,0.4618,1.0,0.9161,34.32
C00221,0.363,0.9269,0.9966,85.45
C00222,0.4391,0.9599,0.9982,218.62
C00223,0.7011,0.8318,0.9986,149.86
C00224,0.9116,0.2331,0.9464,36.51
C00225,0.7538,0.3586,0.9646,12.45
C00226,0.8794,0.6047,0.9917,101.17
C00227,0.7594,0.8827,0.9954,29.54
C00228,0.6985,0.0012,0.9958,956.41
C00229,0.7774,0.9604,0.9973,75.53
C00230,0.8423,0.1423,0.9913,28.19
C00231,0.8511,1.0,0.9546,30.0
C00232,0.2329,0.0113,0.9368,33.82
C00233,0.764,0.0374,0.9072,73.51
C00234,0.5959,0.2399,0.9905,162.91
C00235,0.8419,0.9303,0.9954,28.73
C00236,0.8173,0.321,0.96,103.61
C00238,0.5517,0.001,0.9145,94.89
C00239,0.868,0.9542,0.9997,41.03
C00240,0.5738,0.9803,0.9977,851.26
C00241,0.8085,0.872,0.9942,310.11
C00242,0.491,0.816,0.9916,18.54
C00243,0.7034,0.9615,0.9912,365.55
C00244,0.8366,0.0,0.9643,281.79
C00246,0.7131,0.9422,0.996,157.85
C00247,0.6274,0.493,0.999,36.47
C00248,0.738,0.9321,0.9988,89.91
C00249,0.6679,0.09,0.8848,58.45
C00250,0.7121,0.0,0.9126,184.95
C00251,0.6429,0.923,0.9931,55.2
C00252,0.8221,0.8085,0.9917,39.71
C00253,0.5756,0.0,0.9582,175.8
C00254,0.8261,0.2045,0.9809,218.88
C00255,0.7906,0.9589,0.9973,73.24
C00256,0.816,0.6246,0.9888,27.34
C00257,0.8535,0.9536,0.9971,74.44
C00258,0.5332,0.9038,0.9991,475.68
C00259,0.1636,0.3096,0.9789,38.15
C00260,0.8846,0.9183,0.9968,105.14
C00261,0.783,0.9126,0.9946,28.35
C00262,0.5209,0.9711,0.9985,991.73
C00263,0.3989,0.4833,0.9907,12.4
C00264,0.3122,0.0005,0.99,123.09
C00265,0.5874,0.0608,0.9696,73.58
C00266,0.9147,0.8181,0.9975,91.48
C00267,0.298,0.5342,0.9708,41.69
C00268,0.6069,0.9412,0.9987,2034.38
C00269,0.6995,0.9543,0.9942,77.78
C00270,0.6398,0.0255,0.9915,45.8
C00271,0.7262,0.0544,0.9946,62.39
C00272,0.2032,0.0723,0.997,48.43
C00273,0.7582,0.0,0.9215,296.74
C00274,0.6178,0.9712,0.9986,84.18
C00275,0.7791,0.2711,0.9819,53.66
C00276,0.828,0.9198,0.9821,72.32
C00277,0.4583,0.8263,0.9874,9.72
C00278,0.897,0.9615,0.9871,151.1
C00279,0.4409,0.0,0.9912,439.02
C00280,0.6051,0.8275,0.9972,62.07
C00281,0.7726,0.9314,0.9779,44.21
C00282,0.5646,0.9448,0.9993,122.08
C00283,0.8104,0.8433,0.9843,34.72
C00284,0.6115,0.0716,0.9829,57.27
C00285,0.7807,0.0016,0.9507,56.76
C00286,0.7726,0.9508,0.9777,57.32
C00287,0.703,0.7116,0.996,34.36
C00288,0.4738,1.0,0.9105,34.05
C00289,0.6473,0.2417,0.9986,70.29
C00290,0.7635,0.9162,0.9941,403.13
C00291,0.1774,0.0545,0.9175,61.72
C00292,0.6529,0.0002,0.9903,102.72
C00293,0.4965,1.0,0.8993,33.71
C00294,0.6206,0.0496,0.9766,80.66
C00296,0.8173,0.8728,0.9819,160.6
C00297,0.5332,0.9581,0.9991,208.54
C00298,0.8173,0.3887,0.975,117.45
C00300,0.5303,0.9115,0.9976,47.9
C00301,0.8375,0.0063,0.9507,50.36
C00302,0.5151,0.0001,0.9298,186.59
C00303,0.8122,0.6133,0.9501,25.28
C00305,0.7523,0.9712,0.9971,246.38
C00306,0.3267,1.0,0.9175,11.17
C00307,0.902,0.8423,0.9593,29.12
C00308,0.7666,0.4557,0.9977,50.75
C00309,0.8936,0.0261,0.9861,65.53
C00310,0.2399,0.9643,0.9974,917.58
C00311,0.8071,0.9459,0.9968,171.58
C00312,0.8449,0.7764,0.9922,136.42
C00313,0.4608,1.0,0.935,28.39
C00314,0.7582,0.935,0.9958,94.51
C00315,0.7936,0.4716,0.9715,37.73
C00316,0.1515,0.0005,0.983,91.7
C00317,0.5351,0.9064,0.9957,27.44
C00318,0.3601,0.1591,0.9951,56.4
C00320,0.8938,0.3451,0.9709,49.05
C00321,0.8353,0.9437,0.982,110.95
C00322,0.6348,0.0158,0.9928,99.07
C00323,0.7284,0.9606,0.9989,886.67
C00324,0.876,0.9547,0.9957,164.6
C00325,0.9175,0.9244,0.9995,1311.61
C00326,0.5462,0.0204,0.997,50.26
C00327,0.4185,0.1818,0.9773,59.61
C00328,0.7521,0.0119,0.8747,58.12
C00329,0.8602,0.6949,0.9907,56.16
C00330,0.2879,0.0196,0.9949,115.8
C00332,0.9169,0.6321,0.9933,189.54
C00333,0.5764,0.9656,0.9981,125.98
C00334,0.2635,0.0004,0.9826,121.39
C00335,0.8297,0.912,0.9957,56.34
C00336,0.5396,0.0007,0.9845,76.56
C00337,0.6144,0.2048,0.9741,39.96
C00338,0.8361,1.0,0.9599,10.18
C00339,0.6872,0.9092,0.9924,102.21
C00340,0.2983,0.0,0.901,175.7
C00341,0.8258,0.8705,0.9981,40.67
C00342,0.6642,0.9505,0.983,83.19
C00343,0.6359,0.0566,0.9984,320.7
C00344,0.8826,0.9039,0.9705,77.84
C00345,0.5782,0.0225,0.9525,48.84
C00346,0.6293,0.0001,0.9939,107.39
C00347,0.7012,0.7252,0.9641,41.35
C00348,0.5564,0.9752,0.9989,198.93
C00350,0.8986,0.1826,0.9932,22.7
C00351,0.4873,0.4052,0.9944,28.27
C00352,0.8199,1.0,0.9634,12.29
C00353,0.7247,0.0591,0.9514,80.94
C00354,0.8043,0.9773,0.999,490.46
C00355,0.5031,0.0,0.9965,589.36
C00356,0.5221,0.0,0.9511,82.56
C00357,0.7677,0.4767,0.9964,74.43
C00358,0.6648,0.9541,0.9954,116.2
C00359,0.7905,0.8053,0.9953,30.63
C00360,0.645,1.0,0.948,16.05
C00361,0.9071,0.9729,0.9978,297.06
C00362,0.6678,0.0001,0.967,83.77
C00363,0.8866,0.9001,0.9948,41.15
C00365,0.5853,0.0171,0.8641,58.74
C00366,0.7107,0.9408,0.9944,85.43
C00367,0.7102,0.0,0.9524,229.48
C00368,0.7695,0.9511,0.9991,89.44
C00370,0.6171,0.214,0.9923,26.04
C00371,0.8569,0.0139,0.9815,50.81
C00373,0.8537,0.225,0.9613,42.17
C00374,0.1904,0.0166,0.8587,21.33
C00375,0.6995,0.7475,0.9821,34.7
C00376,0.6534,0.8891,0.9895,46.62
C00377,0.8004,0.9621,0.9989,161.99
C00379,0.8309,0.0865,0.9636,87.35
C00380,0.4374,0.2915,0.9913,40.28
C00381,0.2824,0.8531,0.9997,370.99
C00382,0.7034,0.5775,0.9854,56.7
C00383,0.2994,0.0,0.994,154.56
C00384,0.8459,0.1344,0.9745,28.62
C00385,0.5835,0.9168,0.9961,33.53
C00386,0.5135,0.0307,0.9989,472.82
C00387,0.6486,0.9132,0.9955,96.13
C00388,0.5215,0.572,0.9937,162.98
C00389,0.4815,0.0,0.9214,676.46
C00390,0.6976,0.0036,0.8878,99.23
C00391,0.5349,0.8885,0.9964,194.57
C00392,0.5331,0.9557,0.9983,181.16
C00393,0.3859,0.0009,0.7061,43.46
C00394,0.7591,0.0255,0.9628,46.18
C00395,0.8746,0.3155,0.9674,96.02
C00396,0.8246,0.9229,0.9886,31.72
C00397,0.4743,0.9765,0.9988,1776.89
C00398,0.9307,0.9506,0.991,114.4
C00399,0.4296,0.0,0.9626,278.96
C00400,0.4109,0.008,0.9746,51.52
C00401,0.7385,0.0,0.9114,199.78
C00402,0.5519,0.6308,0.988,69.46
C00403,0.7712,0.9574,0.9973,415.42
C00404,0.9175,0.1655,0.9735,25.25
C00406,0.4567,1.0,0.9162,34.17
C00407,0.4908,0.809,0.9995,57.35
C00408,0.7763,0.9453,0.9981,185.23
C00409,0.8301,0.9421,0.9955,66.47
C00410,0.8504,0.9528,0.9962,58.19
C00411,0.6429,0.9522,0.9897,38.38
C00412,0.8599,0.9466,0.9974,65.63
C00413,0.6615,0.0004,0.9151,145.7
C00414,0.4777,0.0,0.9548,114.03
C00415,0.5988,0.0001,0.9622,103.35
C00416,0.3543,0.3861,0.9836,40.52
C00417,0.7487,0.9729,0.9988,361.5
C00418,0.506,0.1441,0.9796,26.39
C00419,0.7077,0.0006,0.869,107.89
C00420,0.8201,0.9386,0.9971,117.89
C00421,0.5651,0.987,0.9995,1888.03
C00422,0.5144,0.9615,0.9961,38.72
C00423,0.8259,0.982,0.9995,1759.64
C00424,0.5699,0.5202,0.9931,121.9
C00425,0.4505,0.6563,0.9994,135.11
C00426,0.522,0.0004,0.8769,123.42
C00427,0.7684,0.7328,0.9715,19.93
C00428,0.7759,0.9529,0.9935,81.28
C00429,0.847,0.3446,0.962,29.97
C00430,0.3688,1.0,0.922,20.21
C00431,0.8329,0.6383,0.9954,70.84
C00432,0.7128,0.9648,0.9994,53.17
C00433,0.616,0.9522,0.9886,30.87
C00434,0.8502,0.0712,0.9725,80.21
C00435,0.7974,0.1442,0.9981,80.67
C00436,0.9258,0.3177,0.994,21.94
C00437,0.8238,0.0,0.9804,263.02
C00438,0.8486,1.0,0.9604,21.45
C00439,0.7914,0.0011,0.9197,49.2
C00440,0.7753,0.8865,0.9762,122.84
C00441,0.7794,0.9596,0.9998,40.43
C00442,0.715,0.0018,0.9338,48.73
C00443,0.6865,0.8205,0.9871,28.66
C00444,0.5391,0.9703,0.9998,112.42
C00445,0.2396,0.9646,0.998,177.06
C00446,0.2312,0.0228,0.8113,56.1
C00447,0.6106,0.0108,0.919,62.04
C00448,0.8346,1.0,0.9445,35.27
C00449,0.7933,0.9572,0.9973,41.79
C00450,0.8233,0.0,0.9793,276.39
C00451,0.6384,0.0,0.8754,271.62
C00452,0.9175,1.0,0.9611,33.71
C00453,0.664,0.8036,0.9594,43.72
C00454,0.4018,0.0655,0.8905,23.59
C00455,0.4988,0.0004,0.9882,194.91
C00456,0.8842,0.597,0.9984,46.05
C00457,0.5527,0.0139,0.8674,70.66
C00458,0.4313,0.5315,0.9776,34.35
C00459,0.3742,0.5842,0.9975,240.91
C00460,0.637,0.6848,0.9917,45.46
C00461,0.6509,0.9559,0.9749,45.8
C00462,0.5877,0.0011,0.9892,161.07
C00464,0.7293,0.0,0.9024,126.0
C00465,0.5809,0.0,0.9747,180.56
C00468,0.2492,0.9016,0.9977,7.37
C00469,0.9175,0.9682,0.9988,494.78
C00470,0.9014,0.8947,0.9976,231.57
C00471,0.649,0.9201,0.9998,25.63
C00472,0.7768,0.9548,0.9672,49.11
C00473,0.7836,0.8887,0.9973,457.48
C00474,0.6912,0.0003,0.9261,79.11
C00475,0.8974,0.9803,0.9998,472.46
C00476,0.6225,0.8252,0.999,101.15
C00478,0.7519,0.941,0.9995,30.65
C00479,0.8308,0.9334,0.9968,98.38
C00480,0.3568,0.0,0.9592,238.64
C00481,0.8382,0.3098,0.9724,23.54
C00482,0.8135,0.819,0.9924,33.81
C00483,0.8926,0.0077,0.9116,124.92
C00484,0.8746,0.9616,0.9988,156.03
C00485,0.7194,0.966,0.999,119.25
C00486,0.865,0.0,0.8786,87.47
C00487,0.8731,0.9645,0.9963,108.08
C00488,0.7817,0.9169,0.9986,589.29
C00489,0.4694,0.9511,0.9994,24.24
C00490,0.832,0.9651,0.9997,1465.56
C00491,0.355,0.0291,0.9819,60.13
C00492,0.5195,0.9227,0.9982,173.29
C00493,0.5855,0.8875,0.9988,374.53
C00494,0.8226,0.002,0.9509,127.19
C00495,0.7534,0.2111,0.9844,49.2
C00496,0.7091,0.8278,0.9912,85.78
C00497,0.7863,0.873,0.9897,70.53
C00498,0.7394,0.9091,0.9948,21.38
C00499,0.7267,0.8257,0.9971,67.73
C00501,0.3907,0.1745,0.9962,564.74
C00502,0.7038,0.6857,0.9969,44.01
C00503,0.6995,0.9147,0.991,75.95
C00504,0.7518,0.0001,0.8137,100.95
C00505,0.8048,0.0652,0.9175,82.44
C00507,0.6262,0.9822,0.9997,474.78
C00508,0.6025,0.0016,0.9339,72.44
C00509,0.7373,0.0,0.992,532.3
C00510,0.7619,0.0179,0.8851,33.45
C00511,0.8127,1.0,0.939,11.66
C00512,0.822,0.9422,0.9951,24.39
C00513,0.7581,0.9577,0.9994,49.49
C00514,0.7903,0.1082,0.9415,67.34
C00515,0.6527,0.871,0.9906,143.07
C00516,0.279,0.0035,0.8936,89.11
C00517,0.8566,0.5666,0.9891,29.37
C00518,0.2457,0.1514,0.9963,80.37
C00520,0.7096,0.1788,0.9716,30.05
C00521,0.6127,0.0007,0.9613,64.06
C00522,0.4438,0.8483,0.9962,38.38
C00523,0.5004,0.9609,0.9991,215.56
C00524,0.8173,0.8015,0.9785,65.54
C00525,0.7516,0.874,0.9949,22.28
C00526,0.8146,0.9445,0.9963,68.5
C00527,0.8587,0.9594,0.9943,77.29
C00528,0.8572,0.9464,0.9895,152.71
C00529,0.913,0.9407,0.9947,113.96
C00530,0.8448,0.9612,0.999,952.91
C00531,0.7126,0.8679,0.9955,45.85
C00532,0.8039,0.9548,0.9889,23.43
C00533,0.89,0.7131,0.9802,40.75
C00534,0.8948,0.4172,0.9751,94.4
C00535,0.5266,0.6538,0.9974,111.77
C00536,0.8039,0.951,0.9804,50.16
C00537,0.466,0.8587,0.9983,53.84
C00538,0.3947,0.0002,0.9617,95.5
C00539,0.8806,0.5305,0.9774,43.42
C00540,0.7453,0.1364,0.9356,16.47
C00541,0.4776,0.0013,0.9241,118.9
C00542,0.8822,0.2467,0.9945,66.04
C00543,0.7696,0.0594,0.962,54.93
C00544,0.3615,1.0,0.9205,34.32
C00545,0.0872,0.0111,0.8411,57.06
C00546,0.8968,0.0251,0.8806,40.55
C00547,0.6334,0.9483,1.0,12.57
C00548,0.8523,0.9378,0.9975,323.24
C00549,0.9175,0.9224,0.9631,51.46
C00552,0.6382,0.1148,0.9892,40.48
C00553,0.7107,0.9569,0.9709,89.68
C00554,0.5879,0.9391,0.9981,16.27
C00555,0.5383,0.7041,0.991,38.91
C00556,0.6537,0.0753,0.98,68.53
C00557,0.6682,0.962,0.9985,128.12
C00558,0.2194,0.9491,1.0,11.55
C00559,0.6196,0.8592,0.997,36.94
C00560,0.8284,0.0113,0.9844,55.6
C00561,0.8969,0.9548,0.9647,58.24
C00562,0.7012,0.7513,0.974,67.26
C00563,0.3303,0.2256,0.9791,32.56
C00564,0.8497,0.0152,0.9561,74.4
C00565,0.1039,0.0004,0.99,100.91
C00566,0.6563,1.0,0.9479,17.13
C00567,0.2422,0.0,0.9578,424.51
C00568,0.8524,0.3722,0.9977,75.47
C00569,0.7646,0.0124,0.8866,36.15
C00570,0.6461,0.0976,0.9334,60.8
C00572,0.9175,0.9295,0.9866,20.07
C00573,0.7411,0.0013,0.9873,73.47
C00574,0.6814,0.0045,0.9807,56.47
C00575,0.7881,0.9742,0.9993,537.56
C00576,0.6665,0.9283,0.9991,34.69
C00577,0.8393,0.9062,0.9963,68.59
C00578,0.4852,0.945,0.999,61.12
C00579,0.8862,0.9162,0.9876,187.19
C00580,0.7946,0.8594,0.9889,60.82
C00581,0.5511,0.3433,0.9507,49.98
C00582,0.6622,0.9733,0.9986,129.68
C00583,0.7045,0.5359,0.9925,82.98
C00584,0.2534,0.0,0.9616,104.96
C00585,0.3203,1.0,0.9213,8.61
C00586,0.8775,0.0174,0.8284,77.59
C00587,0.8137,0.8065,0.99,138.95
C00588,0.7776,0.7945,0.9951,153.3
C00589,0.5677,0.0002,0.7968,90.1
C00592,0.7796,0.0219,0.8853,80.63
C00593,0.9591,0.9361,0.9999,47.26
C00594,0.8445,0.6969,0.9831,44.54
C00596,0.8038,0.9553,0.9932,57.63
C00597,0.7889,1.0,0.9611,14.94
C00598,0.6011,0.032,0.881,78.84
C00599,0.8865,0.9838,0.9992,1626.26
C00600,0.4316,0.9796,0.9988,1612.77
C00601,0.9156,0.0149,0.939,45.06
C00602,0.264,0.7761,0.9973,10.39
C00603,0.4223,0.9561,0.9975,58.99
C00604,0.8164,0.9631,0.9995,1056.64
C00605,0.46,0.0131,0.9504,36.79
C00606,0.2632,0.1953,0.9825,43.73
C00607,0.7234,0.2023,0.9874,34.24
C00608,0.4767,0.8927,0.9997,16.24
C00609,0.394,0.9433,0.9981,369.37
C00610,0.8668,0.0016,0.9153,61.37
C00611,0.6446,0.0405,0.9817,67.57
C00612,0.906,0.8783,0.9862,150.77
C00613,0.897,0.9541,0.9962,267.12
C00614,0.6319,0.9569,0.9999,13.6
C00615,0.8303,0.0064,0.9974,49.04
C00616,0.6648,1.0,0.9587,25.54
C00617,0.5759,0.9539,0.9981,62.38
C00619,0.8085,0.4483,0.9654,59.3
C00620,0.6606,0.0677,0.9862,38.5
C00621,0.504,0.9292,0.9961,164.09
C00622,0.807,1.0,0.9564,26.91
C00623,0.2504,0.1705,0.9979,59.29
C00624,0.3308,1.0,0.9247,6.33
C00625,0.5222,0.8946,0.9996,97.66
C00626,0.6212,0.0,0.894,185.29
C00628,0.8923,0.9563,0.9962,118.14
C00629,0.7763,0.0185,0.9477,48.78
C00630,0.7484,0.647,0.9892,33.77
C00631,0.5866,0.9652,0.9981,110.63
C00633,0.7037,0.0,0.9855,163.71
C00634,0.4201,0.18,0.9949,115.38
C00635,0.6872,0.8703,0.9653,35.35
C00636,0.8639,0.9425,0.9988,25.54
C00637,0.8911,0.8452,0.9959,180.96
C00638,0.8898,0.179,0.9976,528.45
C00639,0.6668,0.8148,0.9977,43.97
C00640,0.7931,0.4709,0.9952,157.13
C00641,0.8631,0.4838,0.9772,11.49
C00642,0.8092,0.9001,0.9991,40.03
C00643,0.6591,0.9146,0.9991,129.02
C00644,0.596,0.918,0.9994,82.71
C00645,0.8104,0.9362,0.9883,47.39
C00646,0.897,0.8182,0.9949,174.04
C00647,0.4569,0.0025,0.8651,53.44
C00648,0.8259,0.9526,0.9966,56.48
C00649,0.5476,0.0781,0.968,33.96
C00650,0.7056,0.9306,0.9991,42.73
C00651,0.7886,0.7263,0.9997,66.26
C00652,0.8463,0.8423,0.9616,51.43
C00653,0.3169,0.2197,0.997,29.29
C00654,0.278,0.0009,0.9914,79.91
C00655,0.7803,0.8254,0.9991,189.23
C00656,0.745,0.0005,0.9852,109.26
C00657,0.6707,0.9354,0.9693,95.93
C00658,0.9241,0.0035,0.9429,140.5
C00659,0.1412,0.1152,0.9985,310.73
C00660,0.7546,0.8281,0.9971,184.69
C00661,0.723,0.6224,0.986,33.9
C00662,0.2133,0.016,0.8202,56.66
C00663,0.4254,0.9556,0.9998,38.9
C00664,0.3961,1.0,0.94,35.49
C00665,0.4316,0.1433,0.9931,66.91
C00666,0.6379,0.9347,0.9999,42.49
C00667,0.6527,0.9658,0.9969,228.86
C00668,0.7219,0.0009,0.9593,69.16
C00669,0.528,0.0,0.9971,348.48
C00670,0.5995,0.7442,0.9993,175.48
C00671,0.1063,0.1625,0.9929,280.0
C00672,0.8397,0.9299,0.9965,52.73
C00674,0.8633,0.9638,0.9961,112.34
C00675,0.3305,0.0062,0.9962,85.69
C00676,0.9161,0.9354,0.9731,105.47
C00677,0.7637,1.0,0.9429,17.4
C00678,0.519,0.9554,0.9973,34.17
C00679,0.6821,0.0126,0.9386,24.95
C00680,0.6429,0.8691,0.9844,128.08
C00681,0.7726,0.925,0.9875,42.72
C00682,0.5204,0.9401,0.9986,214.15
C00683,0.5928,0.0044,0.9119,76.59
C00684,0.8657,0.8995,0.9947,51.15
C00685,0.5518,0.0006,0.9778,161.57
C00686,0.8055,0.9562,0.9956,54.01
C00687,0.7692,0.9567,0.9956,82.78
C00689,0.7863,0.9255,0.9887,43.34
C00690,0.2579,0.8,0.9964,112.33
C00691,0.5424,0.8654,0.9982,23.49
C00692,0.5761,0.9079,0.9993,151.58
C00693,0.4439,0.9649,0.9997,110.01
C00694,0.8173,1.0,0.9654,36.01
C00695,0.8049,0.5218,0.998,376.68
C00696,0.8586,0.3907,0.9789,118.75
C00697,0.6415,0.9525,0.9942,87.5
C00698,0.6498,0.1855,0.9749,61.14
C00699,0.3252,0.0005,0.9722,180.97
C00700,0.5002,0.0007,0.9777,159.77
C00701,0.8809,0.8748,0.992,122.52
C00702,0.8603,0.0773,0.9612,33.89
C00703,0.6129,0.0,0.9962,277.05
C00704,0.7537,0.0,0.9781,107.85
C00705,0.8173,0.4115,0.9793,185.03
C00706,0.3418,0.9166,0.9992,101.42
C00707,0.4201,0.0284,0.8487,19.36
C00708,0.7633,0.0056,0.9814,50.31
C00709,0.5785,0.4546,0.9955,20.08
C00710,0.8115,0.8074,0.9949,58.12
C00711,0.3078,0.0025,0.7901,72.62
C00712,0.3575,0.0002,0.9722,105.67
C00713,0.7803,0.9482,0.999,196.68
C00714,0.7196,0.179,0.9823,24.88
C00715,0.7607,0.881,0.9973,87.92
C00716,0.8186,0.9003,0.9964,95.43
C00717,0.8555,0.4261,0.9836,58.92
C00718,0.7813,0.1065,0.98,48.34
C00719,0.7461,0.7463,0.9993,33.78
C00720,0.1655,0.0093,0.8729,61.96
C00721,0.7488,0.0,0.9479,67.86
C00722,0.6694,0.0185,0.8728,27.92
C00723,0.7623,0.9585,0.9948,105.72
C00724,0.2491,0.8538,0.9997,304.86
C00725,0.4869,0.0075,0.7237,47.75
C00726,0.6773,0.0049,0.9864,55.23
C00727,0.5289,0.0,0.93,181.1
C00728,0.7995,0.9549,0.9987,99.91
C00729,0.5189,0.0,0.8256,116.68
C00730,0.6429,1.0,0.9487,18.79
C00731,0.7062,0.0744,0.9946,57.52
C00732,0.7895,0.8792,0.9982,235.47
C00733,0.6642,0.8347,0.9899,52.84
C00734,0.8199,0.9163,0.993,27.5
C00735,0.5767,0.6701,0.9925,62.92
C00736,0.363,0.0003,0.9455,86.86
C00737,0.7178,0.697,0.9792,29.59
C00738,0.4143,0.6054,0.9928,24.29
C00739,0.5022,1.0,0.8828,12.03
C00740,0.5038,0.0,0.9589,110.14
C00741,0.7627,0.5751,0.9931,69.05
C00742,0.9175,0.9598,0.9843,71.53
C00743,0.7726,0.1627,0.9965,50.23
C00744,0.8085,0.4694,0.982,125.84
C00745,0.7549,0.0135,0.9176,95.71
C00746,0.505,0.8713,0.9921,72.76
C00747,0.3004,0.0,0.9596,114.21
C00748,0.8085,0.9188,0.9736,71.89
C00749,0.724,0.0699,0.9922,47.55
C00750,0.8342,0.548,0.9941,104.49
C00751,0.6206,0.0459,0.9885,66.56
C00752,0.7624,0.0,0.9696,657.09
C00753,0.3408,0.0135,0.9267,107.64
C00754,0.7169,0.9641,0.9982,264.96
C00756,0.5665,0.9281,0.9972,21.89
C00757,0.5772,0.0001,0.9959,479.71
C00758,0.6139,0.7595,0.9976,60.96
C00759,0.5723,0.0001,0.9657,254.35
C00760,0.8083,1.0,0.9559,12.92
C00761,0.8424,0.9079,0.9982,525.0
C00762,0.595,0.5799,0.9903,24.92
C00763,0.9175,0.9538,0.9997,3285.43
C00764,0.8123,0.4458,0.9428,46.16
C00765,0.7726,0.8458,0.9798,36.52
C00766,0.6453,0.9646,0.9998,128.72
C00767,0.8315,0.9325,0.9693,97.48
C00768,0.8038,0.9761,0.9989,331.89
C00769,0.4542,0.1442,0.9686,59.33
C00770,0.5784,0.0,0.987,649.5
C00771,0.8463,0.8685,0.9844,126.51
C00772,0.614,0.0,0.992,215.07
C00774,0.7535,1.0,0.9535,35.56
C00775,0.8376,0.1423,0.991,53.47
C00776,0.7897,1.0,0.9556,26.77
C00777,0.6557,0.9457,0.9902,49.42
C00778,0.9175,0.9467,0.9969,420.44
C00779,0.8146,0.7802,0.9947,44.48
C00780,0.7185,0.8598,0.9991,54.97
C00782,0.7607,0.9453,0.9955,53.81
C00783,0.3476,0.9207,0.9978,6.55
C00784,0.745,0.0,0.8912,242.09
C00785,0.8173,1.0,0.9613,35.79
C00786,0.8899,0.9463,0.9961,267.52
C00787,0.1684,0.0,0.8429,124.51
C00788,0.6453,0.8591,0.999,77.98
C00789,0.9083,0.9845,0.9999,2493.5
C00790,0.8543,0.1878,0.9874,79.73
C00791,0.7613,0.0006,0.8844,48.71
C00792,0.6527,0.9536,0.9936,99.33
C00793,0.8205,0.7608,0.9982,673.23
C00794,0.8173,0.9089,0.9656,64.84
C00795,0.7786,0.0,0.9901,396.32
C00796,0.4517,0.031,0.9876,39.9
C00797,0.7144,1.0,0.9605,30.19
C00798,0.8012,0.653,0.9728,52.58
C00799,0.5583,0.0136,0.9961,416.23
C00801,0.8659,0.0,0.9458,184.89
C00802,0.3278,0.7115,0.9996,170.53
C00803,0.8124,0.8405,0.9957,43.59
C00804,0.8173,0.0625,0.9826,284.58
C00805,0.8937,0.0,0.9626,123.21
C00806,0.8139,1.0,0.9544,25.47
C00807,0.8104,0.9623,0.9886,139.8
C00808,0.7998,0.9523,0.9968,63.74
C00809,0.1827,0.0004,0.8452,99.37
C00810,0.6488,0.3305,0.9542,14.6
C00811,0.8471,0.7677,0.9703,81.16
C00812,0.2097,0.7013,0.9991,290.62
C00813,0.5836,0.1334,0.9971,32.06
C00814,0.8085,0.9428,0.9706,81.87
C00816,0.7248,0.9584,0.9976,43.84
C00817,0.5114,0.9553,0.9994,385.36
C00818,0.8674,0.8857,0.9991,89.08
C00819,0.1489,0.9475,0.9999,151.77
C00820,0.6929,0.0,0.9879,440.93
C00821,0.4528,0.0,0.952,250.58
C00822,0.655,0.8785,0.9735,85.74
C00823,0.4102,0.6974,0.9948,12.08
C00824,0.8315,0.9478,0.9744,13.42
C00825,0.7034,0.9238,0.9903,184.35
C00827,0.6872,0.9434,0.9914,70.08
C00828,0.7587,0.8149,0.9991,39.6
C00829,0.2769,0.0002,0.9929,383.51
C00830,0.8658,0.3473,0.9848,45.8
C00831,0.5351,0.0322,0.9768,190.04
C00832,0.4048,0.0,0.9734,211.8
C00833,0.9071,0.9365,0.9826,94.72
C00834,0.7819,0.9694,0.9984,190.09
C00835,0.89,0.9665,0.9923,337.48
C00836,0.8546,0.3293,0.9944,63.4
C00837,0.7223,0.8691,0.9859,140.88
C00838,0.7998,0.9513,0.996,65.21
C00839,0.8464,0.9187,0.9905,48.28
C00840,0.7292,0.0231,0.9726,40.41
C00841,0.8579,0.7294,0.9908,33.0
C00842,0.5344,0.8834,0.9961,75.76
C00843,0.7878,0.9634,0.9952,119.49
C00844,0.4071,0.0146,0.8323,55.14
C00846,0.8246,0.923,0.9936,112.06
C00847,0.8444,0.8131,0.9888,53.44
C00849,0.2406,0.0,0.9599,141.46
C00850,0.8603,0.9041,0.9959,66.34
C00851,0.8173,0.8706,0.985,89.48
C00852,0.9089,0.8998,0.993,105.81
C00854,0.2869,0.0176,0.8342,57.37
C00855,0.7364,0.0238,0.9977,410.25
C00856,0.6317,0.0356,0.9702,36.87
C00857,0.7287,0.1586,0.9958,118.23
C00858,0.8401,0.0,0.8573,49.47
C00859,0.4144,0.0459,0.9534,60.44
C00860,0.4562,0.0062,0.911,55.52
C00861,0.8122,0.0462,0.9243,60.82
C00862,0.5703,0.0003,0.9091,73.5
C00863,0.6025,0.4267,0.9973,1147.31
C00864,0.9101,0.9489,0.9918,27.21
C00865,0.7341,0.9589,0.9985,61.92
C00866,0.871,1.0,0.9607,33.62
C00867,0.4902,0.0,0.8528,114.54
C00868,0.5792,0.0002,0.9615,72.78
C00869,0.8282,0.8048,0.9839,21.61
C00870,0.7993,0.0318,0.9707,90.71
C00871,0.6953,0.5624,0.9981,19.58
C00872,0.7022,0.2171,0.9682,24.37
C00873,0.7962,0.0019,0.9774,70.59
C00874,0.8244,0.0,0.9684,138.82
C00875,0.8911,0.9688,0.9961,323.65
C00876,0.902,0.7933,0.9879,61.69
C00877,0.3525,0.0001,0.9701,193.73
C00878,0.9083,0.867,0.9951,126.74
C00879,0.4979,0.9503,0.9997,41.3
C00880,0.7396,1.0,0.9603,31.65
C00881,0.7253,0.0,0.9594,133.15
C00882,0.4422,0.1786,0.9946,65.97
C00883,0.8423,0.9157,0.9974,660.47
C00884,0.9101,0.9069,0.9877,325.79
C00886,0.676,0.8766,0.9959,44.18
C00887,0.9034,0.956,0.9956,177.62
C00888,0.8588,0.7405,0.9881,29.62
C00890,0.082,0.9373,0.9982,88.2
C00891,0.7979,0.0,0.9949,767.14
C00892,0.8625,0.5909,0.9973,117.4
C00893,0.9115,0.9471,0.9894,167.96
C00894,0.3848,0.9617,0.9986,331.54
C00895,0.5037,0.0,0.9811,188.39
C00896,0.4055,0.9336,0.9975,212.27
C00897,0.7596,0.0,0.8845,226.8
C00898,0.69,0.9476,0.9985,70.38
C00899,0.8776,0.0124,0.854,37.15
C00900,0.846,0.002,0.9962,119.75
C00901,0.4947,0.105,0.9569,37.91
C00902,0.8054,0.0007,0.9021,85.05
C00903,0.7868,0.818,0.9692,65.71
C00904,0.9142,0.0185,0.9082,116.58
C00905,0.7501,0.9559,0.9981,16.39
C00906,0.8471,0.9384,0.9903,51.12
C00908,0.8282,0.0006,0.9886,167.06
C00910,0.7356,0.0,0.767,100.69
C00911,0.7868,0.8824,0.9621,33.72
C00912,0.7984,0.9615,0.9999,20.4
C00913,0.5689,0.6957,0.9775,34.75
C00914,0.5036,0.002,0.9691,49.45
C00915,0.3877,1.0,0.9183,25.18
C00916,0.4352,0.0049,0.9542,78.98
C00917,0.1103,0.0556,0.992,623.65
C00918,0.6585,0.9185,0.9626,50.2
C00919,0.4747,0.0005,0.8541,46.86
C00920,0.8144,0.0009,0.8582,98.74
C00921,0.5361,0.0,0.9765,537.16
C00922,0.7889,1.0,0.9558,26.14
C00923,0.4323,0.0001,0.9467,145.91
C00924,0.4825,0.9515,0.9971,58.45
C00925,0.8483,0.9523,0.9973,82.38
C00926,0.4026,0.0151,0.9119,16.72
C00927,0.6557,0.0139,0.9602,35.31
C00928,0.8355,0.7636,0.9912,36.41
C00929,0.7733,0.6762,0.9982,13.07
C00930,0.4914,0.5622,0.9911,18.81
C00931,0.507,0.0124,0.9962,237.71
C00932,0.807,0.8126,0.9907,118.84
C00933,0.8078,0.8349,0.9819,26.01
C00934,0.8345,0.9658,0.9981,212.01
C00935,0.8373,0.7617,0.9991,38.37
C00936,0.7223,1.0,0.9429,10.87
C00937,0.6256,0.0019,0.9791,41.31
C00938,0.3787,1.0,0.9186,23.39
C00939,0.3655,0.0,0.99,192.71
C00940,0.8611,0.0003,0.9157,106.58
C00941,0.8438,0.794,0.9957,177.59
C00942,0.7726,0.9569,0.9807,67.94
C00944,0.6372,0.0,0.9247,112.01
C00945,0.4042,0.0805,0.982,37.44
C00946,0.906,0.9326,0.9987,424.53
C00947,0.3107,0.0001,0.9305,111.05
C00948,0.7817,0.0003,0.9812,58.09
C00949,0.7215,0.0,0.9773,128.99
C00950,0.8014,0.0,0.8757,252.48
C00951,0.243,0.8863,0.9994,19.11
C00952,0.7826,0.0166,0.8835,76.78
C00953,0.3801,0.0,0.9861,246.73
C00954,0.6912,0.0,0.9838,110.44
C00955,0.7735,0.5261,0.9962,52.26
C00956,0.3832,0.7032,0.9961,31.51
C00957,0.7897,0.9424,0.9651,59.51
C00958,0.8831,0.4454,0.9782,87.25
C00959,0.8205,0.9741,0.9986,502.44
C00960,0.5836,0.9669,0.997,689.84
C00961,0.7946,0.9343,0.9979,254.2
C00962,0.8767,0.2687,0.9959,37.93
C00963,0.8784,0.9748,0.9992,687.96
C00964,0.8734,0.9559,0.9963,43.25
C00965,0.5562,0.0,0.9604,308.61
C00966,0.737,0.0,0.9973,908.08
C00967,0.7169,0.0,0.9789,171.48
C00968,0.8645,0.1787,0.9742,74.65
C00969,0.9115,0.9589,0.9822,130.23
C00970,0.6085,0.9729,0.9997,105.99
C00971,0.4776,0.656,0.9937,31.53
C00972,0.8654,0.0169,0.9174,109.66
C00973,0.6663,0.8829,0.9684,51.01
C00974,0.745,1.0,0.9664,11.87
C00975,0.5748,0.9767,0.9981,757.17
C00976,0.7939,0.1129,0.9631,62.97
C00978,0.3236,0.9607,0.9996,71.04
C00979,0.4375,0.0005,0.9721,99.23
C00980,0.8466,0.7292,0.9887,86.85
C00981,0.8431,0.9741,0.997,400.31
C00982,0.8173,0.8048,0.9589,63.72
C00983,0.6601,0.9072,0.9972,23.69
C00984,0.7449,1.0,0.9526,33.35
C00985,0.6773,0.8675,0.9621,20.06
C00986,0.3737,0.9387,0.9987,80.72
C00988,0.9175,0.9741,0.9983,926.84
C00989,0.7195,0.963,0.9909,131.39
C00990,0.7892,0.1126,0.9622,35.02
C00991,0.7183,0.0001,0.9078,85.99
C00992,0.5839,0.0492,0.9607,41.34
C00993,0.4054,0.1834,0.9816,164.55
C00994,0.8173,0.6386,0.9895,231.03
C00995,0.8398,0.9126,0.9946,60.08
C00996,0.7006,0.1205,0.9803,25.22
C00997,0.6194,0.5969,0.9975,45.1
C00998,0.2519,0.5231,0.994,127.63
C00999,0.8464,0.1437,0.9728,33.17
C01000,0.7705,0.0,0.8058,318.25
C01001,0.8139,1.0,0.9625,28.9
C01002,0.8177,0.9424,0.9628,57.5
C01003,0.8796,0.922,0.9948,27.07
C01004,0.9012,0.0011,0.8468,93.57
C01005,0.8407,0.864,0.9942,260.61
C01006,0.4892,0.0268,0.998,253.11
C01007,0.833,0.4615,0.985,21.29
C01009,0.828,0.593,0.9965,73.0
C01010,0.2424,0.7386,0.9936,12.29
C01011,0.4994,0.8252,0.9988,79.56
C01012,0.8572,0.9598,0.9801,113.98
C01013,0.5057,0.9732,0.9979,1402.4
C01014,0.7107,0.2808,0.9621,13.16
C01015,0.5156,0.0004,0.9123,91.02
C01016,0.5156,0.8616,0.9953,42.25
C01017,0.6587,0.887,0.9977,362.29
C01018,0.2247,0.0802,0.9983,71.82
C01019,0.7397,0.0,0.8771,470.97
C01020,0.8478,0.0121,0.9569,81.46
C01021,0.5612,0.5824,0.9698,17.03
C01022,0.7585,0.9472,0.9969,62.36
C01023,0.4807,0.7974,0.9892,63.23
C01024,0.813,0.2782,0.9992,1307.78
C01025,0.6608,0.079,0.9914,43.99
C01026,0.3652,0.0572,0.9963,99.82
C01027,0.5518,0.9256,0.9998,165.88
C01028,0.446,0.1437,0.9903,33.84
C01029,0.7697,0.877,0.9937,89.95
C01030,0.7011,1.0,0.9478,19.32
C01032,0.6849,0.5531,0.9984,48.54
C01033,0.1811,0.0003,0.8567,44.04
C01035,0.6144,0.0001,0.9621,264.94
C01036,0.8226,0.0,0.9619,174.51
C01037,0.8139,0.8323,0.9807,103.09
C01038,0.7717,0.0004,0.9794,49.2
C01039,0.8686,0.7433,0.999,31.11
C01040,0.618,0.0258,0.9387,25.28
C01042,0.8729,0.0054,0.953,143.59
C01043,0.8563,0.8797,0.999,422.76
C01044,0.8802,0.9166,0.9975,85.14
C01045,0.6666,0.9548,0.9983,209.85
C01046,0.3345,0.0,0.9943,224.46
C01047,0.5742,0.9289,0.9977,38.43
C01048,0.7466,0.0,0.9457,418.56
C01049,0.7892,0.9463,0.996,21.97
C01050,0.6821,0.0062,0.8426,28.41
C01051,0.5045,0.9663,0.9999,159.07
C01052,0.8314,0.9623,0.9985,76.23
C01053,0.8214,0.3012,0.9831,347.87
C01054,0.8629,0.797,0.9967,600.35
C01055,0.3835,1.0,0.9177,16.4
C01056,0.8602,0.9549,0.9961,198.62
C01057,0.8139,0.9484,0.9874,127.13
C01058,0.727,0.0214,0.9661,23.09
C01059,0.3581,0.0,0.9411,100.84
C01060,0.7294,0.2657,0.9977,150.42
C01061,0.7741,0.9147,0.9998,43.06
C01062,0.1255,0.8287,0.9981,14.79
C01063,0.5325,0.0188,0.9976,264.24
C01064,0.7886,0.0973,0.953,193.1
C01065,0.848,0.1056,0.8492,70.56
C01066,0.4352,0.8237,0.9979,24.56
C01067,0.7481,0.0021,0.9707,43.51
C01069,0.345,0.0,0.8024,241.74
C01070,0.7994,0.3398,0.9685,32.95
C01071,0.7106,1.0,0.9494,35.36
C01073,0.7459,0.0,0.9531,431.48
C01074,0.6293,0.0572,0.9908,150.47
C01075,0.4965,1.0,0.8955,33.48
C01076,0.8226,0.9688,0.9951,81.82
C01077,0.6928,0.0003,0.9733,252.82
C01078,0.1937,0.9748,0.9999,243.02
C01079,0.9071,0.9467,0.9936,56.49
C01080,0.2317,0.0,0.9008,56.98
C01081,0.906,0.9645,0.9918,225.75
C01082,0.7912,0.9489,0.9984,377.38
C01083,0.7585,0.6345,0.9937,58.92
C01084,0.4634,0.4629,0.9982,49.09
C01085,0.6094,0.0307,0.9638,50.99
C01086,0.6158,0.9317,0.9657,43.98
C01087,0.6416,0.0203,0.9035,109.22
C01088,0.7386,0.0,0.8502,91.08
C01089,0.6601,0.9398,0.9982,665.4
C01090,0.117,0.0392,0.9838,75.81
C01091,0.5706,0.8693,0.9962,27.21
C01092,0.897,0.7416,0.9641,49.35
C01093,0.5638,0.9238,0.9994,1413.11
C01094,0.3839,0.9439,0.9998,16.02
C01095,0.4079,0.3384,0.9719,37.01
C01096,0.3992,0.258,0.9514,63.2
C01097,0.4196,0.1046,0.9852,36.95
C01098,0.8452,0.6382,0.9952,210.69
C01099,0.8099,0.1153,0.9195,61.27
C01100,0.5533,0.7897,0.9923,27.16
C01101,0.477,0.9608,0.9977,149.55
C01102,0.603,0.7867,0.984,36.9
C01103,0.8648,0.9351,0.9961,214.1
C01104,0.1323,0.9348,0.9993,48.57
C01105,0.7515,0.0,0.9653,126.64
C01106,0.8284,0.0389,0.8702,82.73
C01107,0.745,0.9241,0.9984,257.43
C01108,0.6649,0.7504,0.9983,280.87
C01109,0.8741,0.9359,0.9967,210.92
C01110,0.9078,0.0002,0.8171,107.1
C01111,0.3802,0.8578,0.9993,12.4
C01112,0.5958,0.737,0.9978,15.5
C01113,0.8101,0.9456,0.996,35.77
C01114,0.9186,0.0121,0.9942,164.6
C01115,0.8589,0.9661,0.9992,101.26
C01116,0.5153,0.0,0.9912,268.35
C01117,0.6024,0.9198,0.9813,69.27
C01118,0.7332,0.8989,0.9989,150.3
C01119,0.3823,0.875,0.9994,15.09
C01120,0.7162,0.0074,0.9397,33.59
C01121,0.4661,0.0748,0.9955,60.21
C01122,0.607,0.6527,0.9921,67.28
C01123,0.7889,0.9569,0.9792,76.79
C01125,0.7207,0.898,0.9992,47.86
C01126,0.8202,0.9829,0.9999,400.12
C01127,0.2431,0.0004,0.9791,157.17
C01128,0.127,0.6489,0.9962,48.39
C01129,0.9117,0.4365,0.9691,72.62
C01130,0.8209,0.9773,0.9972,1026.43
C01131,0.5835,0.9783,0.999,2123.12
C01132,0.7266,0.9773,0.9989,375.14
C01133,0.5779,0.392,0.9992,114.42
C01134,0.635,0.5571,0.9931,2117.58
C01135,0.2252,0.005,0.9928,163.63
C01136,0.8173,0.7382,0.9799,89.71
C01137,0.8571,0.9488,0.9929,181.94
C01138,0.4676,0.0002,0.9961,282.5
C01139,0.5561,0.0004,0.9938,411.57
C01140,0.3983,0.2607,0.988,65.41
C01141,0.8284,0.8413,0.9965,112.75
C01142,0.807,0.876,0.9855,49.78
C01143,0.7136,0.0,0.9805,71.76
C01144,0.8553,0.5347,0.9671,9.75
C01146,0.44,0.0014,0.995,106.97
C01148,0.6752,0.0002,0.9323,91.93
C01149,0.6143,0.0016,0.9962,129.98
C01150,0.4098,0.4036,0.9893,22.58
C01151,0.6495,0.0,0.8989,166.95
C01152,0.8464,0.9377,0.9927,52.05
C01153,0.5344,0.0,0.9817,195.77
C01154,0.495,0.0056,0.9955,127.15
C01156,0.807,0.9234,0.9897,46.81
C01157,0.8173,0.429,0.9609,94.28
C01158,0.7545,0.8235,0.9883,54.85
C01159,0.8135,0.9394,0.9954,27.86
C01160,0.7573,0.557,0.9974,24.91
C01161,0.4273,0.5037,0.9992,197.88
C01162,0.8076,0.7201,0.9957,115.41
C01163,0.8006,0.9671,0.998,371.46
C01164,0.8743,0.9612,0.9986,105.69
C01165,0.4373,0.135,0.9937,33.54
C01166,0.9162,0.8127,0.9856,72.55
C01167,0.7565,0.0005,0.7932,47.51
C01168,0.8244,0.9364,0.9981,77.29
C01170,0.5026,0.3362,0.9944,33.83
C01171,0.7224,0.1715,0.9933,26.66
C01172,0.6912,1.0,0.9609,30.78
C01173,0.7925,0.0363,0.9272,24.41
C01174,0.2368,0.0129,0.7797,52.22
C01176,0.6455,0.2873,0.9907,76.92
C01177,0.8422,1.0,0.9656,30.94
C01178,0.6514,1.0,0.9543,6.31
C01179,0.6717,0.8077,0.9936,76.44
C01180,0.9101,0.8812,0.9926,109.18
C01181,0.6622,0.0,0.9951,519.97
C01182,0.6219,0.0,0.9494,99.17
C01183,0.7984,0.9213,0.9976,130.1
C01185,0.7432,0.0137,0.9045,51.26
C01186,0.893,0.9341,0.9985,629.74
C01187,0.8246,0.9559,0.9704,66.3
C01188,0.4388,0.9577,1.0,21.15
C01189,0.6747,0.9247,0.9996,2268.08
C01190,0.7745,1.0,0.9514,35.88
C01191,0.906,0.9364,0.9972,737.1
C01192,0.4404,0.0217,0.9885,83.33
C01193,0.5628,0.9079,0.9998,156.13
C01194,0.3682,0.0,0.9834,321.07
C01195,0.7737,0.9525,0.9997,18.57
C01196,0.6328,0.0035,0.946,136.92
C01197,0.7498,0.9535,0.994,109.95
C01198,0.496,0.0117,0.7677,50.65
C01199,0.7985,0.8575,0.9972,431.32
C01200,0.5992,0.9463,0.9993,118.26
C01201,0.4605,0.8757,0.9979,97.3
C01202,0.6373,0.5769,0.99,497.8
C01203,0.8085,0.201,0.9785,142.62
C01204,0.3936,0.3315,0.9808,29.74
C01206,0.5947,0.1453,0.9079,26.61
C01207,0.9114,0.0001,0.9673,104.41
C01208,0.8025,0.8248,0.9907,87.9
C01209,0.3932,1.0,0.9305,12.7
C01210,0.8085,0.9458,0.967,49.33
C01211,0.807,0.9559,0.9701,71.86
C01212,0.7726,0.6299,0.9502,36.3
C01213,0.1334,0.8359,0.9988,56.58
C01214,0.2249,0.8999,0.9977,8.75
C01215,0.6527,0.9455,0.9991,83.52
C01216,0.7286,0.0001,0.9738,121.87
C01217,0.6071,0.0,0.9493,158.68
C01218,0.1712,0.9185,0.9993,204.47
C01219,0.8272,1.0,0.9605,33.57
C01220,0.6583,0.8432,0.988,23.02
C01222,0.8524,0.0705,0.9706,64.76
C01223,0.8211,0.7433,0.9951,86.16
C01224,0.7903,0.3901,0.9548,18.49
C01225,0.5418,0.0,0.9956,205.39
C01226,0.8865,0.4425,0.9777,87.35
C01227,0.8695,0.1789,0.9294,27.25
C01228,0.5209,0.7099,0.9952,82.43
C01229,0.8502,0.1046,0.9548,65.44
C01230,0.7498,0.3444,0.9801,48.38
C01231,0.9161,0.9682,0.9975,199.22
C01232,0.7726,1.0,0.9583,19.88
C01234,0.6576,0.1386,0.9902,274.28
C01235,0.6009,0.0523,0.9766,72.24
C01236,0.8189,0.9591,0.9977,94.38
C01237,0.7899,0.9452,0.9964,29.29
C01239,0.616,0.9503,0.9731,36.65
C01240,0.2205,0.0006,0.9732,52.08
C01241,0.8886,0.0031,0.9165,68.25
C01242,0.4843,0.9483,0.9964,41.46
C01243,0.3424,0.0002,0.9558,105.23
C01244,0.5544,0.4912,0.9942,40.93
C01245,0.8456,1.0,0.9612,31.06
C01246,0.5988,0.0036,0.9743,57.27
C01247,0.6333,0.062,0.96,41.95
C01248,0.7029,0.8311,0.9996,27.82
C01250,0.899,0.0014,0.9786,297.34
C01251,0.8851,0.9682,0.9964,81.1
C01252,0.8205,0.8961,0.9869,44.91
C01253,0.6158,0.9534,0.9961,276.78
C01254,0.4217,0.946,0.9984,27.51
C01255,0.7242,0.6121,0.9991,26.44
C01256,0.6781,0.9023,0.9976,27.88
C01257,0.8644,0.0,0.9604,267.41
C01258,0.8018,0.0012,0.9957,506.16
C01259,0.7444,0.6124,0.9994,84.65
C01260,0.7745,0.9507,0.9999,207.82
C01261,0.9071,0.9248,0.9925,222.14
C01262,0.6588,0.0071,0.9762,643.26
C01263,0.3766,1.0,0.9218,15.88
C01264,0.2157,0.0056,0.9814,67.08
C01265,0.8395,0.8892,0.9614,48.8
C01266,0.4702,0.7106,0.9916,64.77
C01267,0.8541,0.7834,0.9879,19.4
C01268,0.2069,0.8451,0.9986,257.69
C01270,0.4387,0.9252,0.9996,21.41
C01271,0.4296,0.0022,0.98,91.39
C01272,0.4944,0.0,0.9546,420.92
C01273,0.8503,0.5966,0.9758,15.87
C01274,0.8741,0.9729,0.9981,271.61
C01275,0.9099,0.0729,0.9722,120.61
C01276,0.7545,0.6856,0.9801,29.95
C01277,0.6354,0.9823,0.9999,3833.37
C01278,0.8363,0.4586,0.9909,77.42
C01279,0.7112,0.0009,0.982,40.03
C01280,0.5388,0.0015,0.9918,216.05
C01281,0.8666,0.0012,0.9472,37.58
C01282,0.7712,0.9607,0.9935,131.24
C01283,0.3858,1.0,0.9357,14.34
C01284,0.7224,0.9293,0.9979,110.84
C01286,0.6611,0.2198,0.9892,26.78
C01288,0.5499,0.4938,0.9878,33.63
C01289,0.8096,0.7833,0.9733,31.98
C01291,0.1894,0.0271,0.8712,25.09
C01292,0.8096,0.9486,0.9688,43.48
C01293,0.5798,0.9575,0.9968,163.34
C01294,0.7173,0.1364,0.9823,47.09
C01295,0.9112,0.9563,0.9983,423.6
C01296,0.8165,0.9733,0.9973,417.3
C01297,0.6084,0.5657,0.9676,27.85
C01298,0.7726,0.9598,0.9814,92.31
C01299,0.6773,1.0,0.9613,16.13
C01300,0.3643,0.0223,0.9983,426.44
C01301,0.5151,0.4628,0.9868,84.95
C01302,0.277,0.0,0.8335,123.96
C01303,0.8591,0.7368,0.992,71.51
C01304,0.8784,0.9589,0.9939,23.49
C01305,0.7808,0.9737,0.9956,214.69
C01307,0.1563,0.047,0.9952,89.07
C01308,0.7216,0.1122,0.9653,36.76
C01309,0.8139,0.9101,0.9873,38.28
C01310,0.2371,0.725,0.9993,42.39
C01311,0.7863,0.944,0.98,103.25
C01312,0.7633,0.0,0.9263,152.18
C01314,0.4875,0.8049,0.9996,50.38
C01315,0.5646,0.0002,0.9981,121.8
C01316,0.7163,1.0,0.9567,26.95
C01317,0.5176,0.0,0.9972,303.93
C01318,0.8524,0.1045,0.9857,138.1
C01319,0.4383,0.0001,0.9866,197.25
C01320,0.6749,0.016,0.9487,41.42
C01321,0.791,0.0853,0.9508,71.35
C01322,0.868,0.9435,0.9962,80.43
C01323,0.2987,0.9665,0.9995,111.66
C01324,0.4085,1.0,0.9289,35.29
C01325,0.8059,0.0876,0.9468,35.11
C01326,0.8139,0.8325,0.9685,50.92
C01327,0.7998,0.8703,0.9942,53.45
C01328,0.618,0.9671,0.9996,50.75
C01329,0.5419,0.7339,0.9957,231.38
C01330,0.6657,0.921,0.9958,206.05
C01331,0.876,0.9215,0.9902,200.58
C01332,0.7726,0.8509,0.9892,89.02
C01333,0.5831,0.0,0.9864,568.52
C01334,0.5426,0.1268,0.9922,43.93
C01335,0.6762,0.9015,0.9846,163.08
C01336,0.4508,0.9237,0.9994,921.66
C01337,0.5701,0.0574,0.9974,61.26
C01338,0.8424,0.9493,0.9967,40.23
C01339,0.3913,0.9718,0.9995,210.98
C01340,0.2383,0.0421,0.8284,29.59
C01341,0.8392,0.0,0.7912,110.39
C01342,0.8789,0.0016,0.974,192.17
C01343,0.7498,1.0,0.9603,30.65
C01344,0.527,0.9658,0.9971,107.19
C01345,0.2946,0.6888,0.9886,18.64
C01346,0.4047,0.943,1.0,19.04
C01347,0.4889,0.0,0.9769,124.77
C01348,0.5091,0.0822,0.9917,93.98
C01350,0.0541,0.1335,0.9507,65.03
C01351,0.8264,0.9323,0.9953,25.48
C01352,0.718,0.0012,0.9647,42.94
C01353,0.8911,0.9658,0.9908,258.42
C01354,0.2828,0.0015,0.9627,157.03
C01355,0.6723,0.3998,0.9724,66.83
C01356,0.7415,0.9502,0.992,93.27
C01357,0.7572,0.0674,0.9748,73.13
C01358,0.3754,0.0002,0.8353,117.82
C01359,0.7324,0.7379,0.9972,197.14
C01360,0.7155,0.0283,0.9472,105.72
C01361,0.7157,0.5711,0.9892,11.53
C01362,0.28,0.5661,0.9775,23.0
C01363,0.3937,1.0,0.9377,17.77
C01364,0.6707,0.952,0.9911,61.47
C01365,0.897,0.9607,0.9874,201.14
C01367,0.3006,0.9413,0.9976,112.05
C01368,0.2924,0.3568,0.9454,39.72
C01369,0.8862,0.963,0.9874,179.34
C01370,0.82,0.5126,0.9875,50.73
C01371,0.4357,0.0618,0.9966,65.95
C01372,0.8835,0.0091,0.9915,110.27
C01373,0.5986,0.9397,0.9992,356.32
C01374,0.6663,0.9403,0.979,47.76
C01376,0.598,0.0593,0.8704,57.37
C01377,0.2433,0.8243,0.9985,219.43
C01378,0.6546,0.952,0.9978,178.7
C01379,0.6212,0.2757,0.9969,27.69
C01380,0.8357,0.4991,0.9935,116.74
C01381,0.4005,1.0,0.936,10.4
C01382,0.8173,0.8356,0.9685,87.9
C01383,0.51,0.9301,0.9998,56.24
C01384,0.8495,0.9598,0.9865,103.99
C01385,0.514,0.9748,0.9999,157.61
C01386,0.6311,0.0647,0.9771,56.31
C01387,0.5916,0.1662,0.9923,53.23
C01388,0.9033,0.9572,0.9986,41.37
C01389,0.6121,0.0039,0.9408,47.69
C01390,0.8085,0.9741,0.9996,134.24
C01391,0.6684,0.9793,0.9998,661.91
C01392,0.8296,0.5147,0.9742,6.66
C01393,0.7546,0.9658,0.9978,127.58
C01394,0.8251,0.0,0.9659,358.57
C01396,0.4888,0.9698,0.9957,184.33
C01397,0.8125,1.0,0.943,35.33
C01398,0.8761,0.6098,0.9995,23.83
C01399,0.4172,0.8769,0.9973,47.01
C01400,0.5951,0.0,0.9906,134.08
C01401,0.7005,0.9425,0.9977,42.2
C01402,0.7973,0.0255,0.9584,46.94
C01403,0.7498,1.0,0.9642,10.78
C01404,0.6577,0.0,0.8826,218.49
C01405,0.6084,0.4064,0.9809,52.22
C01406,0.6065,0.0015,0.9532,77.47
C01407,0.6395,0.0001,0.9577,96.61
C01408,0.8911,0.9682,0.9955,270.35
C01409,0.2705,0.8604,0.9994,576.59
C01410,0.8766,0.0058,0.936,58.87
C01411,0.5525,0.0,0.9662,90.83
C01412,0.698,0.868,0.9997,46.41
C01413,0.8173,1.0,0.9618,36.28
C01414,0.8085,1.0,0.9647,29.25
C01415,0.4172,0.0005,0.8913,68.76
C01416,0.4425,0.7249,0.9988,31.31
C01417,0.8223,1.0,0.9539,20.22
C01418,0.5128,0.7466,0.998,20.9
C01419,0.6395,0.9525,0.9917,51.92
C01420,0.713,0.2795,0.9925,27.44
C01421,0.7863,0.9463,0.9907,49.42
C01422,0.8516,0.8866,0.9938,58.2
C01423,0.6513,0.9489,0.9969,63.91
C01424,0.8572,0.9126,0.9965,654.59
C01425,0.4324,0.0719,0.9958,38.75
C01426,0.6185,0.4482,0.9913,22.11
C01427,0.6633,0.83,0.9997,15.71
C01428,0.8214,0.9389,0.9969,64.58
C01429,0.5641,0.9558,0.9994,121.06
C01430,0.4965,1.0,0.8937,33.78
C01432,0.8059,0.0,0.9422,523.29
C01433,0.2665,0.0729,0.9893,65.4
C01434,0.7396,0.095,0.9442,21.68
C01435,0.6429,0.9548,0.9658,59.2
C01436,0.7593,0.9611,0.9996,63.95
C01437,0.9071,0.94,0.9975,231.72
C01438,0.906,0.963,0.9967,207.81
C01439,0.7074,0.0,0.9643,547.47
C01440,0.5424,0.9076,0.9983,496.28
C01442,0.8,0.0266,0.9559,284.01
C01443,0.8096,1.0,0.9575,22.58
C01444,0.0918,0.0086,0.9742,63.15
C01445,0.6527,0.8557,0.9936,101.56
C01446,0.2103,0.944,0.9979,52.15
C01447,0.8144,0.2899,0.9906,206.61
C01448,0.5061,0.8759,0.998,497.29
C01449,0.7685,0.2237,0.9907,34.37
C01451,0.5172,0.5298,0.9964,266.19
C01452,0.6833,0.0016,0.9643,75.62
C01454,0.9247,0.9758,0.9973,550.8
C01455,0.8725,0.0515,0.9837,331.64
C01456,0.4525,0.0937,0.8711,39.81
C01457,0.8725,0.7039,0.9926,71.54
C01458,0.8372,0.9259,0.9965,65.9
C01459,0.7902,0.0,0.9594,93.6
C01460,0.8554,0.9113,0.9958,192.0
C01461,0.5163,0.0,0.9918,121.04
C01462,0.7081,0.9637,0.995,154.51
C01463,0.8946,0.8686,0.9879,141.64
C01464,0.6136,0.618,0.9894,57.43
C01465,0.8241,0.7908,0.9985,371.59
C01466,0.2547,0.7075,0.9982,131.11
C01467,0.585,0.0089,0.9732,42.4
C01468,0.5824,0.2546,0.9446,34.93
C01469,0.8173,1.0,0.9592,35.73
C01470,0.8911,0.9623,0.9952,159.63
C01471,0.897,0.8576,0.9766,70.28
C01472,0.508,1.0,0.9079,24.77
C01473,0.3014,0.0015,0.9937,132.68
C01474,0.8861,0.488,0.9906,56.07
C01475,0.8144,0.916,0.9897,96.45
C01476,0.3185,0.9042,0.9998,33.8
C01477,0.5606,0.0,0.9363,152.01
C01478,0.6673,0.2628,0.9332,61.4
C01479,0.8135,0.9366,0.9978,110.88
C01480,0.8395,0.9638,0.9953,133.98
C01481,0.6115,0.0,0.8059,155.28
C01482,0.3857,0.9139,0.9981,39.52
C01483,0.7656,0.0751,0.9829,30.09
C01484,0.8739,0.4572,0.98,85.61
C01485,0.8442,0.4208,0.9568,43.83
C01486,0.5968,0.9676,0.9975,318.07
C01487,0.8432,0.0001,0.9635,64.69
C01488,0.5427,0.9693,0.9998,975.64
C01489,0.9242,0.4082,0.9974,20.8
C01490,0.8282,0.9553,0.9978,648.83
C01491,0.536,0.2893,0.9663,39.67
C01492,0.5962,0.9596,0.9999,421.22
C01493,0.6527,0.9419,0.991,41.6
C01494,0.7984,0.5955,0.9964,249.91
C01495,0.8173,0.5434,0.9939,270.67
C01496,0.3615,1.0,0.919,34.3
C01497,0.9062,0.2241,0.9955,27.55
C01498,0.575,0.0001,0.983,145.91
C01499,0.7903,0.0239,0.9607,61.59
C01500,0.6366,0.9356,0.9974,139.56
C01501,0.7596,0.0001,0.9618,123.7
C01502,0.8189,0.9688,0.9982,252.42
C01503,0.8039,0.9165,0.995,120.07
C01504,0.8946,0.9569,0.9989,351.82
C01505,0.4296,0.0909,0.9975,199.75
C01506,0.47,0.6835,0.995,56.77
C01507,0.903,0.0014,0.9529,49.47
C01508,0.8122,0.963,0.9951,135.46
C01509,0.7709,0.724,0.9939,32.32
C01510,0.4454,0.0303,0.9764,92.97
C01511,0.0909,0.015,0.9134,38.58
C01512,0.7376,1.0,0.9481,30.45
C01513,0.4708,0.1426,0.9812,35.93
C01514,0.6952,0.9548,0.966,55.54
C01515,0.4563,0.95,0.996,177.89
C01516,0.6316,0.0001,0.9305,96.44
C01517,0.6707,0.5818,0.9789,37.03
C01518,0.4595,0.0136,0.9966,233.62
C01519,0.1634,0.9748,0.9995,262.96
C01520,0.6663,0.9497,0.9887,112.03
C01521,0.6655,0.8911,0.983,103.62
C01522,0.6385,0.0343,0.9654,83.78
C01523,0.5217,0.9199,0.9976,232.08
C01524,0.8144,1.0,0.9428,23.7
C01525,0.8171,0.9521,0.9952,48.54
C01526,0.7752,0.4854,0.9931,29.42
C01527,0.7841,0.5584,0.995,33.0
C01528,0.8638,0.0268,0.9682,104.36
C01530,0.8519,0.0,0.9626,64.43
C01531,0.7775,0.0,0.9075,112.48
C01532,0.7946,0.8677,0.9611,46.58
C01533,0.9175,0.9693,0.9975,402.77
C01534,0.7386,0.8924,0.9953,13.34
C01535,0.8155,0.9634,0.9966,130.16
C01536,0.6891,0.0008,0.7664,69.18
C01537,0.6642,1.0,0.9519,23.77
C01538,0.0716,0.0301,0.813,37.33
C01539,0.4395,0.8878,0.9979,45.07
C01540,0.3144,0.9203,0.9991,262.81
C01541,0.477,0.0,0.9897,394.04
C01542,0.8085,1.0,0.9506,32.28
C01543,0.5485,0.0,0.9781,311.84
C01544,0.6286,0.4126,0.9977,83.91
C01545,0.3977,0.4406,0.9763,17.51
C01546,0.8911,0.9546,0.9936,71.28
C01547,0.6214,0.4775,0.9958,16.04
C01548,0.4505,0.0183,0.9881,58.76
C01549,0.6773,0.9579,0.9924,72.54
C01550,0.6264,0.0,0.9415,97.26
C01552,0.6251,0.0,0.9661,185.23
C01553,0.8126,0.0002,0.9558,48.52
C01554,0.7033,0.4341,0.9974,173.88
C01555,0.6954,0.6453,0.9764,17.69
C01556,0.8085,0.9559,0.9743,87.49
C01557,0.6648,1.0,0.9634,27.54
C01558,0.7838,0.0021,0.9443,79.74
C01560,0.7574,0.7639,0.9919,58.32
C01561,0.8398,0.0002,0.8976,146.7
C01562,0.7001,0.0,0.9751,89.08
C01563,0.2884,0.0002,0.9071,89.0
C01564,0.5311,0.8915,0.9986,56.19
C01565,0.3293,0.8789,0.996,17.96
C01566,0.5966,0.0077,0.9312,49.0
C01567,0.3591,0.7411,0.9875,14.5
C01568,0.5301,0.8117,0.9949,20.17
C01569,0.651,0.9496,0.9998,113.4
C01570,0.4897,0.0,0.9481,178.29
C01571,0.9071,0.9548,0.9663,55.38
C01572,0.9112,0.9698,0.998,692.14
C01573,0.9147,0.9325,0.995,150.41
C01574,0.5939,0.9053,0.995,81.2
C01575,0.8019,0.9562,0.997,53.7
C01576,0.6429,0.8129,0.9907,117.62
C01577,0.8572,0.8677,0.9605,35.09
C01578,0.8312,0.0157,0.9878,57.33
C01579,0.838,0.0011,0.9962,273.83
C01580,0.6527,1.0,0.9615,33.93
C01581,0.7327,0.9615,0.9914,57.03
C01582,0.8946,0.9511,0.9948,131.97
C01583,0.4769,1.0,0.9173,19.8
C01584,0.7291,0.3744,0.9995,986.37
C01585,0.7466,0.9311,0.9987,37.4
C01586,0.8784,0.8578,0.9644,19.25
C01587,0.7904,0.0049,0.96,36.52
C01588,0.8302,0.5672,0.9846,30.44
C01589,0.4741,0.9665,0.9986,47.87
C01590,0.8349,0.8139,0.9941,185.52
C01591,0.8784,0.9787,0.9997,1847.41
C01592,0.6952,0.3968,0.9586,48.36
C01593,0.3325,0.6683,0.9958,58.91
C01594,0.5747,0.001,0.9766,85.81
C01595,0.8327,0.7692,0.9931,36.23
C01596,0.8272,0.9201,0.9664,39.58
C01597,0.2658,0.0227,0.7542,50.85
C01598,0.8104,1.0,0.9447,12.83
C01599,0.6486,0.1442,0.9114,61.64
C01600,0.5259,0.9305,0.998,15.73
C01601,0.3078,0.9748,0.9999,405.95
C01602,0.6648,0.8993,0.9871,43.47
C01603,0.8205,0.9437,0.9815,123.88
C01604,0.5448,0.0001,0.9758,114.52
C01605,0.3,0.9067,0.9963,209.87
C01606,0.5362,0.0006,0.9978,483.29
C01607,0.7022,0.9316,0.9997,108.45
C01608,0.6488,0.0008,0.9838,59.81
C01609,0.8957,1.0,0.9588,26.82
C01610,0.5128,0.0,0.9703,159.14
C01611,0.453,0.7944,0.9991,17.94
C01613,0.6748,0.9671,0.9941,262.96
C01614,0.8177,0.9424,0.9891,35.63
C01615,0.8553,0.9368,0.9895,37.3
C01616,0.4257,0.0,0.9419,277.74
C01617,0.8855,0.9442,0.9956,28.86
C01618,0.5035,1.0,0.9071,16.71
C01619,0.6587,1.0,0.9612,29.99
C01620,0.8086,0.8809,0.9959,94.11
C01621,0.8127,0.8512,0.9739,62.4
C01622,0.4637,0.5496,0.996,167.02
C01623,0.6642,0.7547,0.987,60.67
C01624,0.5022,0.3857,0.9714,35.89
C01625,0.7011,0.0,0.9659,618.35
C01626,0.6642,0.9089,0.9935,329.99
C01627,0.7699,0.0,0.9972,586.2
C01628,0.906,0.9598,0.9841,70.1
C01629,0.8085,0.9559,0.9715,77.68
C01630,0.8155,0.536,0.9846,28.9
C01631,0.3021,0.0096,0.9198,67.96
C01632,0.1964,0.0182,0.9021,85.38
C01633,0.7181,0.0001,0.9957,181.77
C01634,0.2677,0.0384,0.9945,167.19
C01635,0.6923,0.0,0.915,234.38
C01636,0.7889,1.0,0.9622,29.51
C01637,0.4731,0.0484,0.9297,92.01
C01638,0.62,0.2215,0.9992,66.82
C01639,0.4702,0.9129,0.9995,60.11
C01640,0.8484,0.0778,0.9512,88.14
C01641,0.7905,1.0,0.9637,14.81
C01642,0.7579,0.9693,0.9981,252.08
C01643,0.4901,0.9885,0.9997,1105.36
C01644,0.3787,0.0641,0.9682,39.27
C01645,0.8173,1.0,0.9539,35.57
C01647,0.678,0.0001,0.9827,157.51
C01648,0.5104,0.0,0.9598,1449.65
C01649,0.8586,0.045,0.9633,87.79
C01650,0.4696,0.6876,0.9951,165.8
C01651,0.8173,0.9261,0.9855,194.01
C01653,0.7937,0.0,0.9519,238.65
C01654,0.4085,1.0,0.9295,35.1
C01655,0.3028,0.0818,0.993,36.27
C01656,0.6429,1.0,0.9545,9.37
C01657,0.8903,0.9454,1.0,13.3
C01658,0.8287,0.0336,0.9934,132.18
C01659,0.5972,0.2185,0.9192,21.89
C01660,0.7634,0.8538,0.999,375.02
C01661,0.8104,0.9374,0.9884,47.73
C01662,0.8149,0.9484,0.9979,273.79
C01664,0.6824,0.8696,0.9967,45.17
C01665,0.8586,0.3052,0.9733,95.25
C01666,0.9038,0.1541,0.9827,32.85
C01667,0.7785,0.9242,0.9968,121.45
C01668,0.7757,0.9607,0.998,204.79
C01669,0.7665,0.1342,0.8866,24.89
C01670,0.6563,1.0,0.946,14.76
C01671,0.4341,0.933,0.9989,280.14
C01672,0.4234,0.915,0.9999,12.56
C01674,0.8426,0.0093,0.9868,78.26
C01675,0.5434,0.0,0.9608,350.19
C01676,0.783,0.1322,0.9936,45.79
C01677,0.8595,0.0188,0.9763,376.61
C01678,0.8883,0.0425,0.9406,66.34
C01679,0.5662,0.9586,0.9968,58.4
C01680,0.8671,0.0667,0.8951,112.88
C01681,0.4582,0.1815,0.9846,32.46
C01682,0.6743,0.0509,0.9782,71.37
C01683,0.8387,0.9292,0.9964,66.9
C01684,0.3833,0.3537,0.9759,24.03
C01685,0.6334,0.6685,0.9852,28.14
C01686,0.7776,1.0,0.9453,18.89
C01687,0.8052,0.789,0.9926,39.24
C01688,0.4753,0.007,0.9984,132.17
C01689,0.437,0.0042,0.9965,396.43
C01690,0.8447,0.0864,0.8769,32.45
C01692,0.7687,0.0,0.9445,181.75
C01693,0.8272,0.9435,0.997,80.12
C01694,0.7605,0.13,0.9893,45.4
C01695,0.8609,0.9438,0.9922,78.01
C01697,0.6028,0.0008,0.7551,67.85
C01698,0.6489,0.0,0.9724,922.13
C01699,0.1417,0.9317,0.9981,72.7
C01700,0.5421,0.0001,0.8122,48.78
C01701,0.7168,0.9289,0.996,75.79
C01702,0.7007,0.0006,0.8032,34.04
C01703,0.8231,0.919,0.9974,48.16
C01704,0.8205,0.9791,0.9998,191.99
C01705,0.7965,0.9317,0.966,56.83
C01706,0.7889,0.8736,0.9826,26.66
C01707,0.7467,0.0001,0.9845,176.99
C01708,0.6262,0.3122,0.9629,25.76
C01709,0.8484,0.8886,0.9813,105.24
C01710,0.8911,1.0,0.9612,34.81
C01711,0.6552,0.9412,0.9951,131.83
C01712,0.7042,0.0774,0.9986,244.7
C01713,0.4476,0.049,0.9671,47.63
C01714,0.7726,1.0,0.9604,25.75
C01715,0.8315,0.8732,0.9651,50.51
C01716,0.8525,0.9526,0.9968,73.43
C01717,0.8484,0.9598,0.9856,182.19
C01718,0.8104,1.0,0.9511,20.32
C01719,0.7518,0.0001,0.786,86.17
C01720,0.4272,0.969,0.9995,375.96
C01721,0.8421,0.0057,0.9581,122.33
C01722,0.7173,0.8594,0.9971,435.1
C01723,0.9175,0.9712,0.9979,218.38
C01724,0.3999,0.9847,0.9998,845.17
C01725,0.5432,0.779,0.9942,40.4
C01726,0.6726,0.0001,0.9914,235.83
C01727,0.8013,0.8128,0.994,98.9
C01728,0.3034,0.0525,0.9456,31.14
C01729,0.6865,1.0,0.9504,8.12
C01730,0.5284,0.0,0.9938,368.68
C01732,0.402,0.0,0.9749,133.5
C01733,0.8351,0.9645,0.9971,93.36
C01734,0.4326,0.7095,0.9866,28.95
C01735,0.4081,0.9498,0.9977,191.89
C01736,0.8139,0.951,0.9782,33.3
C01737,0.8922,0.9628,0.9999,41.05
C01738,0.8553,0.9721,0.9975,733.79
C01740,0.4494,0.3222,0.9934,137.47
C01741,0.474,0.6569,0.9822,11.81
C01742,0.8173,0.8318,0.9867,234.32
C01743,0.8695,0.9755,0.9987,832.42
C01744,0.2094,0.0675,0.8888,59.66
C01745,0.7366,0.8732,0.9998,27.19
C01746,0.6125,0.9421,0.9998,112.46
C01747,0.4587,0.0,0.9723,180.77
C01748,0.551,0.0,0.964,297.19
C01749,0.883,0.9003,0.9851,131.41
C01750,0.764,0.0,0.9499,308.42
C01751,0.9161,1.0,0.9597,33.5
C01754,0.5104,0.9283,0.9977,3626.54
C01755,0.8486,0.9544,0.997,260.15
C01756,0.7297,0.7432,0.9958,31.78
C01757,0.8364,0.9437,0.9968,33.45
C01759,0.8781,0.3829,0.9948,30.44
C01760,0.7447,0.8643,0.9914,14.34
C01761,0.8561,0.226,0.9513,16.19
C01762,0.8036,0.8086,0.9929,47.57
C01763,0.8144,0.0,0.9724,973.52
C01764,0.7367,0.0446,0.9266,34.87
C01765,0.5939,0.1393,0.9979,76.36
C01766,0.5486,0.0,0.9408,203.88
C01767,0.7431,0.9607,0.9987,110.73
C01768,0.7453,0.0,0.9522,316.75
C01769,0.7498,0.9081,0.9953,186.36
C01770,0.6087,0.7406,0.999,28.19
C01773,0.7726,0.8557,0.9609,41.39
C01774,0.6514,0.9638,0.997,215.73
C01775,0.8826,0.9451,0.9882,177.51
C01776,0.6017,0.003,0.8024,72.62
C01777,0.7616,0.0132,0.9964,119.69
C01779,0.8372,0.6803,0.9959,48.78
C01780,0.5676,0.943,0.9994,169.84
C01781,0.8387,0.9382,0.9971,106.16
C01782,0.4277,0.4095,0.9963,20.93
C01783,0.8173,0.9376,0.9675,66.27
C01784,0.5262,0.0075,0.8744,73.97
C01786,0.4669,1.0,0.8951,34.95
C01787,0.1093,0.1343,0.9871,23.59
C01788,0.6527,0.8809,0.9631,27.81
C01789,0.446,0.2495,0.9939,23.51
C01790,0.8095,0.0,0.935,361.4
C01791,0.8557,0.0453,0.9677,40.36
C01792,0.8308,0.9589,0.9778,103.3
C01793,0.6519,0.986,0.9996,1763.2
C01794,0.8279,0.0002,0.9649,355.94
C01795,0.571,0.9607,0.9977,43.33
C01796,0.5451,0.0039,0.9919,232.86
C01797,0.7529,0.0,0.9817,83.23
C01798,0.5509,0.7372,0.9927,117.91
C01799,0.8085,0.945,0.9781,93.7
C01800,0.8085,0.3882,0.9819,127.6
C01801,0.5729,0.9583,0.9983,29.7
C01802,0.3316,0.1419,0.9751,35.61
C01803,0.5477,0.9613,0.9996,91.33
C01804,0.5994,1.0,0.9482,9.17
C01805,0.8356,0.0,0.8425,72.17
C01806,0.3992,0.1033,0.9982,102.51
C01807,0.3363,1.0,0.9231,11.76
C01808,0.7034,1.0,0.9584,28.38
C01809,0.6447,0.9748,0.9994,197.15
C01810,0.6922,0.6931,0.9954,196.25
C01811,0.6339,0.7974,0.9989,106.22
C01812,0.7612,0.9456,0.9959,36.43
C01813,0.8093,0.9216,0.9973,76.8
C01814,0.7824,0.839,0.9989,33.25
C01815,0.6902,0.0,0.9442,844.63
C01816,0.4641,1.0,0.9081,34.19
C01817,0.5577,0.1453,0.9807,113.43
C01818,0.5891,0.0,0.9396,173.03
C01819,0.6532,0.543,0.998,40.28
C01820,0.3392,0.9607,0.9997,57.4
C01822,0.2285,0.0,0.8298,157.64
C01823,0.7546,0.9481,0.9975,92.74
C01824,0.3131,0.0248,0.9554,52.05
C01825,0.6961,0.9682,0.9982,116.63
C01826,0.8535,0.9135,0.9924,143.83
C01827,0.6299,0.0,0.9797,228.49
C01828,0.8575,0.0,0.9232,138.96
C01830,0.4227,0.9173,1.0,13.3
C01831,0.7397,0.8653,0.9946,37.8
C01832,0.782,0.8667,0.9937,102.32
C01833,0.3183,0.0263,0.7698,37.79
C01834,0.4563,0.3053,0.9885,63.73
C01835,0.6575,0.6367,0.9974,73.02
C01836,0.6678,0.9611,0.9978,111.76
C01837,0.5974,0.0001,0.9204,153.61
C01838,0.5215,0.0189,0.7762,51.17
C01839,0.4608,0.968,0.9985,841.98
C01840,0.525,0.0483,0.9785,40.95
C01841,0.7897,0.893,0.9715,64.81
C01842,0.5374,0.0,0.7126,99.63
C01843,0.4361,0.0021,0.9932,71.68
C01845,0.5733,0.8843,0.9944,33.99
C01846,0.603,0.8841,0.9818,75.04
C01847,0.2963,0.2949,0.9901,62.72
C01848,0.7468,0.0001,0.8052,86.68
C01849,0.6415,0.7907,0.9934,104.52
C01850,0.3605,0.0,0.9619,287.66
C01851,0.5056,0.9553,0.9989,64.75
C01852,0.6013,0.025,0.9856,113.74
C01853,0.8656,0.011,0.9645,62.3
C01854,0.8085,0.9589,0.9817,148.87
C01855,0.5182,0.0734,0.8665,18.34
C01856,0.7301,0.095,0.8874,44.84
C01857,0.7576,0.0001,0.9216,85.33
C01858,0.3503,0.9733,0.9992,262.14
C01859,0.3503,0.0053,0.9785,103.25
C01860,0.7142,0.0009,0.9866,172.71
C01861,0.7064,0.9717,0.9962,104.44
C01862,0.8412,0.9083,0.9993,30.55
C01863,0.3875,0.002,0.9871,76.26
C01864,0.7021,0.0005,0.9976,2313.21
C01865,0.7014,0.0005,0.9759,85.16
C01867,0.7926,0.0009,0.9796,65.51
C01868,0.1937,0.9522,0.998,172.35
C01869,0.8397,0.9235,0.9904,28.16
C01870,0.5338,0.0,0.9343,139.14
C01871,0.6645,0.0187,0.9111,63.34
C01872,0.3811,0.9574,0.9979,205.79
C01873,0.5709,0.0308,0.9157,53.16
C01874,0.6723,0.0,0.9893,284.36
C01875,0.4197,0.4866,0.9967,68.02
C01876,0.8463,0.9671,0.9956,811.41
C01877,0.7946,0.2643,0.9853,23.64
C01878,0.7165,0.937,0.9995,24.63
C01879,0.6867,0.9273,0.9989,29.01
C01880,0.8471,1.0,0.9604,32.52
C01881,0.8347,0.9258,0.9962,61.53
C01882,0.6788,0.0,0.9549,206.4
C01883,0.4659,0.0001,0.804,107.44
C01884,0.4251,0.4054,0.9736,30.48
C01885,0.7994,0.0,0.9826,121.51
C01886,0.8453,0.9537,0.9956,74.73
C01887,0.5691,0.9497,0.9991,270.46
C01888,0.8218,0.6167,0.9755,30.76
C01889,0.8138,0.0267,0.9458,116.17
C01890,0.9175,0.6145,0.97,65.26
C01891,0.6539,0.0708,0.88,42.92
C01892,0.8641,0.0,0.9843,555.04
C01893,0.586,0.008,0.9962,159.62
C01894,0.8629,0.9568,0.9971,72.57
C01895,0.6943,0.0,0.8331,208.45
C01896,0.5099,1.0,0.8875,33.16
C01897,0.494,0.0,0.8823,146.56
C01899,0.6886,0.9294,0.9989,22.8
C01900,0.8466,0.048,0.9235,33.98
C01901,0.4472,0.8797,0.9935,144.11
C01902,0.8924,0.9658,0.9964,158.73
C01903,0.6238,0.017,0.9481,96.11
C01904,0.6995,0.7887,0.9945,170.76
C01905,0.8163,0.9787,0.999,726.83
C01906,0.5925,0.0306,0.9566,51.06
C01907,0.873,0.0032,0.964,75.64
C01908,0.6005,0.9413,0.9986,220.52
C01909,0.7813,0.959,0.9982,124.23
C01910,0.8009,0.9215,0.995,21.22
C01911,0.3917,0.8909,0.998,41.93
C01912,0.8211,0.9698,0.9983,143.89
C01913,0.4715,0.485,0.9909,37.22
C01914,0.5644,0.0006,0.9945,184.06
C01915,0.6657,0.8942,0.9884,32.35
C01916,0.3678,0.3527,0.9743,31.52
C01917,0.783,0.9588,0.9974,67.77
C01918,0.3266,0.2766,0.9889,30.9
C01919,0.8377,0.0453,0.971,34.81
C01920,0.7055,0.9807,0.9981,1449.22
C01921,0.8855,0.0,0.9139,323.8
C01922,0.4675,0.1146,0.9793,229.74
C01923,0.8831,0.0516,0.9247,105.57
C01924,0.8835,0.9278,0.9762,84.06
C01925,0.8183,0.878,0.9982,254.44
C01926,0.8833,0.1489,0.9839,34.41
C01927,0.5377,0.0665,0.9897,28.63
C01928,0.5802,0.7603,0.992,252.2
C01929,0.241,0.0284,0.9978,93.25
C01930,0.8503,0.4464,0.9712,17.29
C01931,0.6743,0.0425,0.9824,53.23
C01932,0.7171,0.9813,0.9989,615.9
C01933,0.7905,0.1162,0.9905,98.31
C01934,0.854,0.4222,0.9728,42.83
C01935,0.8081,0.2576,0.9946,98.64
C01936,0.5302,0.9538,0.9969,62.94
C01937,0.5948,0.0,0.9664,97.3
C01938,0.854,1.0,0.9569,35.71
C01939,0.4641,0.0011,0.9678,62.65
C01940,0.3197,0.5104,0.9477,14.98
C01941,0.1537,0.0116,0.8907,32.64
C01942,0.7908,0.8044,0.9938,149.74
C01943,0.6643,0.7554,0.9998,252.81
C01944,0.8415,0.9468,0.9977,33.98
C01945,0.5842,0.0276,0.9784,40.61
C01946,0.7282,0.0017,0.9653,73.43
C01947,0.8041,1.0,0.9623,35.11
C01948,0.8314,0.9218,0.9981,184.92
C01950,0.9026,0.0,0.9681,65.53
C01951,0.6974,1.0,0.9438,5.58
C01952,0.8341,0.7561,0.982,15.74
C01953,0.7675,0.0034,0.9944,380.57
C01954,0.8293,1.0,0.9438,35.34
C01955,0.3204,0.9565,0.9988,102.82
C01956,0.9175,0.9658,0.9903,252.36
C01957,0.7266,0.9082,0.9908,30.33
C01958,0.2155,0.9348,0.9999,47.84
C01959,0.5166,0.0343,0.9371,50.56
C01960,0.7514,0.0,0.9799,93.79
C01961,0.6331,0.0226,0.9938,188.37
C01962,0.5392,0.0324,0.9632,22.3
C01963,0.6429,0.9511,0.9936,83.04
C01964,0.8107,0.0,0.9676,164.36
C01965,0.654,0.001,0.8528,61.61
C01966,0.6663,0.8363,0.9655,52.56
C01967,0.8434,0.2417,0.9544,56.68
C01968,0.2817,0.0122,0.9938,86.37
C01969,0.7994,0.0524,0.941,163.97
C01970,0.8784,0.0411,0.9396,116.62
C01971,0.6952,0.2421,0.9908,27.15
C01972,0.6771,0.0007,0.9849,40.47
C01973,0.7752,0.962,0.9989,76.73
C01974,0.6158,0.9721,0.9984,359.45
C01975,0.6856,0.0,0.9671,588.39
C01976,0.5532,0.0545,0.9981,133.48
C01977,0.5905,0.0004,0.9903,128.83
C01978,0.6566,0.0565,0.9082,71.84
C01979,0.3482,0.0022,0.9703,38.42
C01980,0.6994,0.8297,0.9996,668.66
C01981,0.7514,0.0,0.9586,260.05
C01982,0.7965,0.9474,0.9928,83.02
C01983,0.7726,0.8234,0.9719,64.49
C01984,0.3083,0.0274,0.9647,94.8
C01985,0.8009,0.0,0.9865,325.43
C01986,0.6388,0.8689,0.9981,1509.89
C01987,0.5574,0.0114,0.8742,71.52
C01988,0.7453,0.6605,0.9951,95.1
C01989,0.8595,0.8927,0.9948,42.98
C01990,0.7465,0.2407,0.9815,28.16
C01991,0.692,0.9675,0.9976,72.98
C01992,0.7503,0.1286,0.8983,52.1
C01994,0.7963,0.9371,0.9966,80.18
C01995,0.5224,0.6575,0.996,78.92
C01996,0.7956,0.9455,0.9972,49.17
C01997,0.6291,0.001,0.9361,57.92
C01998,0.6011,0.9791,0.9972,496.32
C01999,0.8407,1.0,0.9644,23.46
C02000,0.9101,0.8852,0.9925,100.1
C02001,0.4377,0.9434,0.9979,27.14
C02002,0.8279,0.5035,0.9863,65.38
C02003,0.4709,0.0,0.9972,312.12
C02005,0.1953,0.003,0.9746,51.18
C02006,0.7107,0.9638,0.9922,164.06
C02007,0.8325,0.9284,0.9974,309.15
C02008,0.4371,0.9058,0.9996,93.71
C02009,0.4282,0.0001,0.9952,343.48
C02010,0.6769,0.0527,0.9883,209.45
C02011,0.5154,0.9277,0.998,50.68
C02012,0.9175,0.9187,0.9983,264.43
C02013,0.7252,0.0014,0.9152,144.54
C02014,0.5388,0.9829,0.9965,1493.46
C02015,0.5015,0.0001,0.8756,127.61
C02016,0.7263,0.9417,0.9992,25.67
C02017,0.7497,0.0,0.9654,259.67
C02018,0.7726,0.8367,0.9825,114.45
C02019,0.6527,0.9411,0.9724,90.92
C02020,0.7865,0.5902,0.9982,27.05
C02022,0.8024,0.3802,0.935,62.12
C02023,0.9173,0.9078,0.9975,107.21
C02024,0.6987,0.9402,0.9971,72.71
C02025,0.6707,0.9549,0.996,70.13
C02026,0.6601,0.1856,0.9631,46.01
C02027,0.8478,1.0,0.9527,8.62
C02029,0.745,0.9482,0.9957,21.04
C02030,0.8028,0.0006,0.9991,1996.79
C02031,0.5927,0.9607,0.9946,66.68
C02032,0.7984,0.9299,0.9899,46.54
C02033,0.4994,0.9339,0.998,30.26
C02034,0.5411,0.9296,0.9721,68.63
C02035,0.7478,0.8914,0.9979,100.85
C02036,0.7223,0.9409,0.9986,642.01
C02037,0.0946,0.951,0.9993,78.57
C02038,0.3577,0.262,0.9953,175.73
C02039,0.7923,0.4666,0.9863,138.56
C02040,0.6131,0.9314,0.9994,679.52
C02041,0.5415,0.0012,0.9877,147.04
C02042,0.8013,0.8155,0.9972,164.74
C02043,0.3364,1.0,0.9386,14.77
C02044,0.7066,0.953,0.9946,120.0
C02045,0.6837,0.9389,0.9986,55.14
C02046,0.6377,0.0,0.904,100.5
C02047,0.8889,0.0079,0.9062,105.48
C02048,0.72,0.9462,0.9965,277.28
C02049,0.4793,0.9449,0.9981,64.61
C02050,0.7605,0.0484,0.8605,11.69
C02051,0.5127,0.0,0.9219,144.64
C02052,0.7036,0.9099,0.9966,34.6
C02054,0.6527,0.9287,0.9623,48.65
C02055,0.7977,0.0,0.9366,431.05
C02056,0.8428,0.801,0.9874,42.83
C02057,0.8551,0.5245,0.9834,50.35
C02058,0.273,0.0003,0.975,77.93
C02059,0.7833,0.0014,0.836,93.06
C02060,0.3739,0.0077,0.9709,65.48
C02061,0.8119,0.0,0.9859,114.07
C02062,0.684,1.0,0.9461,7.77
C02063,0.8166,0.5838,0.9904,38.21
C02064,0.7018,0.9526,0.9992,11.49
C02065,0.8607,0.0,0.8922,211.86
C02066,0.7107,0.9086,0.9878,43.66
C02067,0.6633,0.3403,0.9419,62.63
C02068,0.4031,0.0001,0.8638,141.19
C02069,0.2298,0.0534,0.9943,94.96
C02070,0.4097,0.0038,0.9929,66.35
C02071,0.8141,0.9636,0.9988,153.96
C02072,0.3844,0.0001,0.9858,108.25
C02073,0.9175,0.9658,0.9915,223.05
C02074,0.8525,1.0,0.9641,36.04
C02076,0.8775,0.0011,0.8757,226.81
C02077,0.8096,0.8841,0.9788,63.08
C02078,0.576,0.0,0.9862,206.24
C02079,0.6894,0.9761,0.999,230.33
C02080,0.8165,0.1828,0.8939,60.56
C02081,0.9175,0.9463,0.9995,1115.29
C02082,0.7043,0.9631,0.9996,37.76
C02083,0.7207,0.0094,0.9091,33.38
C02084,0.501,0.0358,0.9252,79.05
C02085,0.807,0.7129,0.975,34.16
C02086,0.6266,0.0022,0.9315,97.31
C02087,0.8467,0.1763,0.9844,98.43
C02088,0.6109,0.3738,0.9909,54.06
C02089,0.9158,0.0089,0.9429,50.07
C02090,0.8039,0.9174,0.9935,80.7
C02091,0.5745,0.9495,0.9999,111.67
C02092,0.3644,0.8672,0.9963,546.48
C02093,0.9175,1.0,0.962,33.04
C02094,0.7726,0.9174,0.9789,77.26
C02095,0.6527,0.0,0.9709,736.01
C02096,0.4367,0.907,0.9962,76.23
C02097,0.3609,0.0,0.8464,126.6
C02099,0.674,0.9228,0.9988,237.9
C02100,0.7168,0.963,0.9966,187.55
C02101,0.6534,0.8843,0.9841,20.74
C02102,0.8223,0.0007,0.9837,60.45
C02103,0.6642,0.8655,0.9901,43.86
C02104,0.7484,0.0033,0.8664,96.07
C02105,0.6557,0.0,0.9608,96.61
C02106,0.8218,1.0,0.9557,18.14
C02107,0.84,0.0185,0.9238,76.51
C02108,0.4475,0.4879,0.9962,152.01
C02109,0.7413,0.4614,0.9922,19.02
C02110,0.8249,0.9307,0.9967,189.62
C02111,0.7523,0.0016,0.9471,51.81
C02112,0.4275,0.0,0.9588,117.78
C02113,0.4993,0.0117,0.9563,57.97
C02115,0.4632,0.0016,0.9299,84.01
C02116,0.6829,0.4895,0.9897,23.21
C02117,0.6801,0.0001,0.9943,275.11
C02118,0.6415,0.9693,0.9977,184.7
C02119,0.5975,0.0001,0.9804,83.08
C02121,0.6242,0.0,0.7485,88.11
C02122,0.5708,0.0,0.9581,103.83
C02123,0.6779,0.0168,0.9779,185.56
C02124,0.7185,0.9357,0.9957,86.54
C02125,0.4786,0.3539,0.9946,160.12
C02126,0.7936,0.2465,0.9846,48.83
C02127,0.9101,0.9752,0.9992,1022.21
C02128,0.8911,0.9482,0.9678,48.51
C02129,0.5368,0.0108,0.9681,106.11
C02130,0.7298,0.8505,0.9954,33.11
C02131,0.6534,1.0,0.9619,35.01
C02132,0.7142,0.9195,0.997,426.39
C02133,0.8096,1.0,0.9581,18.48
C02134,0.5807,0.9187,0.9993,80.0
C02135,0.6538,0.0,0.9638,300.85
C02136,0.6975,0.7879,0.9935,80.06
C02137,0.8171,0.8952,0.9953,31.62
C02138,0.8746,0.9698,0.9968,107.92
C02140,0.9226,0.9717,0.9995,110.07
C02141,0.4831,0.1516,0.9981,59.51
C02142,0.7918,1.0,0.9544,35.84
C02143,0.772,0.3254,0.9962,33.31
C02144,0.8645,0.0,0.9566,317.53
C02145,0.8274,0.9352,0.9969,54.23
C02146,0.8627,0.5383,0.9958,30.61
C02147,0.6722,0.0,0.976,377.8
C02148,0.4368,0.815,0.9944,96.07
C02149,0.6981,0.9133,0.9997,184.37
C02150,0.7726,0.476,0.9487,39.69
C02151,0.3515,0.2529,0.9956,118.54
C02152,0.7671,0.1564,0.953,58.35
C02153,0.8234,0.0011,0.8925,69.34
C02154,0.6128,0.0589,0.9254,45.94
C02155,0.8578,0.9021,0.9951,29.05
C02156,0.6914,0.9586,0.9997,1228.69
C02157,0.906,0.9607,0.9931,75.78
C02158,0.8701,0.9557,0.9997,29.67
C02159,0.3766,1.0,0.9204,15.33
C02160,0.4561,0.0005,0.9777,87.32
C02161,0.4103,0.0,0.9948,315.97
C02162,0.2654,0.0024,0.9872,257.1
C02163,0.2097,0.0,0.9871,293.15
C02164,0.8128,1.0,0.9549,10.3
C02165,0.8226,0.0407,0.9962,550.07
C02166,0.4393,0.0,0.9899,240.28
C02167,0.5755,0.0108,0.7937,27.94
C02168,0.5781,0.9285,0.9962,50.01
C02169,0.4753,0.0044,0.9938,107.51
C02170,0.8127,0.9358,0.9957,33.46
C02171,0.4791,0.0051,0.931,59.93
C02172,0.8395,0.92,0.9758,102.18
C02173,0.543,0.1149,0.8926,59.36
C02174,0.7984,0.8993,0.9923,116.48
C02175,0.8969,0.9408,0.9897,42.87
C02176,0.6119,0.9324,0.9989,51.68
C02177,0.8091,1.0,0.9592,13.34
C02178,0.7175,1.0,0.9452,5.27
C02179,0.5968,0.939,0.9967,153.9
C02180,0.6073,0.8788,0.9992,20.82
C02181,0.3953,0.9361,0.9989,43.04
C02182,0.814,0.8175,0.9848,12.24
C02183,0.8516,0.7717,0.9963,115.78
C02185,0.8091,0.91,0.9708,67.99
C02186,0.6642,1.0,0.9398,10.43
C02187,0.6825,0.9065,0.9982,22.69
C02188,0.8601,0.9247,0.9932,29.23
C02190,0.6509,0.0028,0.8151,72.95
C02192,0.8885,0.119,0.98,39.26
C02193,0.7102,0.0,0.9973,821.49
C02194,0.8173,0.9195,0.9671,64.36
C02195,0.1906,0.0809,0.9863,41.21
C02196,0.4795,0.9784,0.9997,598.03
C02197,0.8082,0.0435,0.9232,43.51
C02198,0.8404,0.1164,0.9767,24.78
C02199,0.6439,0.0,0.9258,362.06
C02200,0.8004,0.9484,0.9971,60.23
C02201,0.8006,0.1553,0.9304,12.01
C02202,0.9464,0.0665,0.9857,48.56
C02203,0.8151,0.9624,0.9909,256.13
C02204,0.7631,0.9563,0.9998,1193.74
C02205,0.3843,1.0,0.9254,16.1
C02207,0.4112,0.9693,0.9977,304.85
C02208,0.8068,0.8661,0.9943,37.36
C02209,0.9071,0.9272,0.9865,139.54
C02210,0.6762,0.7104,0.9712,17.96
C02211,0.7381,0.9708,0.9984,234.96
C02212,0.3859,0.0949,0.9838,60.49
C02213,0.8572,0.9396,0.9806,133.01
C02214,0.7911,0.9382,0.9996,15.27
C02215,0.4497,0.8944,0.9919,210.81
C02216,0.8846,0.4167,0.9849,116.45
C02217,0.829,0.73,0.995,87.78
C02218,0.8599,0.2236,0.9689,42.41
C02219,0.7863,0.5925,0.9673,55.84
C02220,0.3793,0.0,0.9624,200.65
C02221,0.5411,0.9559,0.9755,61.67
C02222,0.656,0.3666,0.9958,449.87
C02223,0.5118,0.0309,0.9781,37.25
C02224,0.6005,0.6587,0.9689,11.27
C02225,0.8085,0.4515,0.9828,165.66
C02228,0.7107,0.9544,0.9947,129.88
C02229,0.8008,0.0,0.9431,186.02
C02230,0.1111,0.0012,0.9476,63.19
C02231,0.6429,0.9559,0.9722,88.51
C02232,0.4206,0.6296,0.9976,40.58
C02234,0.4538,0.0016,0.9917,125.8
C02235,0.3404,0.9779,0.9989,609.43
C02236,0.7112,0.8986,0.9994,80.26
C02237,0.9112,0.9733,0.9982,305.43
C02238,0.8792,0.0044,0.9713,280.16
C02239,0.8581,0.1423,0.9767,73.45
C02240,0.725,0.9451,0.9986,62.13
C02241,0.7527,0.1711,0.9821,24.97
C02242,0.6084,0.9496,0.9987,21.44
C02243,0.6606,0.6471,0.9898,19.98
C02244,0.8586,0.5045,0.9965,34.11
C02245,0.8105,0.9733,0.999,225.3
C02246,0.2561,0.928,0.9994,259.37
C02247,0.8028,0.9741,0.9977,230.97
C02248,0.4121,0.0384,0.965,38.74
C02249,0.7874,0.9072,0.9997,54.74
C02250,0.8675,0.0074,0.9635,128.44
C02251,0.7889,0.7549,0.9819,40.27
C02252,0.1007,0.9468,0.9997,70.38
C02253,0.7418,0.5287,0.9936,135.59
C02254,0.5483,0.0,0.9491,123.16
C02255,0.5526,0.0002,0.8393,69.19
C02256,0.3216,0.1312,0.9994,343.41
C02257,0.8617,0.8601,0.9904,34.09
C02258,0.6064,0.2777,0.9969,75.08
C02259,0.5066,0.4444,0.9889,38.06
C02260,0.8898,0.8188,0.9903,64.01
C02261,0.899,0.9025,0.9935,109.87
C02262,0.4846,0.0038,0.9676,69.26
C02263,0.6534,0.9375,0.9874,23.63
C02264,0.7801,0.0668,0.9584,47.04
C02265,0.9175,0.9589,0.9768,132.87
C02266,0.3721,0.9586,0.9994,27.98
C02267,0.7955,0.9659,0.9993,2001.81
C02268,0.8038,1.0,0.9569,25.5
C02269,0.7402,0.9494,0.999,308.13
C02270,0.7489,0.9671,0.9968,207.0
C02271,0.5123,0.967,0.995,462.08
C02272,0.8352,0.9521,0.9993,111.01
C02273,0.6648,0.9607,0.9935,61.44
C02274,0.8535,0.0002,0.9288,136.46
C02275,0.5102,0.0954,0.9967,171.46
C02276,0.6341,0.2793,0.997,148.46
C02277,0.8092,0.9513,0.998,90.92
C02278,0.8051,0.0,0.9529,458.71
C02279,0.7307,0.9389,0.9964,31.54
C02280,0.5688,0.0,0.9535,93.1
C02281,0.8364,0.8555,0.997,122.82
C02282,0.7712,0.942,0.9669,46.62
C02283,0.856,0.9803,0.9994,1037.43
C02284,0.7925,0.0,0.9535,459.0
C02285,0.7899,0.3582,0.9883,39.76
C02286,0.5944,0.0009,0.9686,163.55
C02287,0.7726,1.0,0.9429,16.49
C02288,0.5191,0.964,0.9985,174.68
C02289,0.8236,0.8316,0.9897,13.92
C02290,0.3939,0.7258,0.9886,20.07
C02291,0.1687,0.951,0.9979,303.28
C02292,0.4439,0.9482,0.9998,119.97
C02293,0.5539,0.9781,0.9996,409.13
C02294,0.4827,0.0338,0.9413,58.73
C02295,0.6321,0.9647,0.9976,268.86
C02296,0.55,0.0002,0.9719,69.36
C02297,0.5602,0.0433,0.9273,33.53
C02298,0.8173,0.897,0.9806,146.14
C02299,0.6952,0.9534,0.9923,49.01
C02300,0.8667,0.4102,0.9706,63.75
C02301,0.5797,0.0003,0.9282,65.99
C02302,0.8127,0.9428,0.9932,55.54
C02303,0.8146,0.7627,0.9987,144.82
C02305,0.3614,0.7158,0.9955,21.66
C02306,0.5164,0.9314,0.999,52.16
C02307,0.9115,0.8751,0.9953,158.97
C02308,0.883,0.9309,0.9827,109.17
C02309,0.7726,1.0,0.9443,20.36
C02310,0.821,0.9599,0.9963,90.11
C02311,0.5324,0.3802,0.9635,15.36
C02312,0.228,0.9405,0.9984,187.71
C02313,0.7396,1.0,0.9531,23.67
C02314,0.8698,0.9525,0.9967,53.24
C02315,0.7658,0.9285,0.9973,28.97
C02316,0.7107,1.0,0.9515,7.48
C02317,0.8144,0.8592,0.9851,58.95
C02318,0.8127,0.8677,0.9875,53.66
C02319,0.897,0.9148,0.9812,76.9
C02320,0.7764,0.9196,0.9982,376.65
C02321,0.7726,1.0,0.9579,28.18
C02322,0.8671,0.9158,0.9999,45.08
C02323,0.4411,0.0,0.963,440.44
C02324,0.4196,0.6486,0.996,45.86
C02325,0.8716,0.4227,0.9977,37.3
C02326,0.6264,0.0221,0.9989,696.04
C02327,0.4099,0.9337,0.9987,55.29
C02328,0.6179,0.0775,0.9316,27.61
C02329,0.5387,0.476,0.9986,39.36
C02330,0.4889,1.0,0.904,21.34
C02331,0.8324,0.8996,0.9987,229.38
C02332,0.3417,0.5999,0.9978,98.78
C02333,0.8072,0.951,0.9968,152.37
C02334,0.6207,0.0806,0.8832,22.25
C02335,0.7571,0.6195,0.9818,29.11
C02338,0.8557,0.963,0.9902,361.48
C02339,0.7227,0.0,0.9769,101.69
C02340,0.6015,0.9352,0.9997,31.39
C02341,0.8302,0.8849,0.9938,43.21
C02342,0.807,0.9527,0.9912,64.52
C02343,0.7564,0.8506,0.9932,63.42
C02344,0.5143,0.9589,0.9974,302.99
C02346,0.6067,0.9632,0.9974,124.58
C02347,0.6266,0.2292,0.9982,2228.02
C02348,0.8927,0.3318,0.9902,19.22
C02349,0.6851,0.0,0.9831,165.72
C02350,0.4654,0.1314,0.999,86.84
C02351,0.7828,0.7745,0.9992,67.57
C02352,0.5963,0.5651,0.9912,47.93
C02353,0.2046,0.0474,0.9288,63.39
C02354,0.8911,0.9505,0.981,71.39
C02355,0.8484,0.9165,0.9928,104.58
C02356,0.6025,0.019,0.9937,465.41
C02357,0.8313,0.1116,0.9483,26.05
C02359,0.5855,0.0,0.9977,1104.61
C02360,0.8695,0.0284,0.9139,73.93
C02361,0.6534,0.9301,0.9903,61.2
C02362,0.7974,0.9595,0.9945,44.83
C02363,0.3729,0.0003,0.8698,122.26
C02364,0.863,0.9658,0.9992,940.79
C02365,0.5132,0.8312,0.9914,54.57
C02366,0.6507,0.0719,0.995,75.73
C02367,0.4658,1.0,0.9071,12.23
C02368,0.7863,0.6442,0.9503,24.35
C02369,0.5095,0.9776,0.9998,375.21
C02370,0.6972,0.0215,0.8052,17.61
C02371,0.7519,0.4635,0.9834,32.01
C02372,0.8275,0.8988,0.9955,43.65
C02373,0.8507,0.0093,0.8463,44.88
C02374,0.1688,0.0062,0.8162,76.27
C02375,0.8525,0.6167,0.995,81.39
C02376,0.4265,0.835,0.9998,46.17
C02377,0.4104,0.0,0.9647,152.21
C02378,0.2858,0.0194,0.9685,45.27
C02379,0.6761,0.0257,0.9874,130.2
C02380,0.5074,0.7201,0.9948,75.06
C02381,0.8139,0.8979,0.9908,34.35
C02382,0.2549,0.7039,0.9953,12.01
C02383,0.1813,0.0002,0.9892,202.56
C02384,0.6021,0.38,0.9931,52.85
C02385,0.2772,0.0,0.9416,427.34
C02386,0.3579,0.9748,0.9997,183.21
C02387,0.441,1.0,0.9025,13.04
C02389,0.8308,1.0,0.9594,27.63
C02390,0.6762,0.9569,0.972,85.9
C02391,0.7427,0.0001,0.9817,99.46
C02392,0.8959,0.1075,0.9749,29.89
C02393,0.7982,0.7746,0.9921,22.69
C02394,0.766,0.1953,0.9115,28.53
C02395,0.6286,0.1552,0.9971,38.48
C02396,0.7078,0.0016,0.9869,33.46
C02397,0.9156,0.9269,0.9964,197.85
C02398,0.8604,0.9295,0.9964,60.2
C02399,0.6445,0.0,0.9341,82.35
C02400,0.5663,0.928,0.9994,38.34
C02401,0.5091,0.8518,0.9948,35.22
C02402,0.7128,0.0,0.9557,63.58
C02403,0.5764,0.926,0.9977,131.55
C02404,0.6467,0.9555,0.9951,68.76
C02405,0.8341,0.9548,0.9967,27.8
C02406,0.913,0.9607,0.989,127.77
C02407,0.5423,0.1294,0.9696,33.33
C02408,0.8576,1.0,0.9537,35.68
C02410,0.3567,0.0946,0.9873,39.93
C02411,0.6327,0.0,0.9507,140.45
C02412,0.8173,0.9482,0.9687,65.59
C02413,0.7393,0.9645,0.9985,65.19
C02414,0.4359,0.9355,0.9974,242.11
C02415,0.6792,0.9348,0.9937,72.45
C02416,0.8171,0.0,0.8898,199.02
C02417,0.3718,1.0,0.922,22.91
C02418,0.7103,1.0,0.9497,35.36
C02419,0.4076,0.9419,0.9973,152.2
C02420,0.542,0.93,0.9993,262.82
C02421,0.6603,0.0004,0.9793,320.41
C02423,0.8349,0.1109,0.9881,29.8
C02424,0.828,0.9463,0.9956,27.0
C02425,0.7495,0.6201,0.9929,51.54
C02426,0.6616,0.5032,0.9872,21.15
C02427,0.8557,0.9638,0.9898,176.37
C02428,0.3835,0.0106,0.7365,36.34
C02429,0.6829,0.0132,0.885,81.24
C02430,0.4912,0.926,0.9976,9.43
C02431,0.7889,1.0,0.9515,18.65
C02432,0.6832,0.0012,0.8417,93.1
C02433,0.8486,0.0,0.921,120.47
C02435,0.6663,0.9229,0.9881,23.7
C02436,0.7959,0.9439,0.997,116.81
C02437,0.7498,0.7804,0.9657,36.31
C02438,0.436,0.0041,0.9781,55.72
C02439,0.461,0.7792,0.9936,30.04
C02440,0.2331,0.0185,0.9885,208.69
C02441,0.3651,0.8828,0.9977,41.64
C02443,0.4303,1.0,0.9317,35.02
C02444,0.8302,0.8764,0.996,408.17
C02445,0.6655,0.9623,0.9882,181.78
C02446,0.9175,0.9623,0.9897,196.96
C02447,0.6952,0.5882,0.9669,56.24
C02448,0.8098,0.947,0.9998,11.74
C02449,0.8054,0.942,0.9943,668.5
C02450,0.4959,0.0,0.9435,161.26
C02451,0.6045,0.8921,0.9946,59.72
C02452,0.4641,0.9194,0.9987,218.77
C02453,0.7481,0.9137,0.998,142.61
C02454,0.7182,0.0005,0.9058,112.18
C02455,0.3643,0.8329,0.9984,573.78
C02456,0.7174,1.0,0.9448,10.47
C02457,0.8173,1.0,0.959,36.27
C02458,0.6093,0.4341,0.9947,397.51
C02459,0.818,0.0,0.9279,183.74
C02461,0.8502,0.1264,0.9587,19.72
C02462,0.4237,0.9719,0.9992,468.9
C02464,0.8127,0.9569,0.9745,89.78
C02465,0.8782,0.0,0.9491,296.18
C02466,0.4718,0.0799,0.9602,46.91
C02467,0.7647,0.0004,0.8614,115.18
C02468,0.8096,0.9229,0.9708,30.86
C02469,0.735,0.9201,0.9972,43.22
C02470,0.8246,1.0,0.959,26.31
C02471,0.839,0.9182,0.9967,73.99
C02472,0.6307,0.2585,0.9806,29.25
C02473,0.6178,0.9864,0.9997,5681.23
C02474,0.6764,0.9539,1.0,11.96
C02475,0.6995,0.8489,0.9894,57.8
C02476,0.7396,0.9548,0.9684,49.7
C02477,0.6025,0.056,0.8807,41.75
C02478,0.9175,0.9688,0.9966,757.3
C02479,0.8906,0.0045,0.91,127.85
C02480,0.7965,0.8755,0.9773,80.71
C02481,0.8199,0.9515,0.9956,43.94
C02482,0.7453,0.504,0.981,20.37
C02483,0.4269,1.0,0.9296,18.24
C02484,0.8957,0.9062,0.9903,45.58
C02485,0.6272,0.0006,0.8841,84.05
C02486,0.8722,0.2874,0.9965,81.83
C02487,0.8571,0.4534,0.9759,58.69
C02488,0.0841,0.0851,0.8735,56.85
C02489,0.7322,0.9776,0.9981,823.35
C02490,0.836,0.3773,0.977,41.78
C02491,0.5929,0.8225,0.9939,64.98
C02492,0.6509,0.9638,0.9896,199.86
C02494,0.8455,0.9614,0.9992,898.82
C02495,0.7367,0.0377,0.976,79.08
C02496,0.5381,0.7342,0.9996,409.26
C02497,0.7222,0.0,0.9492,265.72
C02498,0.6106,0.2945,0.9994,244.45
C02499,0.4123,1.0,0.9283,34.61
C02500,0.7107,1.0,0.9597,16.42
C02501,0.3137,0.3171,0.9979,718.03
C02502,0.7353,0.8499,0.9984,121.75
C02503,0.906,0.9665,0.9966,107.88
C02504,0.8924,0.9589,0.9823,100.92
C02505,0.4317,0.9773,0.9997,418.34
C02506,0.89,0.4021,0.9739,62.18
C02507,0.8126,0.8437,0.9809,22.72
C02508,0.8246,0.9548,0.9678,62.93
C02509,0.7016,0.0416,0.9786,65.79
C02512,0.5389,0.0,0.9499,294.31
C02513,0.3867,1.0,0.9324,5.21
C02514,0.4476,1.0,0.933,17.99
C02515,0.8127,0.9623,0.9927,90.07
C02516,0.6046,0.0338,0.9867,46.81
C02517,0.897,0.9623,0.9893,176.95
C02518,0.5955,0.9383,0.997,64.72
C02519,0.4424,0.2539,0.9785,42.26
C02520,0.8502,0.2043,0.9791,72.09
C02521,0.4693,0.9382,0.9971,41.47
C02522,0.465,0.0518,0.9159,72.28
C02523,0.6707,0.9676,0.9971,166.14
C02524,0.3744,0.0081,0.9837,69.54
C02525,0.8244,0.0005,0.8346,93.07
C02526,0.4524,0.0005,0.915,51.58
C02527,0.6513,0.8383,0.9973,419.66
C02528,0.6854,0.9721,0.9945,112.46
C02529,0.841,0.9508,0.9981,189.85
C02530,0.8173,0.8726,0.9637,63.95
C02531,0.4875,1.0,0.9026,16.91
C02532,0.8176,0.9255,0.9961,43.65
C02533,0.6135,0.92,0.9987,79.47
C02534,0.7726,0.7942,0.9649,55.41
C02535,0.6652,0.9741,0.9985,147.32
C02536,0.4821,0.0035,0.9271,97.47
C02537,0.1951,0.9311,0.9989,26.51
C02538,0.8513,0.3147,0.9868,45.84
C02539,0.718,0.9062,0.9986,407.85
C02540,0.8702,0.2623,0.9731,55.44
C02541,0.6349,0.0008,0.9955,125.59
C02542,0.8906,0.0895,0.9344,58.35
C02543,0.8781,0.4351,0.9728,54.02
C02544,0.7385,0.7591,0.9992,646.78
C02545,0.3331,0.9351,0.9997,15.19
C02546,0.4597,0.8771,0.9995,328.54
C02547,0.7136,0.0,0.9911,533.99
C02549,0.5406,1.0,0.8872,32.38
C02550,0.3309,0.0046,0.9767,203.55
C02551,0.6789,0.2057,0.9324,20.19
C02552,0.6122,0.0004,0.9926,408.39
C02553,0.8546,0.7347,0.9797,18.82
C02554,0.8531,0.0012,0.8786,65.02
C02555,0.6762,0.8677,0.9621,25.83
C02556,0.6561,0.9594,0.999,119.33
C02557,0.6707,0.8483,0.9896,53.81
C02558,0.8552,0.7297,0.9868,72.32
C02559,0.8742,0.0414,0.9362,64.44
C02560,0.783,0.9671,0.9977,192.72
C02561,0.659,0.1,0.938,36.2
C02562,0.7168,0.886,0.9875,29.02
C02563,0.6175,0.0,0.9901,134.59
C02564,0.8535,0.9374,0.9922,68.97
C02565,0.643,0.1125,0.9881,149.02
C02566,0.8946,0.9554,0.997,240.06
C02567,0.6358,0.0092,0.912,46.51
C02568,0.8444,0.8929,0.9956,41.13
C02569,0.7915,0.6338,0.9921,38.69
C02570,0.7833,0.0,0.9097,123.49
C02571,0.9081,0.0244,0.9244,92.17
C02572,0.4945,0.9482,0.9993,24.26
C02573,0.7498,0.6418,0.9891,89.98
C02574,0.5043,0.0756,0.9963,86.92
C02575,0.8173,0.7526,0.9908,181.14
C02576,0.4846,0.0,0.9961,388.76
C02577,0.8127,0.9368,0.9907,60.37
C02578,0.8146,0.0,0.8009,128.09
C02579,0.6585,0.6681,0.9883,63.75
C02580,0.7768,0.9117,0.9944,105.73
C02582,0.6678,0.0003,0.8455,94.58
C02583,0.7726,0.8969,0.9854,39.77
C02584,0.8253,0.949,0.9958,63.18
C02586,0.4628,0.9529,0.999,1458.32
C02589,0.8235,1.0,0.9556,23.33
C02590,0.7935,0.0,0.9611,252.42
C02591,0.5895,0.9767,0.9999,160.41
C02592,0.777,0.66,0.9676,34.84
C02593,0.1518,0.7311,0.9993,50.28
C02594,0.3472,0.0041,0.896,38.68
C02595,0.5519,0.7376,0.9964,40.57
C02596,0.9138,0.0936,0.945,23.02
C02597,0.6596,0.8527,0.9996,31.37
C02598,0.7498,0.666,0.9951,40.84
C02599,0.6471,0.8766,0.9945,101.37
C02600,0.8096,1.0,0.9539,18.08
C02601,0.8266,0.6223,0.989,67.43
C02602,0.6856,0.9446,0.999,27.55
C02603,0.7396,0.8586,0.9918,177.71
C02604,0.7711,0.0024,0.9822,116.05
C02605,0.876,1.0,0.9572,8.01
C02606,0.8754,0.0002,0.9611,70.76
C02607,0.5366,0.9522,0.9972,413.06
C02608,0.6605,0.4093,0.9968,167.08
C02609,0.7063,0.3633,0.9692,11.5
C02610,0.8543,0.7632,0.9944,80.05
C02611,0.3864,1.0,0.9395,35.08
C02612,0.8602,0.663,0.9795,116.5
C02614,0.8327,0.004,0.9607,66.77
C02615,0.7546,0.3238,0.9879,77.9
C02616,0.913,0.9062,0.9991,569.64
C02617,0.4674,0.0,0.9802,137.0
C02618,0.6553,0.0001,0.955,56.53
C02619,0.7186,0.9518,0.9995,15.11
C02620,0.3233,0.5064,0.9901,40.28
C02621,0.6995,0.7069,0.9552,14.05
C02622,0.7984,1.0,0.954,10.36
C02623,0.6618,0.9287,0.9995,40.61
C02624,0.5968,0.8865,0.9705,56.54
C02625,0.4079,0.9565,0.9995,27.33
C02626,0.611,0.8631,0.9985,138.9
C02627,0.7498,0.9559,0.9693,76.06
C02628,0.6527,0.8699,0.988,32.68
C02629,0.8584,0.9574,0.9959,184.3
C02630,0.493,0.0265,0.9741,92.31
C02631,0.4141,0.8773,0.9994,591.65
C02632,0.6685,0.101,0.997,260.67
C02633,0.5779,0.9402,0.9981,31.78
C02634,0.5662,0.9062,0.9965,76.03
C02635,0.7927,0.9668,0.9991,916.87
C02636,0.5942,0.9456,0.999,1058.3
C02637,0.7407,0.8625,0.9961,36.51
C02638,0.2958,0.0132,0.725,48.8
C02639,0.0805,0.402,0.9911,60.66
C02640,0.4593,0.0006,0.9882,51.19
C02641,0.6557,0.8865,0.99,227.18
C02642,0.7916,0.9515,0.9978,91.64
C02643,0.8351,0.7728,0.9941,60.26
C02644,0.4821,0.8973,0.9944,382.18
C02646,0.4496,0.9504,0.9996,31.16
C02647,0.1911,0.0694,0.9951,37.37
C02648,0.1514,0.0005,0.9107,72.18
C02649,0.3591,0.4507,0.9837,40.88
C02650,0.8179,0.8481,0.997,217.38
C02651,0.6409,0.0004,0.9837,512.15
C02652,0.8524,0.0027,0.8716,41.41
C02653,0.834,0.9603,0.9967,133.55
C02654,0.5606,0.3268,0.992,40.26
C02655,0.8211,0.9843,0.9998,838.78
C02656,0.6963,0.5185,0.9918,49.53
C02658,0.906,0.8641,0.9984,1676.33
C02659,0.7034,0.8264,0.9755,75.89
C02660,0.8464,0.9263,0.9921,72.17
C02661,0.7487,0.7037,0.9819,25.63
C02662,0.8275,0.8406,0.9961,75.75
C02663,0.33,0.0024,0.9594,129.7
C02664,0.8139,0.7686,0.9794,118.78
C02665,0.8095,0.2067,0.9614,63.19
C02666,0.2595,0.0053,0.8808,103.52
C02667,0.6902,0.7877,0.9945,47.66
C02668,0.7768,0.9478,0.988,34.45
C02669,0.4921,0.0057,0.9952,33.65
C02670,0.8911,1.0,0.9593,32.5
C02672,0.7726,0.9491,0.9728,52.55
C02673,0.6833,0.9439,0.9975,19.54
C02674,0.6864,0.9559,0.9961,147.43
C02675,0.8471,0.8566,0.9868,36.54
C02676,0.6331,0.0341,0.9977,51.52
C02677,0.6527,0.892,0.9964,137.74
C02678,0.7293,0.9682,0.9969,98.11
C02679,0.693,0.4032,0.9932,68.17
C02680,0.3742,0.9369,0.9991,50.74
C02681,0.8448,1.0,0.9574,36.0
C02682,0.8078,0.9116,0.9965,321.0
C02683,0.8414,0.0377,0.9081,54.16
C02684,0.7396,0.7726,0.9842,38.83
C02685,0.6949,0.9703,0.9975,250.74
C02686,0.6762,0.8984,0.9652,15.09
C02687,0.782,0.0,0.968,150.99
C02688,0.3483,0.6234,0.9925,15.42
C02689,0.3358,0.5652,0.9994,78.85
C02690,0.7498,0.6957,0.9738,24.98
C02691,0.9161,0.9494,0.9932,219.02
C02692,0.5626,0.0009,0.8224,77.96
C02693,0.8969,0.8661,0.9683,56.66
C02694,0.5113,0.9135,0.9967,481.99
C02695,0.8199,0.8061,0.9889,45.6
C02696,0.4159,0.2262,0.9913,46.53
C02698,0.4479,0.2867,0.9979,90.39
C02699,0.6292,0.5465,0.9926,34.39
C02700,0.8087,0.9626,0.9982,970.78
C02702,0.8438,0.1851,0.9802,66.53
C02703,0.8701,1.0,0.9508,36.18
C02704,0.8741,0.0145,0.9101,32.78
C02705,0.7966,0.6173,0.9815,19.16
C02706,0.9115,0.9819,0.9998,1892.06
C02707,0.7909,0.0604,0.9965,109.69
C02708,0.6527,1.0,0.9539,19.83
C02709,0.8201,0.9717,0.9986,289.98
C02710,0.6966,0.7456,0.9981,36.08
C02711,0.8391,0.9294,0.9994,179.89
C02712,0.7159,0.9703,0.9977,564.65
C02713,0.829,0.041,0.9595,33.44
C02714,0.8173,0.4956,0.986,156.22
C02715,0.3088,0.8331,0.9982,29.39
C02716,0.4921,0.0,0.9002,171.21
C02717,0.5151,0.0063,0.9694,105.06
C02718,0.4571,0.0012,0.9872,80.48
C02719,0.8012,0.888,0.9972,179.15
C02720,0.4056,0.8943,0.9974,144.28
C02722,0.803,0.0,0.9686,173.53
C02723,0.6769,0.003,0.9969,124.57
C02724,0.5821,0.9586,0.9997,184.63
C02725,0.7457,0.8956,0.9932,33.54
C02726,0.9112,0.9671,0.993,474.33
C02727,0.7683,0.0607,0.998,47.76
C02728,0.3259,0.9403,0.9986,43.9
C02729,0.8282,0.6919,0.9902,103.74
C02730,0.8422,0.8852,0.9892,37.78
C02731,0.7066,0.8089,0.9947,635.2
C02732,0.6748,0.9536,0.9936,70.05
C02733,0.5062,0.059,0.9907,51.16
C02734,0.7898,0.9645,0.9977,73.59
C02735,0.6185,0.0629,0.9767,48.61
C02736,0.7034,0.9531,0.9924,77.08
C02737,0.466,0.0,0.7893,50.58
C02738,0.3279,0.8115,0.9995,80.64
C02739,0.7553,0.0,0.9308,215.96
C02740,0.3747,0.0,0.8397,146.21
C02741,0.5473,0.6288,0.9964,16.41
C02742,0.823,0.9635,0.9988,212.83
C02743,0.6527,0.947,0.97,38.07
C02744,0.7834,0.1299,0.9813,51.34
C02745,0.5376,0.9618,0.9957,208.31
C02746,0.7753,0.8979,0.9673,74.6
C02747,0.8365,0.9522,0.998,65.12
C02748,0.7594,0.8142,0.9967,38.97
C02749,0.8523,0.9721,0.9957,232.09
C02750,0.8038,0.8842,0.9918,71.59
C02751,0.5149,0.2537,0.9982,126.73
C02752,0.652,0.0063,0.843,75.48
C02753,0.7209,0.0,0.9812,253.23
C02754,0.7498,1.0,0.951,17.8
C02755,0.3595,0.9503,0.997,176.04
C02756,0.8173,1.0,0.9598,36.18
C02757,0.241,0.001,0.9902,59.94
C02758,0.8395,0.936,0.9768,82.16
C02759,0.621,0.9182,0.9956,92.23
C02760,0.8085,0.134,0.9685,132.19
C02761,0.8315,0.8713,0.994,38.78
C02762,0.7107,0.936,0.9738,65.88
C02763,0.6041,0.9243,0.9982,401.36
C02764,0.6112,0.0,0.9546,335.56
C02765,0.4385,0.8281,0.9951,36.88
C02766,0.7598,0.0,0.9795,165.7
C02768,0.6087,0.0002,0.907,124.41
C02769,0.8911,0.5433,0.9879,62.33
C02770,0.8338,0.0276,0.9656,51.99
C02771,0.8533,0.7762,0.9812,31.54
C02772,0.4124,0.0005,0.9828,104.74
C02773,0.4533,0.0978,0.9984,59.28
C02774,0.8173,0.7252,0.9555,63.43
C02775,0.736,0.9559,0.9981,80.32
C02776,0.5246,0.0,0.9124,216.66
C02777,0.5802,0.071,0.8237,57.83
C02779,0.4147,0.9576,0.9972,370.54
C02780,0.392,0.0,0.9032,263.65
C02781,0.3797,0.0503,0.8172,60.01
C02782,0.6441,0.0004,0.9901,119.22
C02783,0.5119,0.9366,0.9955,62.13
C02784,0.394,1.0,0.9272,12.82
C02785,0.6642,0.4472,0.9749,37.81
C02786,0.6537,0.0005,0.8654,110.64
C02787,0.1786,0.0022,0.9894,93.07
C02788,0.8121,0.0038,0.9905,130.86
C02789,0.4563,0.9717,0.9981,476.96
C02790,0.8218,0.9425,0.998,142.83
C02791,0.3738,1.0,0.9272,11.18
C02792,0.781,0.0002,0.7862,62.57
C02793,0.2792,0.6153,0.9944,51.85
C02794,0.3451,0.1471,0.9164,46.5
C02795,0.7081,0.9811,0.9991,999.28
C02796,0.7622,0.9744,0.9989,756.41
C02797,0.6397,0.9622,0.9981,223.95
C02798,0.5274,0.9565,0.9992,93.26
C02799,0.6748,0.9665,0.9963,142.37
C02800,0.8463,0.9214,0.9957,207.51
C02801,0.8034,0.0,0.9326,90.07
C02802,0.3781,0.0066,0.9941,83.54
C02803,0.8574,0.9544,0.9957,33.26
C02804,0.5914,0.5068,0.9759,14.38
C02805,0.4142,0.9568,0.9983,210.33
C02806,0.609,0.2438,0.9701,51.55
C02808,0.643,0.9347,0.9999,32.17
C02810,0.845,0.807,0.994,28.39
C02811,0.4863,0.9703,0.9997,153.69
C02812,0.9296,0.0206,0.9945,47.9
C02813,0.126,0.0107,0.9844,134.39
C02814,0.764,0.0195,0.8691,31.08
C02815,0.8429,0.9574,0.996,157.42
C02816,0.3726,0.9568,0.9995,132.95
C02817,0.5107,0.7353,0.9968,52.18
C02818,0.7107,0.6175,0.9693,25.77
C02819,0.4921,0.0429,0.8457,42.23
C02820,0.8406,0.0954,0.9323,83.89
C02821,0.7734,0.9558,0.9962,1142.07
C02823,0.7416,0.0001,0.9937,200.79
C02824,0.8809,0.0038,0.9197,116.8
C02825,0.3564,0.958,0.9987,399.76
C02826,0.8171,0.9009,0.9992,266.17
C02827,0.6158,0.9559,0.9672,81.91
C02828,0.8084,0.1866,0.9332,39.24
C02829,0.4736,0.0001,0.9881,145.3
C02830,0.4141,0.4392,0.9884,147.63
C02831,0.3745,0.1982,0.9878,66.04
C02832,0.9101,0.9758,0.9991,1076.2
C02833,0.3847,0.7244,0.9944,10.81
C02834,0.4225,0.9216,0.9999,27.11
C02835,0.7071,0.9737,0.9969,343.27
C02836,0.7714,0.0,0.9168,140.87
C02837,0.6881,0.0004,0.9822,225.9
C02838,0.8139,0.9513,0.9968,241.7
C02839,0.8713,0.9693,0.9996,95.53
C02840,0.5566,0.0039,0.9964,55.67
C02841,0.6674,0.9189,0.9987,71.39
C02842,0.7821,0.0584,0.9686,45.27
C02843,0.8386,0.3023,0.9591,31.76
C02844,0.7702,0.8651,0.9991,58.66
C02845,0.8678,0.8809,0.9884,15.07
C02846,0.5593,0.0,0.942,110.4
C02847,0.6357,0.0003,0.9952,753.77
C02848,0.884,0.1762,0.9675,85.9
C02849,0.8272,0.8615,0.9905,71.79
C02850,0.6865,0.9356,0.9964,183.23
C02851,0.7994,0.4872,0.954,35.48
C02852,0.5722,0.8913,0.9963,96.03
C02853,0.9192,0.0001,0.8984,69.03
C02854,0.7764,0.0013,0.904,83.26
C02855,0.8139,1.0,0.9522,17.01
C02856,0.667,0.937,0.996,131.29
C02857,0.6527,0.9355,0.9805,77.01
C02858,0.5028,0.0,0.9881,559.91
C02859,0.8505,0.0035,0.9747,233.14
C02860,0.3175,0.0,0.8271,193.01
C02861,0.2342,0.0,0.9638,72.53
C02862,0.6874,0.893,0.9969,65.02
C02863,0.8459,0.7468,0.9969,62.34
C02864,0.2527,0.0018,0.9233,115.47
C02865,0.6502,0.9593,0.9971,2284.53
C02866,0.821,0.9493,0.9985,464.24
C02867,0.6663,0.9529,0.9906,17.44
C02868,0.0926,0.2144,0.9678,7.46
C02869,0.2703,0.0614,0.9265,55.74
C02870,0.3548,0.9282,1.0,13.25
C02871,0.3457,0.6762,0.9963,254.34
C02872,0.5333,0.7302,0.9997,128.83
C02873,0.4501,0.928,0.9981,41.18
C02874,0.8122,0.9703,0.9977,362.98
C02875,0.7693,0.8327,0.9965,897.77
C02876,0.6023,0.0059,0.9005,31.21
C02877,0.8577,0.2481,0.9881,66.32
C02878,0.8567,0.8984,0.9946,88.03
C02879,0.5239,0.45,0.9986,120.79
C02880,0.8288,0.9089,0.9929,143.61
C02881,0.9304,0.001,0.9035,53.33
C02882,0.3917,0.9623,0.9983,77.7
C02883,0.638,0.0018,0.9958,583.91
C02884,0.5354,0.0017,0.8596,100.73
C02885,0.7288,0.0062,0.924,30.14
C02886,0.6367,0.5313,0.9796,23.31
C02887,0.7163,0.1945,0.9825,29.69
C02888,0.8272,0.944,0.9958,36.85
C02889,0.6098,0.9421,0.9988,50.59
C02890,0.3894,0.7906,0.9959,9.58
C02891,0.7699,0.8229,0.9993,16.77
C02892,0.6366,0.0,0.9783,596.69
C02893,0.4189,0.0194,0.9973,43.56
C02894,0.7665,0.0,0.985,284.22
C02895,0.9161,0.9372,0.9709,28.24
C02896,0.3995,1.0,0.9397,17.33
C02897,0.8201,0.9598,0.9961,58.75
C02898,0.8959,0.0002,0.9142,66.09
C02900,0.5443,0.9119,0.9989,84.33
C02901,0.7521,0.9132,0.9984,756.55
C02902,0.8334,0.9698,0.9983,171.16
C02903,0.7984,0.9434,0.9985,30.6
C02904,0.8903,0.7914,0.9893,58.12
C02905,0.8111,0.0,0.945,1431.82
C02906,0.4087,0.0003,0.8735,134.33
C02907,0.8038,0.9363,0.9673,43.71
C02908,0.7012,0.9416,0.9906,45.38
C02909,0.8248,0.1578,0.9587,55.26
C02910,0.2477,0.2536,0.9564,18.92
C02911,0.6429,0.9288,0.9965,261.3
C02912,0.2874,0.0,0.8658,144.53
C02913,0.6024,0.8758,0.9914,65.43
C02914,0.9101,0.9464,0.9999,3568.36
C02915,0.6917,0.0051,0.933,73.39
C02916,0.665,0.9433,0.9969,93.85
C02917,0.3375,0.0027,0.9939,75.55
C02918,0.5427,0.0003,0.9716,60.9
C02919,0.7987,0.0966,0.99,34.24
C02920,0.6137,0.0165,0.9842,142.66
C02921,0.6511,0.023,0.9732,51.87
C02922,0.5004,0.0,0.8235,235.26
C02923,0.8553,0.8337,0.9874,127.35
C02924,0.7977,0.0969,0.9944,255.09
C02925,0.8173,1.0,0.9509,35.61
C02926,0.6872,1.0,0.9607,29.99
C02928,0.5186,0.0001,0.9789,76.73
C02929,0.6995,0.9272,0.9913,40.75
C02930,0.4978,0.9688,0.9986,178.82
C02931,0.8557,0.8938,0.9905,52.65
C02932,0.6024,0.8205,0.9757,103.6
C02933,0.897,0.8735,0.9707,15.01
C02934,0.9161,0.9748,0.9997,2391.85
C02935,0.4563,1.0,0.9072,7.89
C02936,0.8766,0.8546,0.9972,160.22
C02937,0.6492,0.0,0.9772,101.36
C02938,0.9175,0.9658,0.9916,204.16
C02939,0.5734,0.0,0.9948,416.97
C02941,0.7683,0.9722,0.9998,1031.38
C02942,0.4249,0.859,0.9957,34.63
C02943,0.4784,0.0372,0.878,58.4
C02944,0.9292,0.9717,0.9964,297.76
C02945,0.4036,0.0,0.9627,127.63
C02946,0.9101,0.6472,0.9551,34.85
C02947,0.3623,0.0114,0.9374,51.25
C02948,0.8911,0.9439,0.9923,26.01
C02949,0.6307,0.8426,0.9846,28.89
C02950,0.3344,0.0359,0.865,57.75
C02951,0.3364,0.9068,0.998,48.38
C02952,0.7345,0.497,0.9574,13.54
C02953,0.8246,0.9589,0.9922,55.7
C02954,0.8494,0.9671,0.9986,97.44
C02955,0.3858,0.971,0.9997,371.27
C02956,0.63,0.0057,0.968,56.25
C02957,0.8202,0.177,0.951,51.14
C02958,0.3432,0.0153,0.9088,68.33
C02959,0.8038,0.6691,0.9801,29.77
C02960,0.4162,0.0343,0.9984,484.23
C02961,0.7166,0.0,0.9854,269.66
C02962,0.5679,0.0034,0.8744,39.58
C02964,0.5875,0.0844,0.9835,233.64
C02965,0.828,0.9514,0.9975,154.49
C02966,0.8569,0.7876,0.993,54.05
C02967,0.396,0.962,0.9995,324.35
C02968,0.5967,0.8311,0.995,21.19
C02969,0.7745,0.0048,0.9296,60.72
C02970,0.7788,0.9037,0.9991,51.35
C02971,0.4381,0.0001,0.9856,156.95
C02972,0.4369,0.6796,0.9955,107.22
C02973,0.5376,0.9373,0.9953,69.12
C02974,0.4344,1.0,0.9341,35.11
C02975,0.8085,0.8613,0.9879,91.27
C02976,0.4969,0.0972,0.9955,48.86
C02977,0.6504,0.0277,0.969,59.08
C02978,0.7873,0.2111,0.9568,51.24
C02979,0.8173,0.8642,0.9877,113.26
C02980,0.8663,0.4393,0.9725,91.7
C02981,0.4393,0.005,0.9978,259.42
C02982,0.3904,1.0,0.9254,21.11
C02983,0.2407,0.2884,0.9731,63.23
C02984,0.6448,0.0,0.9891,167.17
C02985,0.8201,0.736,0.9948,69.43
C02987,0.6983,0.92,0.999,57.58
C02988,0.4738,1.0,0.9129,34.11
C02989,0.8741,0.8281,0.9847,97.81
C02990,0.3831,0.8935,0.9998,324.39
C02991,0.6527,0.9424,0.9728,28.83
C02992,0.6471,0.9136,0.9647,44.03
C02993,0.3321,0.0204,0.9898,69.75
C02994,0.5969,0.0,0.9586,244.95
C02995,0.9071,0.9316,0.9929,68.8
C02996,0.3845,0.955,0.9974,38.66
C02997,0.7498,0.9244,0.9847,72.68
C02998,0.6005,0.963,0.9948,133.72
C02999,0.8652,0.9817,0.9992,615.81
