customer_id,frequency,T,recency,period_total_amount,period_first_transaction_date,period_last_transaction_date,period_transaction_count,days_until_observed,period_tenure_days,CLV_30d
C00000,7,82,78,1001.05,2025-09-10,2025-11-27,8,4,78,221.8
C00001,15,259,255,975.54,2025-03-17,2025-11-27,16,4,255,252.92000000000002
C00005,2,18,17,105.99,2025-11-13,2025-11-30,3,1,17,103.13000000000001
C00011,11,93,93,691.24,2025-08-30,2025-12-01,12,0,93,140.51
C00012,19,142,138,1716.3,2025-07-12,2025-11-27,20,4,138,363.35
C00013,22,117,117,673.39,2025-08-06,2025-12-01,23,0,117,225.12
C00020,14,152,144,110.31,2025-07-02,2025-11-23,15,8,144,2.04
C00022,0,12,0,1.34,2025-11-19,2025-11-19,1,12,0,107.58
C00026,6,45,36,623.9300000000001,2025-10-17,2025-11-22,7,9,36,529.56
C00031,27,157,156,1799.3899999999999,2025-06-27,2025-11-30,28,1,156,795.03
C00032,7,39,31,184.81,2025-10-23,2025-11-23,8,8,31,251.04
C00033,13,29,27,582.42,2025-11-02,2025-11-29,14,2,27,372.16
C00038,24,130,122,433.0,2025-07-24,2025-11-23,25,8,122,145.76
C00039,10,18,17,360.81,2025-11-13,2025-11-30,11,1,17,428.8
C00041,27,163,155,950.1700000000001,2025-06-21,2025-11-23,28,8,155,88.26
C00043,15,85,74,720.4300000000001,2025-09-07,2025-11-20,16,11,74,209.61
C00045,1,10,9,190.85,2025-11-21,2025-11-30,2,1,9,138.44
C00051,6,32,30,250.63,2025-10-30,2025-11-29,7,2,30,363.53999999999996
C00056,11,51,46,1503.1499999999999,2025-10-11,2025-11-26,12,5,46,360.73
C00062,1,17,13,256.96,2025-11-14,2025-11-27,2,4,13,21.970000000000002
C00064,8,176,175,382.34000000000003,2025-06-08,2025-11-30,9,1,175,129.75
C00069,32,245,240,3353.14,2025-03-31,2025-11-26,33,5,240,654.73
C00075,5,50,31,403.04,2025-10-12,2025-11-12,6,19,31,121.08
C00080,12,34,31,1566.01,2025-10-28,2025-11-28,13,3,31,223.35
C00081,31,149,149,1726.74,2025-07-05,2025-12-01,32,0,149,211.62
C00082,5,12,12,418.21000000000004,2025-11-19,2025-12-01,6,0,12,613.75
C00086,0,6,0,174.19,2025-11-25,2025-11-25,1,6,0,66.84
C00089,17,55,54,988.09,2025-10-07,2025-11-30,18,1,54,324.65999999999997
C00091,8,78,74,258.52,2025-09-14,2025-11-27,9,4,74,240.78
C00092,11,158,152,1276.42,2025-06-26,2025-11-25,12,6,152,70.68
C00095,16,222,202,506.59000000000003,2025-04-23,2025-11-11,17,20,202,91.25
C00096,5,38,32,178.73000000000002,2025-10-24,2025-11-25,6,6,32,432.02000000000004
C00097,9,22,20,229.87,2025-11-09,2025-11-29,10,2,20,352.91
C00102,23,30,30,1611.96,2025-11-01,2025-12-01,24,0,30,2623.06
C00103,5,44,32,650.3,2025-10-18,2025-11-19,6,12,32,153.64999999999998
C00109,18,199,178,868.44,2025-05-16,2025-11-10,19,21,178,213.71
C00110,4,32,19,70.63,2025-10-30,2025-11-18,5,13,19,59.06999999999999
C00112,12,95,90,705.16,2025-08-28,2025-11-26,13,5,90,309.41
C00114,52,246,246,1772.47,2025-03-30,2025-12-01,53,0,246,100.77
C00115,3,2,2,106.67,2025-11-29,2025-12-01,4,0,2,1019.9300000000001
C00116,15,194,192,1427.3,2025-05-21,2025-11-29,16,2,192,10.0
C00119,54,201,190,2513.61,2025-05-14,2025-11-20,55,11,190,393.09000000000003
C00120,0,12,0,10.6,2025-11-19,2025-11-19,1,12,0,33.38
C00121,7,39,36,213.73,2025-10-23,2025-11-28,8,3,36,305.77
C00123,3,60,31,156.3,2025-10-02,2025-11-02,4,29,31,13.59
C00126,3,49,23,206.25,2025-10-13,2025-11-05,4,26,23,57.54
C00127,12,89,79,1012.66,2025-09-03,2025-11-21,13,10,79,274.48
C00130,39,234,234,5790.11,2025-04-11,2025-12-01,40,0,234,1510.26
C00133,7,23,23,116.27,2025-11-08,2025-12-01,8,0,23,121.65
C00135,3,4,2,191.12,2025-11-27,2025-11-29,4,2,2,688.77
C00138,26,182,171,1470.56,2025-06-02,2025-11-20,27,11,171,178.28
C00140,12,83,66,448.19,2025-09-09,2025-11-14,13,17,66,82.97
C00144,6,38,30,574.5,2025-10-24,2025-11-23,7,8,30,264.07
C00147,73,278,278,2881.89,2025-02-26,2025-12-01,74,0,278,292.08
C00148,28,25,25,1473.97,2025-11-06,2025-12-01,29,0,25,2463.97
C00149,24,104,103,2922.29,2025-08-19,2025-11-30,25,1,103,1095.63
C00150,11,36,35,157.16,2025-10-26,2025-11-30,12,1,35,43.32
C00158,120,118,118,11103.83,2025-08-05,2025-12-01,121,0,118,2862.9900000000002
C00159,27,112,112,1527.77,2025-08-11,2025-12-01,28,0,112,466.97
C00162,26,186,181,1694.99,2025-05-29,2025-11-26,27,5,181,73.02
C00166,17,152,152,1373.79,2025-07-02,2025-12-01,18,0,152,155.43
C00168,7,230,186,288.69,2025-04-15,2025-10-18,8,44,186,130.57999999999998
C00169,64,169,168,1599.82,2025-06-15,2025-11-30,65,1,168,360.04
C00172,46,154,154,1095.1,2025-06-30,2025-12-01,47,0,154,147.91
C00173,0,46,0,20.68,2025-10-16,2025-10-16,1,46,0,29.96
C00174,77,221,221,4568.85,2025-04-24,2025-12-01,78,0,221,525.59
C00178,1,42,42,42.959999999999994,2025-10-20,2025-12-01,2,0,42,135.53
C00181,10,110,101,968.54,2025-08-13,2025-11-22,11,9,101,344.22
C00182,4,81,66,246.02,2025-09-11,2025-11-16,5,15,66,91.97
C00183,7,100,44,68.62,2025-08-23,2025-10-06,8,56,44,22.44
C00184,6,77,77,300.6,2025-09-15,2025-12-01,7,0,77,328.90999999999997
C00185,26,171,162,2317.93,2025-06-13,2025-11-22,27,9,162,175.93
C00190,40,51,49,1945.49,2025-10-11,2025-11-29,41,2,49,1157.25
C00193,34,122,120,2275.86,2025-08-01,2025-11-29,35,2,120,483.5
C00195,8,49,41,743.35,2025-10-13,2025-11-23,9,8,41,632.97
C00196,13,166,163,1063.52,2025-06-18,2025-11-28,14,3,163,128.9
C00198,11,131,126,335.27,2025-07-23,2025-11-26,12,5,126,167.33
C00202,84,200,197,3405.2400000000002,2025-05-15,2025-11-28,85,3,197,112.6
C00214,21,193,185,2056.66,2025-05-22,2025-11-23,22,8,185,92.19
C00216,14,167,166,127.64,2025-06-17,2025-11-30,15,1,166,10.14
C00221,15,134,127,797.29,2025-07-20,2025-11-24,16,7,127,222.01
C00222,21,144,142,1884.31,2025-07-10,2025-11-29,22,2,142,448.98
C00223,19,188,171,1754.1399999999999,2025-05-27,2025-11-14,20,17,171,357.5
C00225,1,101,14,99.14,2025-08-22,2025-09-05,2,87,14,117.60999999999999
C00226,8,30,20,384.02,2025-11-01,2025-11-21,9,10,20,916.17
C00227,6,94,79,97.68,2025-08-29,2025-11-16,7,15,79,78.65
C00229,10,148,147,1197.49,2025-07-06,2025-11-30,11,1,147,315.90000000000003
C00240,53,137,137,2814.06,2025-07-17,2025-12-01,54,0,137,543.61
C00243,8,5,5,1673.05,2025-11-26,2025-12-01,9,0,5,4023.87
C00251,6,47,42,70.36,2025-10-15,2025-11-26,7,5,42,58.650000000000006
C00255,14,72,71,171.22,2025-09-20,2025-11-30,15,1,71,16.73
C00256,4,71,40,129.64,2025-09-21,2025-10-31,5,31,40,87.84
C00258,51,250,242,2738.98,2025-03-26,2025-11-23,52,8,242,348.2
C00260,16,84,79,659.42,2025-09-08,2025-11-26,17,5,79,135.1
C00262,45,147,146,4268.33,2025-07-07,2025-11-30,46,1,146,375.32000000000005
C00263,2,190,68,151.42000000000002,2025-05-25,2025-08-01,3,122,68,44.49
C00268,71,158,155,5703.91,2025-06-26,2025-11-28,72,3,155,961.9200000000001
C00269,8,44,43,511.74,2025-10-18,2025-11-30,9,1,43,788.77
C00276,5,29,25,173.91000000000003,2025-11-02,2025-11-27,6,4,25,181.26
C00277,1,136,67,89.18,2025-07-18,2025-09-23,2,69,67,41.9
C00278,8,16,16,538.87,2025-11-15,2025-12-01,9,0,16,775.0799999999999
C00282,26,225,219,1009.41,2025-04-20,2025-11-25,27,6,219,38.7
C00283,2,35,20,160.36,2025-10-27,2025-11-16,3,15,20,273.97
C00286,2,21,20,249.23000000000002,2025-11-10,2025-11-30,3,1,20,62.15
C00297,22,189,186,2190.2400000000002,2025-05-26,2025-11-28,23,3,186,409.52
C00300,15,155,145,325.93,2025-06-29,2025-11-21,16,10,145,23.14
C00303,1,24,2,7.86,2025-11-07,2025-11-09,2,22,2,36.82
C00305,24,96,96,1245.74,2025-08-27,2025-12-01,25,0,96,98.49
C00307,1,7,0,15.54,2025-11-24,2025-11-24,2,7,0,146.55
C00308,11,228,170,1299.34,2025-04-17,2025-10-04,12,58,170,252.02
C00310,41,174,172,5073.42,2025-06-10,2025-11-29,42,2,172,187.4
C00311,15,91,88,1125.05,2025-09-01,2025-11-28,16,3,88,194.08
C00312,9,88,71,2033.06,2025-09-04,2025-11-14,10,17,71,305.28999999999996
C00314,24,112,108,357.59000000000003,2025-08-11,2025-11-27,25,4,108,152.03
C00317,6,129,113,180.14,2025-07-25,2025-11-15,7,16,113,61.489999999999995
C00321,7,14,13,140.31,2025-11-17,2025-11-30,8,1,13,311.21
C00323,51,220,217,4648.97,2025-04-25,2025-11-28,52,3,217,488.27
C00324,15,44,43,670.76,2025-10-18,2025-11-30,16,1,43,571.1899999999999
C00325,34,53,51,3573.91,2025-10-09,2025-11-29,35,2,51,2316.2400000000002
C00333,22,145,144,924.71,2025-07-09,2025-11-30,23,1,144,56.52
C00335,9,75,68,317.77,2025-09-17,2025-11-24,10,7,68,134.09
C00339,6,36,31,707.79,2025-10-26,2025-11-26,7,5,31,214.17000000000002
C00342,4,23,22,433.86,2025-11-08,2025-11-30,5,1,22,269.62
C00344,3,8,5,76.39,2025-11-23,2025-11-28,4,3,5,235.99
C00347,2,19,6,116.92,2025-11-12,2025-11-18,3,13,6,268.8
C00348,34,168,168,1116.6000000000001,2025-06-16,2025-12-01,35,0,168,194.97
C00354,41,89,89,1419.28,2025-09-03,2025-12-01,42,0,89,781.93
C00358,9,42,41,687.4300000000001,2025-10-20,2025-11-30,10,1,41,411.65
C00361,28,59,59,855.82,2025-10-03,2025-12-01,29,0,59,242.55
C00366,7,51,48,630.9499999999999,2025-10-11,2025-11-28,8,3,48,259.44
C00368,24,177,173,605.9300000000001,2025-06-07,2025-11-27,25,4,173,211.47
C00376,3,53,40,630.35,2025-10-09,2025-11-18,4,13,40,830.82
C00377,17,103,102,1201.45,2025-08-20,2025-11-30,18,1,102,386.37
C00381,63,253,244,1720.0,2025-03-23,2025-11-22,64,9,244,283.11
C00382,4,40,20,318.42,2025-10-22,2025-11-11,5,20,20,256.07
C00385,8,134,122,186.09,2025-07-20,2025-11-19,9,12,122,71.92
C00388,12,100,78,1884.33,2025-08-23,2025-11-09,13,22,78,330.04999999999995
C00391,21,140,131,1605.31,2025-07-14,2025-11-22,22,9,131,1037.49
C00392,14,106,104,2000.58,2025-08-17,2025-11-29,15,2,104,1013.1
C00397,62,224,223,7142.27,2025-04-21,2025-11-30,63,1,223,154.61
C00398,10,105,102,1653.4099999999999,2025-08-18,2025-11-28,11,3,102,591.37
C00403,26,54,53,1334.59,2025-10-08,2025-11-30,27,1,53,815.9100000000001
C00407,47,281,267,251.53,2025-02-23,2025-11-17,48,14,267,21.96
C00408,17,93,90,1273.22,2025-08-30,2025-11-28,18,3,90,269.21
C00409,11,119,114,626.68,2025-08-04,2025-11-26,12,5,114,67.36
C00417,28,64,64,1192.65,2025-09-28,2025-12-01,29,0,64,646.56
C00420,13,65,62,690.66,2025-09-27,2025-11-28,14,3,62,230.01
C00421,101,150,150,3499.4,2025-07-04,2025-12-01,102,0,150,435.44
C00422,8,130,130,355.7,2025-07-24,2025-12-01,9,0,130,67.49000000000001
C00423,62,82,82,3375.8,2025-09-10,2025-12-01,63,0,82,1143.5900000000001
C00425,35,278,255,1154.69,2025-02-26,2025-11-08,36,23,255,208.84
C00427,1,56,18,51.68,2025-10-06,2025-10-24,2,38,18,175.72
C00428,8,36,35,205.07,2025-10-26,2025-11-30,9,1,35,272.27
C00432,17,202,201,491.95,2025-05-13,2025-11-30,18,1,201,155.44
C00433,1,31,30,263.96000000000004,2025-10-31,2025-11-30,2,1,30,208.83
C00438,0,5,0,163.43,2025-11-26,2025-11-26,1,5,0,346.28
C00440,5,4,2,273.31,2025-11-27,2025-11-29,6,2,2,834.35
C00443,4,45,31,47.04,2025-10-17,2025-11-17,5,14,31,24.77
C00444,22,286,286,1545.52,2025-02-18,2025-12-01,23,0,286,19.97
C00445,18,166,165,2133.53,2025-06-18,2025-11-30,19,1,165,97.07000000000001
C00449,7,86,85,140.1,2025-09-06,2025-11-30,8,1,85,21.74
C00452,0,0,0,41.03,2025-12-01,2025-12-01,1,0,0,1472.75
C00453,1,13,2,82.63000000000001,2025-11-18,2025-11-20,2,11,2,392.5
C00459,25,175,154,2064.62,2025-06-09,2025-11-10,26,21,154,203.17
C00469,18,35,35,2037.0900000000001,2025-10-27,2025-12-01,19,0,35,2351.47
C00470,19,40,37,690.8100000000001,2025-10-22,2025-11-28,20,3,37,665.47
C00472,1,3,3,137.14,2025-11-28,2025-12-01,2,0,3,455.38
C00473,27,89,84,2178.45,2025-09-03,2025-11-26,28,5,84,411.67
C00475,53,238,238,2595.88,2025-04-07,2025-12-01,54,0,238,303.67
C00476,24,232,214,1042.9,2025-04-13,2025-11-13,25,18,214,174.64999999999998
C00478,18,204,197,91.83,2025-05-11,2025-11-24,19,7,197,3.89
C00479,15,84,80,504.12,2025-09-08,2025-11-27,16,4,80,128.91
C00481,2,71,16,307.68,2025-09-21,2025-10-07,3,55,16,180.02
C00482,3,69,45,549.2,2025-09-23,2025-11-07,4,24,45,61.11
C00484,16,101,100,1195.8,2025-08-22,2025-11-30,17,1,100,490.87
C00485,20,192,191,1267.2,2025-05-23,2025-11-30,21,1,191,242.85
C00487,12,109,109,1132.23,2025-08-14,2025-12-01,13,0,109,479.31
C00488,31,72,69,2019.37,2025-09-20,2025-11-28,32,3,69,1039.57
C00490,58,271,268,8253.09,2025-03-05,2025-11-28,59,3,268,1338.12
C00492,22,157,150,1492.19,2025-06-27,2025-11-24,23,7,150,193.07
C00493,27,185,175,3320.39,2025-05-30,2025-11-21,28,10,175,532.8199999999999
C00496,19,94,85,314.08,2025-08-29,2025-11-22,20,9,85,117.36000000000001
C00497,4,31,23,429.61,2025-10-31,2025-11-23,5,8,23,290.33
C00503,6,30,26,185.65,2025-11-01,2025-11-27,7,4,26,274.54
C00507,63,266,266,2375.71,2025-03-10,2025-12-01,64,0,266,197.25
C00512,2,76,69,117.00999999999999,2025-09-16,2025-11-24,3,7,69,44.87
C00515,16,16,14,66.34,2025-11-15,2025-11-29,17,2,14,97.93
C00517,4,85,46,85.28,2025-09-07,2025-10-23,5,39,46,24.31
C00523,37,219,216,1447.2,2025-04-26,2025-11-28,38,3,216,82.82000000000001
C00525,4,91,71,108.33,2025-09-01,2025-11-11,5,20,71,60.510000000000005
C00526,7,62,59,469.96000000000004,2025-09-30,2025-11-28,8,3,59,133.96
C00527,11,95,94,435.84,2025-08-28,2025-11-30,12,1,94,39.81
C00528,11,22,21,358.90999999999997,2025-11-09,2025-11-30,12,1,21,319.93
C00529,11,40,38,499.0,2025-10-22,2025-11-29,12,2,38,35.19
C00530,44,146,144,4146.28,2025-07-08,2025-11-29,45,2,144,1871.58
C00532,1,34,34,100.92,2025-10-28,2025-12-01,2,0,34,35.28
C00533,2,33,13,158.95999999999998,2025-10-29,2025-11-11,3,20,13,227.39
C00536,3,24,23,265.75,2025-11-07,2025-11-30,4,1,23,55.17
C00540,2,114,19,208.85,2025-08-09,2025-08-28,3,95,19,501.6
C00547,3,220,210,119.61,2025-04-25,2025-11-21,4,10,210,42.27
C00548,14,66,63,2096.22,2025-09-26,2025-11-28,15,3,63,367.34000000000003
C00549,1,5,2,23.84,2025-11-26,2025-11-28,2,3,2,657.02
C00553,3,4,4,40.59,2025-11-27,2025-12-01,4,0,4,234.45
C00557,25,166,164,900.18,2025-06-18,2025-11-29,26,2,164,161.91
C00558,3,192,184,271.85,2025-05-23,2025-11-23,4,8,184,158.36
C00559,5,101,80,538.89,2025-08-22,2025-11-10,6,21,80,133.85000000000002
C00561,1,1,1,55.42,2025-11-30,2025-12-01,2,0,1,1292.91
C00562,4,23,13,146.53,2025-11-08,2025-11-21,5,10,13,589.1700000000001
C00568,14,202,155,1211.25,2025-05-13,2025-10-15,15,47,155,161.23
C00572,1,40,31,59.31,2025-10-22,2025-11-22,2,9,31,79.13
C00575,56,179,178,2058.47,2025-06-05,2025-11-30,57,1,178,181.96
C00579,8,15,13,776.44,2025-11-16,2025-11-29,9,2,13,784.67
C00580,3,30,20,613.87,2025-11-01,2025-11-21,4,10,20,956.64
C00582,29,168,168,780.73,2025-06-16,2025-12-01,30,0,168,290.81
C00588,22,140,127,1147.43,2025-07-14,2025-11-18,23,13,127,128.85
C00596,7,54,53,93.82,2025-10-08,2025-11-30,8,1,53,87.6
C00599,73,151,151,4378.03,2025-07-03,2025-12-01,74,0,151,931.12
C00600,50,168,168,6993.64,2025-06-16,2025-12-01,51,0,168,1460.35
C00603,9,123,121,890.72,2025-07-31,2025-11-29,10,2,121,202.55
C00604,58,77,76,2004.16,2025-09-15,2025-11-30,59,1,76,1056.24
C00609,35,160,156,2093.5,2025-06-24,2025-11-27,36,4,156,54.64
C00612,5,15,11,1149.08,2025-11-16,2025-11-27,6,4,11,1616.28
C00613,16,42,41,1141.9,2025-10-20,2025-11-30,17,1,41,771.69
C00614,3,199,199,245.26000000000002,2025-05-16,2025-12-01,4,0,199,31.31
C00616,0,3,0,15.3,2025-11-28,2025-11-28,1,3,0,225.2
C00617,13,140,137,491.36,2025-07-14,2025-11-28,14,3,137,83.44
C00621,19,136,130,1455.87,2025-07-18,2025-11-25,20,6,130,125.45
C00622,0,8,0,62.73,2025-11-23,2025-11-23,1,8,0,179.37
C00625,26,269,255,1036.92,2025-03-07,2025-11-17,27,14,255,192.09
C00628,17,110,108,881.0,2025-08-13,2025-11-29,18,2,108,162.24
C00631,13,131,131,1300.8,2025-07-23,2025-12-01,14,0,131,272.41999999999996
C00635,1,22,10,178.04,2025-11-09,2025-11-19,2,12,10,319.90999999999997
C00636,8,195,186,290.46,2025-05-20,2025-11-22,9,9,186,37.41
C00637,13,38,33,715.65,2025-10-24,2025-11-26,14,5,33,1166.89
C00644,15,222,209,1423.0,2025-04-23,2025-11-18,16,13,209,93.23
C00645,3,35,31,244.47,2025-10-27,2025-11-27,4,4,31,247.54999999999998
C00646,12,31,26,630.83,2025-10-31,2025-11-26,13,5,26,1451.0
C00648,7,78,76,258.25,2025-09-14,2025-11-29,8,2,76,15.63
C00650,9,173,162,752.86,2025-06-11,2025-11-20,10,11,162,6.23
C00652,1,7,0,139.09,2025-11-24,2025-11-24,2,7,0,625.55
C00655,35,237,223,1442.88,2025-04-08,2025-11-17,36,14,223,97.25999999999999
C00657,3,2,1,61.879999999999995,2025-11-29,2025-11-30,4,1,1,817.6800000000001
C00660,16,62,55,909.12,2025-09-30,2025-11-24,17,7,55,364.02
C00663,11,226,222,640.02,2025-04-19,2025-11-27,12,4,222,28.96
C00666,18,278,267,493.40999999999997,2025-02-26,2025-11-20,19,11,267,191.33
C00667,14,58,58,1434.81,2025-10-04,2025-12-01,15,0,58,1066.97
C00672,9,89,83,270.14,2025-09-03,2025-11-25,10,6,83,203.01
C00674,11,88,88,1141.01,2025-09-04,2025-12-01,12,0,88,260.19
C00676,3,2,1,332.62,2025-11-29,2025-11-30,4,1,1,2478.09
C00678,7,120,118,211.76,2025-08-03,2025-11-29,8,2,118,67.63
C00680,7,19,15,462.46999999999997,2025-11-12,2025-11-27,8,4,15,474.12
C00682,25,162,157,1664.74,2025-06-22,2025-11-26,26,5,157,95.73
C00684,6,71,61,117.39,2025-09-21,2025-11-21,7,10,61,18.45
C00686,6,74,73,497.98,2025-09-18,2025-11-30,7,1,73,635.55
C00687,9,63,62,620.46,2025-09-29,2025-11-30,10,1,62,435.21000000000004
C00689,3,31,26,160.88,2025-10-31,2025-11-26,4,5,26,73.95
C00692,24,244,232,1687.53,2025-04-01,2025-11-19,25,12,232,62.54
C00693,37,281,278,852.02,2025-02-23,2025-11-28,38,3,278,94.73
C00695,36,89,80,1248.2,2025-09-03,2025-11-22,37,9,80,823.03
C00697,10,35,34,100.28,2025-10-27,2025-11-30,11,1,34,90.68
C00701,18,114,105,834.47,2025-08-09,2025-11-22,19,9,105,115.71000000000001
C00713,25,203,198,1897.99,2025-05-12,2025-11-26,26,5,198,405.97
C00715,14,63,57,239.79,2025-09-29,2025-11-25,15,6,57,73.02
C00716,13,71,65,438.4,2025-09-21,2025-11-25,14,6,65,177.25
C00723,9,95,94,1316.02,2025-08-28,2025-11-30,10,1,94,172.05
C00724,31,277,261,3328.82,2025-02-27,2025-11-15,32,16,261,338.84000000000003
C00728,22,154,151,720.19,2025-06-30,2025-11-28,23,3,151,89.33
C00732,19,93,86,1671.6,2025-08-30,2025-11-24,20,7,86,1324.91
C00733,4,44,31,273.68,2025-10-18,2025-11-18,5,13,31,40.1
C00734,2,61,48,170.98,2025-10-01,2025-11-18,3,13,48,25.67
C00741,9,64,46,282.74,2025-09-28,2025-11-13,10,18,46,73.46000000000001
C00742,6,28,28,56.06,2025-11-03,2025-12-01,7,0,28,59.73
C00746,10,107,94,873.46,2025-08-16,2025-11-18,11,13,94,367.15999999999997
C00750,11,95,72,1177.71,2025-08-28,2025-11-08,12,23,72,219.4
C00754,29,91,90,1045.08,2025-09-01,2025-11-30,30,1,90,225.22
C00761,29,86,82,2296.26,2025-09-06,2025-11-27,30,4,82,512.3
C00762,5,138,85,255.64,2025-07-16,2025-10-09,6,53,85,105.32
C00763,65,58,57,4732.98,2025-10-04,2025-11-30,66,1,57,2879.97
C00766,38,274,271,960.42,2025-03-02,2025-11-28,39,3,271,106.88
C00767,3,1,0,96.1,2025-11-30,2025-11-30,4,1,0,527.12
C00768,37,89,89,1008.55,2025-09-03,2025-12-01,38,0,89,157.07999999999998
C00771,5,19,14,836.52,2025-11-12,2025-11-26,6,5,14,1982.35
C00778,20,29,28,1230.66,2025-11-02,2025-11-30,21,1,28,3092.27
C00779,5,65,46,258.93,2025-09-27,2025-11-12,6,19,46,138.87
C00780,19,213,196,481.65,2025-05-02,2025-11-14,20,17,196,94.91000000000001
C00782,6,61,58,315.45,2025-10-01,2025-11-28,7,3,58,40.92
C00789,78,52,52,2760.46,2025-10-10,2025-12-01,79,0,52,1463.85
C00790,16,102,75,320.15,2025-08-21,2025-11-04,17,27,75,41.06
C00793,26,51,46,2441.26,2025-10-11,2025-11-26,27,5,46,1151.74
C00797,0,3,0,107.04,2025-11-28,2025-11-28,1,3,0,1949.19
C00803,7,110,90,495.91999999999996,2025-08-13,2025-11-11,8,20,90,303.39
C00807,9,21,21,474.47,2025-11-10,2025-12-01,10,0,21,314.09
C00811,3,11,4,221.65,2025-11-20,2025-11-24,4,7,4,323.95
C00814,2,4,3,244.09,2025-11-27,2025-11-30,3,1,3,26.47
C00816,9,94,93,178.89,2025-08-29,2025-11-30,10,1,93,56.44
C00817,38,231,227,2651.78,2025-04-14,2025-11-27,39,4,227,210.34
C00818,26,234,221,752.5600000000001,2025-04-11,2025-11-18,27,13,221,116.80000000000001
C00819,19,257,250,2608.32,2025-03-19,2025-11-24,20,7,250,429.91
C00822,4,12,8,79.0,2025-11-19,2025-11-27,5,4,8,262.83
C00823,2,178,86,39.79,2025-06-06,2025-08-31,3,92,86,21.72
C00825,10,22,20,748.79,2025-11-09,2025-11-29,11,2,20,836.5
C00827,5,30,28,257.64,2025-11-01,2025-11-29,6,2,28,780.75
C00828,17,253,227,440.99,2025-03-23,2025-11-05,18,26,227,79.07
C00830,5,69,34,451.53,2025-09-23,2025-10-27,6,35,34,84.71
C00833,5,20,18,385.44,2025-11-11,2025-11-29,6,2,18,1983.3
C00834,37,141,140,795.78,2025-07-13,2025-11-30,38,1,140,142.45000000000002
C00835,15,10,10,704.59,2025-11-21,2025-12-01,16,0,10,1639.77
C00837,7,19,15,672.39,2025-11-12,2025-11-27,8,4,15,955.04
C00838,5,64,62,384.84999999999997,2025-09-28,2025-11-29,6,2,62,162.18
C00839,4,56,48,461.47,2025-10-06,2025-11-23,5,8,48,163.01999999999998
C00841,4,94,60,249.37,2025-08-29,2025-10-28,5,34,60,74.04
C00842,14,137,125,708.81,2025-07-17,2025-11-19,15,12,125,269.59
C00843,22,100,99,569.3199999999999,2025-08-23,2025-11-30,23,1,99,165.36
C00846,8,31,28,413.77,2025-10-31,2025-11-28,9,3,28,612.23
C00847,11,101,86,184.53,2025-08-22,2025-11-16,12,15,86,19.96
C00850,11,78,71,258.95,2025-09-14,2025-11-24,12,7,71,84.44
C00852,13,97,89,840.99,2025-08-26,2025-11-23,14,8,89,16.1
C00864,2,57,54,58.8,2025-10-05,2025-11-28,3,3,54,113.49000000000001
C00865,9,107,106,599.11,2025-08-16,2025-11-30,10,1,106,82.1
C00866,0,0,0,22.37,2025-12-01,2025-12-01,1,0,0,1219.99
C00875,19,28,28,852.6,2025-11-03,2025-12-01,20,0,28,904.11
C00878,13,33,29,260.67,2025-10-29,2025-11-27,14,4,29,73.58
C00879,10,213,207,741.13,2025-05-02,2025-11-25,11,6,207,171.21
C00880,0,1,0,28.99,2025-11-30,2025-11-30,1,1,0,167.32
C00883,31,71,68,2297.35,2025-09-21,2025-11-28,32,3,68,1285.24
C00884,7,1,0,1340.18,2025-11-30,2025-11-30,8,1,0,9111.31
C00887,18,107,105,1396.76,2025-08-16,2025-11-29,19,2,105,75.66
C00888,3,81,47,314.49,2025-09-11,2025-10-28,4,34,47,361.17
C00890,11,166,158,1814.9,2025-06-18,2025-11-23,12,8,158,109.71
C00892,22,191,166,1151.88,2025-05-24,2025-11-06,23,25,166,391.79999999999995
C00893,9,21,20,678.39,2025-11-10,2025-11-30,10,1,20,1385.1200000000001
C00894,24,163,161,3018.1,2025-06-21,2025-11-29,25,2,161,343.15
C00896,21,129,124,1633.4,2025-07-25,2025-11-26,22,5,124,220.81
C00898,9,113,109,861.81,2025-08-10,2025-11-27,10,4,109,202.29
C00903,3,14,7,54.300000000000004,2025-11-17,2025-11-24,4,7,7,189.71
C00905,2,93,93,131.75,2025-08-30,2025-12-01,3,0,93,81.45
C00906,3,39,35,452.98,2025-10-23,2025-11-27,4,4,35,283.94
C00911,1,8,2,67.23,2025-11-23,2025-11-25,2,6,2,1.61
C00912,8,261,261,267.97,2025-03-15,2025-12-01,9,0,261,11.32
C00918,1,4,1,33.370000000000005,2025-11-27,2025-11-28,2,3,1,646.68
C00922,0,8,0,32.52,2025-11-23,2025-11-23,1,8,0,138.72
C00924,17,123,120,240.61,2025-07-31,2025-11-28,18,3,120,163.32999999999998
C00925,11,78,76,495.4,2025-09-14,2025-11-29,12,2,76,280.05
C00928,4,92,61,393.53,2025-08-31,2025-10-31,5,31,61,216.9
C00932,7,34,26,561.35,2025-10-28,2025-11-23,8,8,26,325.22
C00933,3,91,62,39.62,2025-09-01,2025-11-02,4,29,62,16.099999999999998
C00934,14,91,91,1830.65,2025-09-01,2025-12-01,15,0,91,428.13
C00936,0,24,0,12.88,2025-11-07,2025-11-07,1,24,0,8.64
C00941,12,72,61,1389.96,2025-09-20,2025-11-20,13,11,61,88.39
C00942,3,24,24,234.24,2025-11-07,2025-12-01,4,0,24,9.56
C00946,30,56,54,1188.99,2025-10-06,2025-11-29,31,2,54,556.46
C00956,6,161,115,491.17,2025-06-23,2025-10-16,7,46,115,109.1
C00957,1,1,0,144.03,2025-11-30,2025-11-30,2,1,0,421.92999999999995
C00959,31,58,58,1439.24,2025-10-04,2025-12-01,32,0,58,624.0699999999999
C00960,29,128,127,3916.82,2025-07-26,2025-11-30,30,1,127,844.6999999999999
C00961,27,86,83,1012.66,2025-09-06,2025-11-28,28,3,83,270.55
C00962,14,214,159,385.65,2025-05-01,2025-10-07,15,55,159,47.03
C00963,33,39,39,1440.71,2025-10-23,2025-12-01,34,0,39,1210.01
C00964,6,68,67,212.11,2025-09-24,2025-11-30,7,1,67,111.93
C00969,5,10,10,542.8399999999999,2025-11-21,2025-12-01,6,0,10,756.71
C00970,28,257,257,1049.46,2025-03-19,2025-12-01,29,0,257,17.2
C00973,2,17,10,55.89,2025-11-14,2025-11-24,3,7,10,78.14
C00974,0,60,0,8.93,2025-10-02,2025-10-02,1,60,0,59.76
C00975,39,139,139,3551.87,2025-07-15,2025-12-01,40,0,139,1000.1600000000001
C00978,13,219,217,1280.24,2025-04-26,2025-11-29,14,2,217,233.35
C00980,12,98,81,696.51,2025-08-25,2025-11-14,13,17,81,59.46
C00981,31,99,99,1728.2,2025-08-24,2025-12-01,32,0,99,700.4399999999999
C00985,1,19,8,31.32,2025-11-12,2025-11-20,2,11,8,53.82
C00986,16,154,148,869.05,2025-06-30,2025-11-25,17,6,148,55.22
C00988,31,12,12,1238.53,2025-11-19,2025-12-01,32,0,12,2061.2
C00989,10,93,93,1895.69,2025-08-30,2025-12-01,11,0,93,659.1800000000001
C00999,4,56,17,124.0,2025-10-06,2025-10-23,5,39,17,13.1
C01001,0,2,0,179.27,2025-11-29,2025-11-29,1,2,0,1066.35
C01002,1,1,0,11.129999999999999,2025-11-30,2025-11-30,2,1,0,85.05
C01005,23,113,105,1674.23,2025-08-10,2025-11-23,24,8,105,270.28
C01009,18,211,179,756.59,2025-05-04,2025-10-30,19,32,179,77.93
C01011,17,179,161,813.27,2025-06-05,2025-11-13,18,18,161,82.23
C01012,6,9,9,190.87,2025-11-22,2025-12-01,7,0,9,640.0
C01013,59,151,150,4654.26,2025-07-03,2025-11-30,60,1,150,689.9200000000001
C01016,11,144,127,317.23,2025-07-10,2025-11-14,12,17,127,41.88
C01017,22,42,39,1154.13,2025-10-20,2025-11-28,23,3,39,614.18
C01021,2,103,40,146.63,2025-08-20,2025-09-29,3,63,40,117.61000000000001
C01022,7,74,71,699.41,2025-09-18,2025-11-28,8,3,71,42.45
C01023,8,108,87,820.33,2025-08-15,2025-11-10,9,21,87,574.8199999999999
C01029,7,64,54,942.8,2025-09-28,2025-11-21,8,10,54,131.94
C01037,5,19,13,471.77,2025-11-12,2025-11-25,6,6,13,318.16999999999996
C01045,19,98,96,1417.29,2025-08-25,2025-11-29,20,2,96,56.87
C01047,10,160,150,353.57,2025-06-24,2025-11-21,11,10,150,20.43
C01049,3,87,82,245.84,2025-09-05,2025-11-26,4,5,82,58.71
C01051,35,325,322,1622.44,2025-01-10,2025-11-28,36,3,322,276.75
C01052,16,115,114,473.67,2025-08-08,2025-11-30,17,1,114,120.64999999999999
C01056,14,45,44,947.52,2025-10-17,2025-11-30,15,1,44,759.9200000000001
C01057,6,20,19,827.06,2025-11-11,2025-11-30,7,1,19,191.89
C01066,4,154,112,627.27,2025-06-30,2025-10-20,5,42,112,425.26
C01076,19,114,114,375.45,2025-08-09,2025-12-01,20,0,114,67.6
C01078,33,284,284,2396.5,2025-02-20,2025-12-01,34,0,284,597.0799999999999
C01079,8,47,45,69.34,2025-10-15,2025-11-29,9,2,45,46.34
C01081,12,19,19,750.06,2025-11-12,2025-12-01,13,0,19,2031.69
C01082,32,85,83,1362.83,2025-09-07,2025-11-29,33,2,83,381.95000000000005
C01083,6,71,47,492.08,2025-09-21,2025-11-07,7,24,47,440.05
C01086,1,3,1,175.09,2025-11-28,2025-11-29,2,2,1,401.1
C01089,30,175,170,5096.23,2025-06-09,2025-11-26,31,5,170,567.0799999999999
C01091,5,141,114,319.72,2025-07-13,2025-11-04,6,27,114,276.18
C01092,2,22,8,83.41,2025-11-09,2025-11-17,3,14,8,197.39
C01093,48,176,171,6610.59,2025-06-08,2025-11-26,49,5,171,716.32
C01101,23,152,150,1111.23,2025-07-02,2025-11-29,24,2,150,71.53
C01102,2,42,21,264.13,2025-10-20,2025-11-10,3,21,21,58.599999999999994
C01103,13,81,77,1488.75,2025-09-11,2025-11-27,14,4,77,182.84
C01107,20,60,57,1064.38,2025-10-02,2025-11-28,21,3,57,379.72
C01109,18,45,43,712.49,2025-10-17,2025-11-29,19,2,43,323.65
C01115,20,198,197,1111.17,2025-05-17,2025-11-30,21,1,197,237.14999999999998
C01117,5,29,25,85.97,2025-11-02,2025-11-27,6,4,25,53.18
C01118,32,155,148,762.69,2025-06-29,2025-11-24,33,7,148,213.81
C01123,3,16,16,333.09,2025-11-15,2025-12-01,4,0,16,532.54
C01125,17,239,223,570.3199999999999,2025-04-06,2025-11-15,18,16,223,16.03
C01126,67,74,74,561.48,2025-09-18,2025-12-01,68,0,74,194.13
C01130,41,111,111,3809.9900000000002,2025-08-12,2025-12-01,42,0,111,643.14
C01131,82,214,213,6790.85,2025-05-01,2025-11-30,83,1,213,381.81
C01132,41,162,162,1708.71,2025-06-22,2025-12-01,42,0,162,46.35
C01134,61,128,120,5932.91,2025-07-26,2025-11-23,62,8,120,1247.6
C01141,13,83,73,764.86,2025-09-09,2025-11-21,14,10,73,97.33000000000001
C01152,5,51,47,108.03,2025-10-11,2025-11-27,6,4,47,19.44
C01158,7,91,73,530.01,2025-09-01,2025-11-13,8,18,73,576.3
C01159,3,66,60,121.92,2025-09-26,2025-11-25,4,6,60,68.58
C01162,14,88,74,816.8199999999999,2025-09-04,2025-11-17,15,14,74,575.53
C01163,16,83,83,3004.19,2025-09-09,2025-12-01,17,0,83,87.57
C01164,25,73,72,221.64,2025-09-19,2025-11-30,26,1,72,68.72
C01170,10,202,140,478.63,2025-05-13,2025-09-30,11,62,140,27.63
C01172,0,0,0,31.25,2025-12-01,2025-12-01,1,0,0,132.93
C01179,12,106,91,602.17,2025-08-17,2025-11-16,13,15,91,398.47
C01180,6,32,26,745.51,2025-10-30,2025-11-25,7,6,26,445.71
C01183,13,77,72,903.27,2025-09-15,2025-11-26,14,5,72,155.98000000000002
C01186,44,191,186,3303.24,2025-05-24,2025-11-26,45,5,186,149.32
C01187,2,8,8,33.63,2025-11-23,2025-12-01,3,0,8,210.66
C01189,79,188,184,6722.97,2025-05-27,2025-11-27,80,4,184,923.86
C01191,16,17,16,2383.02,2025-11-14,2025-11-30,17,1,16,2098.66
C01193,34,278,267,1457.48,2025-02-26,2025-11-20,35,11,267,271.64
C01197,8,39,38,786.26,2025-10-23,2025-11-30,9,1,38,484.07
C01199,29,78,73,1630.25,2025-09-14,2025-11-26,30,5,73,206.95
C01200,26,194,189,941.25,2025-05-21,2025-11-26,27,5,189,75.06
C01201,16,143,131,982.61,2025-07-11,2025-11-19,17,12,131,284.76
C01202,22,117,101,3770.59,2025-08-06,2025-11-15,23,16,101,126.1
C01208,14,100,88,564.54,2025-08-23,2025-11-19,15,12,88,147.58999999999997
C01210,1,4,3,156.75,2025-11-27,2025-11-30,2,1,3,763.36
C01211,2,5,5,112.21,2025-11-26,2025-12-01,3,0,5,475.41999999999996
C01213,17,230,208,672.45,2025-04-15,2025-11-09,18,22,208,110.39
C01215,16,192,186,1063.99,2025-05-23,2025-11-25,17,6,186,168.48
C01219,0,0,0,11.19,2025-12-01,2025-12-01,1,0,0,450.61
C01228,15,141,120,745.51,2025-07-13,2025-11-10,16,21,120,184.43
C01230,3,31,8,183.95000000000002,2025-10-31,2025-11-08,4,23,8,294.18
C01231,18,36,36,536.06,2025-10-26,2025-12-01,19,0,36,224.41
C01232,0,4,0,25.01,2025-11-27,2025-11-27,1,4,0,57.800000000000004
C01236,15,71,70,346.42,2025-09-21,2025-11-30,16,1,70,171.73
C01239,1,15,14,221.09,2025-11-16,2025-11-30,2,1,14,412.52
C01242,10,122,118,221.22,2025-08-01,2025-11-27,11,4,118,77.46000000000001
C01252,3,37,28,127.33,2025-10-25,2025-11-22,4,9,28,66.48
C01253,13,39,38,2066.89,2025-10-23,2025-11-30,14,1,38,1191.1699999999998
C01256,6,180,157,511.03,2025-06-04,2025-11-08,7,23,157,134.38
C01260,48,271,266,1317.77,2025-03-05,2025-11-26,49,5,266,72.14999999999999
C01261,12,26,24,829.46,2025-11-05,2025-11-29,13,2,24,1341.45
C01265,1,6,1,29.68,2025-11-25,2025-11-26,2,5,1,172.32999999999998
C01268,28,184,172,2048.43,2025-05-31,2025-11-19,29,12,172,275.08000000000004
C01270,7,195,179,223.25,2025-05-20,2025-11-15,8,16,179,13.3
C01273,1,60,13,174.79,2025-10-02,2025-10-15,2,47,13,244.59
C01274,28,48,48,666.51,2025-10-14,2025-12-01,29,0,48,618.78
C01277,140,243,242,7726.38,2025-04-02,2025-11-30,141,1,242,677.3
C01282,7,33,33,869.76,2025-10-29,2025-12-01,8,0,33,320.19
C01292,1,9,8,112.49,2025-11-22,2025-11-30,2,1,8,586.55
C01293,19,120,118,1284.16,2025-08-03,2025-11-29,20,2,118,408.66
C01295,28,51,50,1304.26,2025-10-11,2025-11-30,29,1,50,567.6899999999999
C01296,29,100,100,1956.72,2025-08-23,2025-12-01,30,0,100,252.92
C01298,6,15,15,135.41,2025-11-16,2025-12-01,7,0,15,130.18
C01299,0,0,0,53.18,2025-12-01,2025-12-01,1,0,0,139.26
C01303,15,104,89,343.44,2025-08-19,2025-11-16,16,15,89,24.64
C01304,5,53,53,254.12,2025-10-09,2025-12-01,6,0,53,164.42000000000002
C01305,30,93,93,824.93,2025-08-30,2025-12-01,31,0,93,152.18
C01309,2,40,30,84.85,2025-10-22,2025-11-21,3,10,30,29.61
C01311,6,13,12,120.15,2025-11-18,2025-11-30,7,1,12,412.07
C01316,0,8,0,73.6,2025-11-23,2025-11-23,1,8,0,271.25
C01322,9,66,63,618.42,2025-09-26,2025-11-28,10,3,63,490.72
C01323,15,197,197,1856.3,2025-05-18,2025-12-01,16,0,197,236.46
C01326,2,22,11,160.10999999999999,2025-11-09,2025-11-20,3,11,11,142.35
C01330,15,47,44,1058.57,2025-10-15,2025-11-28,16,3,44,386.5
C01331,9,19,17,967.6800000000001,2025-11-12,2025-11-29,10,2,17,1365.22
C01332,6,42,33,152.48000000000002,2025-10-20,2025-11-22,7,9,33,60.669999999999995
C01335,8,11,9,469.65,2025-11-20,2025-11-29,9,2,9,1424.73
C01336,86,196,192,2487.34,2025-05-19,2025-11-27,87,4,192,474.68
C01338,6,83,80,82.24,2025-09-09,2025-11-28,7,3,80,33.36
C01339,35,245,244,1579.03,2025-03-31,2025-11-30,36,1,244,33.67
C01343,0,0,0,1.31,2025-12-01,2025-12-01,1,0,0,84.7
C01344,14,132,132,911.53,2025-07-22,2025-12-01,15,0,132,37.86
C01353,14,10,10,492.69,2025-11-21,2025-12-01,15,0,10,655.91
C01356,9,99,96,1131.22,2025-08-24,2025-11-28,10,3,96,449.99
C01359,20,94,83,1153.9,2025-08-29,2025-11-20,21,11,83,410.53
C01364,5,31,30,58.89,2025-10-31,2025-11-30,6,1,30,60.99
C01365,7,10,10,937.98,2025-11-21,2025-12-01,8,0,10,2843.56
C01369,10,12,12,400.38,2025-11-19,2025-12-01,11,0,12,1183.58
C01373,45,167,163,1568.31,2025-06-17,2025-11-27,46,4,163,411.54
C01374,2,24,21,406.75,2025-11-07,2025-11-28,3,3,21,484.34000000000003
C01384,6,25,25,465.06,2025-11-06,2025-12-01,7,0,25,288.78999999999996
C01385,33,305,305,1662.1,2025-01-30,2025-12-01,34,0,305,48.35
C01388,17,181,178,151.77,2025-06-03,2025-11-28,18,3,178,11.89
C01390,31,227,227,1071.33,2025-04-18,2025-12-01,32,0,227,35.07
C01391,88,230,229,2035.36,2025-04-15,2025-11-30,89,1,229,283.37
C01393,14,60,60,581.51,2025-10-02,2025-12-01,15,0,60,256.11
C01396,21,134,134,1470.05,2025-07-20,2025-12-01,22,0,134,105.72
C01399,8,142,123,642.67,2025-07-12,2025-11-12,9,19,123,118.1
C01401,11,147,141,292.23,2025-07-07,2025-11-25,12,6,141,167.39
C01403,0,34,0,8.09,2025-10-28,2025-10-28,1,34,0,1.13
C01408,18,52,52,1265.08,2025-10-10,2025-12-01,19,0,52,175.57
C01409,42,195,186,3288.43,2025-05-20,2025-11-22,43,9,186,206.58999999999997
C01412,15,280,255,824.73,2025-02-24,2025-11-06,16,25,255,60.09
C01413,0,1,0,109.73,2025-11-30,2025-11-30,1,1,0,256.76
C01418,6,164,121,123.45,2025-06-20,2025-10-19,7,43,121,57.86
C01419,3,34,33,657.84,2025-10-28,2025-11-30,4,1,33,572.62
C01421,4,34,32,103.56,2025-10-28,2025-11-29,5,2,32,28.3
C01422,6,62,52,423.76,2025-09-30,2025-11-21,7,10,52,490.90999999999997
C01423,14,139,135,523.89,2025-07-15,2025-11-27,15,4,135,35.21
C01424,23,56,53,2806.81,2025-10-06,2025-11-28,24,3,53,1295.81
C01428,11,83,79,430.92,2025-09-09,2025-11-27,12,4,79,298.58
C01435,1,1,1,119.25,2025-11-30,2025-12-01,2,0,1,1961.93
C01436,20,254,251,755.89,2025-03-22,2025-11-28,21,3,251,204.42
C01437,17,49,47,975.61,2025-10-13,2025-11-29,18,2,47,837.56
C01438,10,44,44,1495.5,2025-10-18,2025-12-01,11,0,44,1256.27
C01440,33,170,163,3228.13,2025-06-14,2025-11-24,34,7,163,54.31
C01443,0,8,0,111.61,2025-11-23,2025-11-23,1,8,0,153.28
C01445,9,52,44,666.95,2025-10-10,2025-11-23,10,8,44,487.12
C01446,12,162,156,601.62,2025-06-22,2025-11-25,13,6,156,93.63
C01448,34,139,132,2674.52,2025-07-15,2025-11-24,35,7,132,222.57
C01454,36,116,116,1928.87,2025-08-07,2025-12-01,37,0,116,70.49
C01457,7,65,47,525.92,2025-09-27,2025-11-13,8,18,47,36.01
C01458,8,89,82,667.4399999999999,2025-09-03,2025-11-24,9,7,82,60.31
C01460,18,101,95,1368.55,2025-08-22,2025-11-25,19,6,95,523.76
C01462,20,115,114,1063.36,2025-08-08,2025-11-30,21,1,114,22.53
C01463,9,24,20,515.85,2025-11-07,2025-11-27,10,4,20,417.19
C01464,10,129,99,577.63,2025-07-25,2025-11-01,11,30,99,83.63
C01466,26,217,196,1222.18,2025-04-28,2025-11-10,27,21,196,380.49
C01469,0,2,0,5.76,2025-11-29,2025-11-29,1,2,0,221.42000000000002
C01470,9,37,37,962.67,2025-10-25,2025-12-01,10,0,37,506.15999999999997
C01471,3,22,14,416.09000000000003,2025-11-09,2025-11-23,4,8,14,638.73
C01474,8,113,77,493.62,2025-08-10,2025-10-26,9,36,77,47.7
C01475,4,30,25,350.14,2025-11-01,2025-11-26,5,5,25,133.32
C01476,11,313,287,849.95,2025-01-22,2025-11-05,12,26,287,100.21000000000001
C01479,10,73,69,1133.8600000000001,2025-09-19,2025-11-27,11,4,69,438.16
C01480,11,30,30,431.62,2025-11-01,2025-12-01,12,0,30,560.05
C01486,17,35,35,1173.54,2025-10-27,2025-12-01,18,0,35,589.97
C01488,84,220,218,3012.39,2025-04-25,2025-11-29,85,2,218,268.54
C01490,35,109,107,2809.85,2025-08-14,2025-11-29,36,2,107,703.71
C01492,81,320,316,1842.64,2025-01-15,2025-11-27,82,4,316,115.36
C01493,3,48,44,229.73999999999998,2025-10-14,2025-11-27,4,4,44,319.95
C01494,14,37,29,1071.18,2025-10-25,2025-11-23,15,8,29,1023.48
C01500,23,141,136,941.0,2025-07-13,2025-11-26,24,5,136,215.51
C01502,19,88,88,1588.2,2025-09-04,2025-12-01,20,0,88,244.2
C01503,11,49,45,654.16,2025-10-13,2025-11-27,12,4,45,313.1
C01504,34,54,53,799.91,2025-10-08,2025-11-30,35,1,53,375.38
C01508,10,42,42,679.0799999999999,2025-10-20,2025-12-01,11,0,42,386.46
C01509,9,163,129,291.09000000000003,2025-06-21,2025-10-28,10,34,129,80.49
C01514,1,2,2,97.72,2025-11-29,2025-12-01,2,0,2,1632.3
C01515,24,125,122,1114.01,2025-07-29,2025-11-28,25,3,122,708.36
C01517,2,41,13,134.12,2025-10-21,2025-11-03,3,28,13,315.64
C01520,10,27,26,213.15,2025-11-04,2025-11-30,11,1,26,125.75
C01521,8,18,15,107.76,2025-11-13,2025-11-28,9,3,15,82.68
C01523,22,151,144,2043.4,2025-07-03,2025-11-24,23,7,144,291.33000000000004
C01524,0,27,0,106.14,2025-11-04,2025-11-04,1,27,0,102.22
C01525,5,71,69,473.33,2025-09-21,2025-11-29,6,2,69,505.59
C01532,1,9,2,45.260000000000005,2025-11-22,2025-11-24,2,7,2,324.48
C01533,20,42,42,1461.98,2025-10-20,2025-12-01,21,0,42,1089.15
C01535,20,110,109,751.4,2025-08-13,2025-11-30,21,1,109,87.69999999999999
C01540,24,160,153,2191.27,2025-06-24,2025-11-24,25,7,153,503.06
C01546,6,50,49,547.77,2025-10-12,2025-11-30,7,1,49,125.35
C01556,2,13,13,157.2,2025-11-18,2025-12-01,3,0,13,170.77
C01557,0,1,0,195.93,2025-11-30,2025-11-30,1,1,0,273.29999999999995
C01560,10,116,95,501.98,2025-08-07,2025-11-10,11,21,95,128.37
C01564,11,189,171,893.62,2025-05-26,2025-11-13,12,18,171,409.89
C01569,20,242,236,1571.45,2025-04-03,2025-11-25,21,6,236,194.51999999999998
C01571,1,3,3,84.54,2025-11-28,2025-12-01,2,0,3,1215.81
C01572,21,26,26,1941.95,2025-11-05,2025-12-01,22,0,26,2805.26
C01573,11,30,28,491.5,2025-11-01,2025-11-29,12,2,28,730.89
C01574,15,129,120,641.51,2025-07-25,2025-11-22,16,9,120,157.55
C01575,6,74,73,398.39,2025-09-18,2025-11-30,7,1,73,232.26
C01576,10,46,38,718.09,2025-10-16,2025-11-23,11,8,38,187.74
C01577,1,9,2,15.26,2025-11-22,2025-11-24,2,7,2,52.6
C01580,0,1,0,92.6,2025-11-30,2025-11-30,1,1,0,246.04999999999998
C01581,8,93,93,473.13,2025-08-30,2025-12-01,9,0,93,274.23
C01582,9,30,29,632.71,2025-11-01,2025-11-30,10,1,29,951.25
C01589,15,160,160,337.14,2025-06-24,2025-12-01,16,0,160,97.61
C01591,46,19,19,2056.63,2025-11-12,2025-12-01,47,0,19,2525.73
C01592,2,19,1,147.63,2025-11-12,2025-11-13,3,18,1,95.9
C01595,5,78,55,134.76999999999998,2025-09-14,2025-11-08,6,23,55,73.66
C01596,1,13,8,85.84,2025-11-18,2025-11-26,2,5,8,436.78
C01601,33,252,252,3796.25,2025-03-24,2025-12-01,34,0,252,860.5699999999999
C01602,3,49,38,398.76,2025-10-13,2025-11-20,4,11,38,256.32
C01603,5,11,10,494.37,2025-11-20,2025-11-30,6,1,10,335.28000000000003
C01605,16,153,143,2766.87,2025-07-01,2025-11-21,17,10,143,793.0
C01609,0,3,0,17.35,2025-11-28,2025-11-28,1,3,0,888.61
C01613,16,22,22,692.9,2025-11-09,2025-12-01,17,0,22,427.8
C01615,3,36,32,94.95,2025-10-26,2025-11-27,4,4,32,18.02
C01617,3,89,83,217.57999999999998,2025-09-03,2025-11-25,4,6,83,51.16
C01619,0,0,0,46.75,2025-12-01,2025-12-01,1,0,0,169.54999999999998
C01621,3,21,13,228.39,2025-11-10,2025-11-23,4,8,13,308.89
C01623,5,46,31,277.81,2025-10-16,2025-11-16,6,15,31,87.78
C01626,10,16,14,1729.75,2025-11-15,2025-11-29,11,2,14,831.06
C01628,6,21,21,264.34000000000003,2025-11-10,2025-12-01,7,0,21,244.79
C01629,2,6,6,172.37,2025-11-25,2025-12-01,3,0,6,97.67
C01636,0,1,0,131.86,2025-11-30,2025-11-30,1,1,0,160.27
C01639,10,211,194,1340.44,2025-05-04,2025-11-14,11,17,194,241.72
C01642,20,61,61,1050.16,2025-10-01,2025-12-01,21,0,61,385.67
C01643,119,200,200,2191.88,2025-05-15,2025-12-01,120,0,200,430.13
C01657,3,240,226,487.25,2025-04-05,2025-11-17,4,14,226,111.65
C01660,43,81,77,946.01,2025-09-11,2025-11-27,44,4,77,310.02
C01661,3,37,33,104.49,2025-10-25,2025-11-27,4,4,33,99.22999999999999
C01662,19,70,68,1469.01,2025-09-22,2025-11-29,20,2,68,697.34
C01667,13,81,76,855.9300000000001,2025-09-11,2025-11-26,14,5,76,206.9
C01668,19,77,76,1211.68,2025-09-15,2025-11-30,20,1,76,334.34999999999997
C01671,24,195,188,2906.17,2025-05-20,2025-11-24,25,7,188,472.20000000000005
C01672,3,217,182,143.35999999999999,2025-04-28,2025-10-27,4,35,182,143.02
C01679,15,141,139,418.35,2025-07-13,2025-11-29,16,2,139,67.32000000000001
C01683,11,81,76,155.24,2025-09-11,2025-11-26,12,5,76,11.04
C01685,3,113,61,701.61,2025-08-10,2025-10-10,4,52,61,329.14
C01687,6,94,71,271.53,2025-08-29,2025-11-08,7,23,71,217.85999999999999
C01693,10,69,66,418.14,2025-09-23,2025-11-28,11,3,66,42.01
C01695,6,34,32,306.27,2025-10-28,2025-11-29,7,2,32,288.67
C01699,10,171,161,1363.0700000000002,2025-06-13,2025-11-21,11,10,161,137.09
C01701,16,57,54,206.37,2025-10-05,2025-11-28,17,3,54,79.46
C01703,11,81,75,172.02,2025-09-11,2025-11-25,12,6,75,36.55
C01704,48,246,246,1067.57,2025-03-30,2025-12-01,49,0,246,17.24
C01705,1,3,1,194.98000000000002,2025-11-28,2025-11-29,2,2,1,904.05
C01709,5,17,13,472.16,2025-11-14,2025-11-27,6,4,13,110.86
C01710,0,0,0,44.2,2025-12-01,2025-12-01,1,0,0,1153.08
C01711,22,124,120,782.57,2025-07-30,2025-11-27,23,4,120,188.72
C01714,0,2,0,68.81,2025-11-29,2025-11-29,1,2,0,298.47
C01715,1,7,1,266.69,2025-11-24,2025-11-25,2,6,1,2030.54
C01716,8,78,76,554.3000000000001,2025-09-14,2025-11-29,9,2,76,127.78
C01717,6,9,9,842.1899999999999,2025-11-22,2025-12-01,7,0,9,1577.8899999999999
C01718,0,17,0,113.05,2025-11-14,2025-11-14,1,17,0,26.01
C01720,47,238,236,2233.25,2025-04-07,2025-11-29,48,2,236,652.99
C01722,37,136,129,2129.0,2025-07-18,2025-11-24,38,7,129,180.64
C01723,24,52,52,583.03,2025-10-10,2025-12-01,25,0,52,268.43
C01724,80,232,232,2644.53,2025-04-13,2025-12-01,81,0,232,86.13
C01727,22,112,102,454.90999999999997,2025-08-11,2025-11-21,23,10,102,61.12
C01733,12,60,60,409.02,2025-10-02,2025-12-01,13,0,60,150.45
C01735,34,138,135,921.14,2025-07-16,2025-11-28,35,3,135,92.11
C01736,1,19,18,515.65,2025-11-12,2025-11-30,2,1,18,98.02
C01737,15,296,294,705.94,2025-02-08,2025-11-29,16,2,294,33.7
C01738,26,56,56,2622.93,2025-10-06,2025-12-01,27,0,56,1520.53
C01743,35,89,89,3066.9,2025-09-03,2025-12-01,36,0,89,1044.58
C01746,59,301,295,553.63,2025-02-03,2025-11-25,60,6,295,34.480000000000004
C01749,7,18,15,529.8,2025-11-13,2025-11-28,8,3,15,631.02
C01751,0,1,0,2.73,2025-11-30,2025-11-30,1,1,0,2051.2999999999997
C01754,84,149,146,8174.62,2025-07-05,2025-11-28,85,3,146,1869.8200000000002
C01755,14,43,42,1383.85,2025-10-19,2025-11-30,15,1,42,974.46
C01769,18,115,108,1579.3600000000001,2025-08-08,2025-11-24,19,7,108,467.94
C01773,1,15,5,32.92,2025-11-16,2025-11-21,2,10,5,64.06
C01774,11,36,36,1190.82,2025-10-26,2025-12-01,12,0,36,596.82
C01775,8,17,16,756.16,2025-11-14,2025-11-30,9,1,16,1675.34
C01779,11,83,66,115.86,2025-09-09,2025-11-14,12,17,66,32.38
C01780,42,217,212,1024.77,2025-04-28,2025-11-26,43,5,212,65.12
C01781,11,81,77,645.93,2025-09-11,2025-11-27,12,4,77,168.82999999999998
C01783,1,6,4,186.35,2025-11-25,2025-11-29,2,2,4,350.98
C01788,1,16,7,56.489999999999995,2025-11-15,2025-11-22,2,9,7,5.51
C01792,5,8,8,155.25,2025-11-23,2025-12-01,6,0,8,624.46
C01793,91,227,227,5218.69,2025-04-18,2025-12-01,92,0,227,967.29
C01795,7,122,122,513.26,2025-08-01,2025-12-01,8,0,122,84.76
C01803,21,254,251,1173.54,2025-03-22,2025-11-28,22,3,251,76.69
C01808,0,5,0,63.17,2025-11-26,2025-11-26,1,5,0,715.47
C01809,33,189,189,1149.51,2025-05-26,2025-12-01,34,0,189,120.77
C01810,37,115,106,668.24,2025-08-08,2025-11-22,38,9,106,239.4
C01813,9,88,81,702.9100000000001,2025-09-04,2025-11-24,10,7,81,287.54
C01814,12,257,226,489.47,2025-03-19,2025-10-31,13,31,226,228.0
C01820,7,161,161,1290.8200000000002,2025-06-23,2025-12-01,8,0,161,49.18
C01823,13,61,59,302.4,2025-10-01,2025-11-29,14,2,59,149.55
C01825,18,99,99,790.62,2025-08-24,2025-12-01,19,0,99,460.42999999999995
C01826,16,96,90,1098.0,2025-08-27,2025-11-25,17,6,90,133.85
C01832,8,36,30,493.43,2025-10-26,2025-11-25,9,6,30,162.44
C01835,19,196,169,621.87,2025-05-19,2025-11-04,20,27,169,99.07
C01836,14,105,104,898.35,2025-08-18,2025-11-30,15,1,104,222.79000000000002
C01839,35,124,123,4124.57,2025-07-30,2025-11-30,36,1,123,692.8
C01841,3,16,11,20.53,2025-11-15,2025-11-26,4,5,11,48.31
C01846,6,26,21,140.46,2025-11-05,2025-11-26,7,5,21,85.25
C01849,7,56,43,1026.5,2025-10-06,2025-11-18,8,13,43,402.75
C01851,16,156,153,418.52,2025-06-28,2025-11-28,17,3,153,15.57
C01854,5,6,6,609.34,2025-11-25,2025-12-01,6,0,6,370.72999999999996
C01858,29,213,213,2311.23,2025-05-02,2025-12-01,30,0,213,570.43
C01861,25,118,118,457.23,2025-08-05,2025-12-01,26,0,118,112.33999999999999
C01869,7,102,93,230.58999999999997,2025-08-21,2025-11-22,8,9,93,10.58
C01872,16,122,120,2082.2799999999997,2025-08-01,2025-11-29,17,2,120,323.01
C01876,16,4,4,1887.0,2025-11-27,2025-12-01,17,0,4,8244.74
C01877,3,113,38,385.89,2025-08-10,2025-09-17,4,75,38,500.63
C01878,8,213,201,447.51,2025-05-02,2025-11-19,9,12,201,85.41999999999999
C01880,0,0,0,4.47,2025-12-01,2025-12-01,1,0,0,183.9
C01881,8,75,69,422.93,2025-09-17,2025-11-25,9,6,69,339.32
C01886,8,89,87,1178.8600000000001,2025-09-03,2025-11-29,9,2,87,508.44
C01887,25,214,209,2870.1,2025-05-01,2025-11-26,26,5,209,165.97
C01890,3,22,8,298.82,2025-11-09,2025-11-17,4,14,8,215.53
C01894,8,70,69,522.99,2025-09-22,2025-11-30,9,1,69,557.02
C01901,22,120,112,1011.33,2025-08-03,2025-11-23,23,8,112,286.92
C01902,14,47,47,677.45,2025-10-15,2025-12-01,15,0,47,423.09000000000003
C01904,14,56,48,1033.22,2025-10-06,2025-11-23,15,8,48,473.89
C01905,46,87,87,1898.53,2025-09-05,2025-12-01,47,0,87,386.93
C01908,22,58,56,758.25,2025-10-04,2025-11-29,23,2,56,324.44
C01909,17,66,65,489.09000000000003,2025-09-26,2025-11-30,18,1,65,527.9
C01910,4,85,74,189.66,2025-09-07,2025-11-20,5,11,74,143.3
C01912,21,84,84,614.91,2025-09-08,2025-12-01,22,0,84,232.49
C01915,3,56,43,87.64,2025-10-06,2025-11-18,4,13,43,8.52
C01917,13,74,73,155.19,2025-09-18,2025-11-30,14,1,73,35.11
C01920,55,95,95,3490.15,2025-08-28,2025-12-01,56,0,95,1036.46
C01924,4,11,9,196.99,2025-11-20,2025-11-29,5,2,9,164.35999999999999
C01925,22,71,66,1198.71,2025-09-21,2025-11-26,23,5,66,414.59000000000003
C01932,58,140,140,1840.02,2025-07-14,2025-12-01,59,0,140,256.69
C01933,10,61,35,364.43,2025-10-01,2025-11-05,11,26,35,65.25
C01936,12,138,135,605.13,2025-07-16,2025-11-28,13,3,135,170.01
C01942,19,97,87,880.09,2025-08-26,2025-11-21,20,10,87,106.56
C01943,56,263,250,1310.41,2025-03-13,2025-11-18,57,13,250,93.78
C01947,0,0,0,104.39,2025-12-01,2025-12-01,1,0,0,1065.25
C01948,20,80,76,907.5799999999999,2025-09-12,2025-11-27,21,4,76,276.32
C01955,11,122,120,1689.73,2025-08-01,2025-11-29,12,2,120,128.23
C01956,14,9,9,420.49,2025-11-22,2025-12-01,15,0,9,1137.63
C01957,6,97,85,171.08,2025-08-26,2025-11-19,7,12,85,273.74
C01958,17,296,284,738.0,2025-02-08,2025-11-19,18,12,284,27.58
C01963,9,30,29,150.27,2025-11-01,2025-11-30,10,1,29,60.510000000000005
C01966,2,14,6,36.48,2025-11-17,2025-11-23,3,8,6,182.19
C01973,19,193,191,758.74,2025-05-22,2025-11-29,20,2,191,305.9
C01974,26,47,47,997.16,2025-10-15,2025-12-01,27,0,47,679.4
C01980,62,285,274,3585.85,2025-02-19,2025-11-20,63,11,274,418.65
C01982,7,47,45,474.45,2025-10-15,2025-11-29,8,2,45,246.03
C01986,51,152,146,5325.16,2025-07-02,2025-11-25,52,6,146,304.14
C01988,26,131,117,413.36,2025-07-23,2025-11-17,27,14,117,62.169999999999995
C01989,8,117,103,496.63,2025-08-06,2025-11-17,9,14,103,44.97
C01990,4,98,39,104.81,2025-08-25,2025-10-03,5,59,39,57.1
C01991,28,146,145,289.24,2025-07-08,2025-11-30,29,1,145,74.19
C01994,9,70,66,560.8100000000001,2025-09-22,2025-11-27,10,4,66,287.76
C01995,9,122,93,1251.8400000000001,2025-08-01,2025-11-02,10,29,93,87.6
C01996,11,79,76,58.27,2025-09-13,2025-11-28,12,3,76,23.87
C01998,48,104,104,1392.81,2025-08-19,2025-12-01,49,0,104,576.5
C02000,7,30,25,489.75,2025-11-01,2025-11-26,8,5,25,276.0
C02001,6,137,130,214.18,2025-07-17,2025-11-24,7,7,130,17.7
C02006,11,29,29,664.83,2025-11-02,2025-12-01,12,0,29,434.81
C02007,17,81,77,2152.14,2025-09-11,2025-11-27,18,4,77,344.22
C02008,27,258,246,902.16,2025-03-18,2025-11-19,28,12,246,30.26
C02011,10,156,146,717.55,2025-06-28,2025-11-21,11,10,146,86.13
C02012,27,42,40,577.49,2025-10-20,2025-11-29,28,2,40,354.11
C02014,67,113,113,3397.12,2025-08-10,2025-12-01,68,0,113,1292.72
C02016,7,197,187,368.42,2025-05-18,2025-11-21,8,10,187,220.41
C02018,8,17,13,148.48000000000002,2025-11-14,2025-11-27,9,4,13,112.08
C02019,3,5,4,186.73,2025-11-26,2025-11-30,4,1,4,1269.51
C02023,12,114,105,1251.21,2025-08-09,2025-11-22,13,9,105,266.91999999999996
C02024,17,165,159,629.29,2025-06-19,2025-11-25,18,6,159,173.7
C02025,6,53,52,746.05,2025-10-09,2025-11-30,7,1,52,155.28
C02031,7,57,57,417.78000000000003,2025-10-05,2025-12-01,8,0,57,388.75
C02032,4,43,38,24.39,2025-10-19,2025-11-26,5,5,38,56.13
C02034,3,9,7,95.64,2025-11-22,2025-11-29,4,2,7,120.34
C02035,12,96,87,849.94,2025-08-27,2025-11-22,13,9,87,54.77
C02036,21,56,54,2939.7999999999997,2025-10-06,2025-11-29,22,2,54,604.96
C02037,16,161,157,756.07,2025-06-23,2025-11-27,17,4,157,137.16
C02040,91,161,158,1427.59,2025-06-23,2025-11-28,92,3,158,384.19
C02042,18,65,58,693.54,2025-09-27,2025-11-24,19,7,58,184.87
C02044,9,37,36,698.38,2025-10-25,2025-11-30,10,1,36,259.79
C02045,10,101,96,331.3,2025-08-22,2025-11-26,11,5,96,28.77
C02048,25,111,108,1641.35,2025-08-12,2025-11-28,26,3,108,284.99
C02049,10,129,124,896.73,2025-07-25,2025-11-26,11,5,124,193.39
C02052,7,140,125,306.05,2025-07-14,2025-11-16,8,15,125,100.55
C02054,1,2,0,13.42,2025-11-29,2025-11-29,2,2,0,195.35999999999999
C02063,5,72,43,89.08999999999999,2025-09-20,2025-11-02,6,29,43,11.71
C02064,1,135,132,74.64,2025-07-19,2025-11-28,2,3,132,248.17
C02066,2,39,29,478.66999999999996,2025-10-23,2025-11-21,3,10,29,387.86
C02071,32,175,173,954.41,2025-06-09,2025-11-29,33,2,173,94.44
C02073,14,16,16,456.53,2025-11-15,2025-12-01,15,0,16,1570.63
C02077,4,29,22,173.48999999999998,2025-11-02,2025-11-24,5,7,22,82.91
C02079,37,164,164,1086.99,2025-06-20,2025-12-01,38,0,164,159.59
C02081,28,33,32,2717.92,2025-10-29,2025-11-30,29,1,32,1881.98
C02082,19,227,225,237.14999999999998,2025-04-18,2025-11-29,20,2,225,51.19
C02090,9,43,39,202.6,2025-10-19,2025-11-27,10,4,39,30.66
C02091,26,305,298,1453.41,2025-01-30,2025-11-24,27,7,298,266.58
C02092,32,127,120,2882.19,2025-07-27,2025-11-24,33,7,120,458.36
C02093,0,1,0,122.17,2025-11-30,2025-11-30,1,1,0,1755.69
C02094,4,23,19,186.75,2025-11-08,2025-11-27,5,4,19,40.55
C02096,8,137,123,1349.82,2025-07-17,2025-11-17,9,14,123,86.14
C02100,10,38,38,1358.1799999999998,2025-10-24,2025-12-01,11,0,38,834.22
C02103,4,48,36,89.24,2025-10-14,2025-11-19,5,12,36,172.94
C02108,20,163,137,1501.59,2025-06-21,2025-11-05,21,26,137,162.76
C02110,16,82,78,1515.18,2025-09-10,2025-11-27,17,4,78,321.68
C02118,20,33,33,344.37,2025-10-29,2025-12-01,21,0,33,291.86
C02124,17,95,91,419.7,2025-08-28,2025-11-27,18,4,91,118.82
C02125,20,153,125,1465.84,2025-07-01,2025-11-03,21,28,125,923.31
C02127,34,51,51,2630.9900000000002,2025-10-11,2025-12-01,35,0,51,1119.84
C02128,1,8,7,81.96000000000001,2025-11-23,2025-11-30,2,1,7,685.64
C02131,0,0,0,85.42,2025-12-01,2025-12-01,1,0,0,387.81
C02132,25,138,132,3203.24,2025-07-16,2025-11-25,26,6,132,1027.07
C02133,0,4,0,13.79,2025-11-27,2025-11-27,1,4,0,53.46
C02134,36,230,222,402.06,2025-04-15,2025-11-23,37,8,222,9.3
C02136,15,110,96,493.51,2025-08-13,2025-11-17,16,14,96,227.57
C02138,21,113,113,553.08,2025-08-10,2025-12-01,22,0,113,132.17
C02145,7,73,68,340.68,2025-09-19,2025-11-26,8,5,68,47.63
C02149,29,265,254,1960.73,2025-03-11,2025-11-20,30,11,254,490.12
C02150,1,29,1,175.64,2025-11-02,2025-11-03,2,28,1,73.17
C02155,4,87,72,241.07,2025-09-05,2025-11-16,5,15,72,156.45
C02156,83,234,231,4072.17,2025-04-11,2025-11-28,84,3,231,499.25
C02157,7,54,54,582.66,2025-10-08,2025-12-01,8,0,54,331.84000000000003
C02158,9,240,236,567.55,2025-04-05,2025-11-27,10,4,236,161.9
C02170,5,75,69,120.25,2025-09-17,2025-11-25,6,6,69,86.46000000000001
C02172,4,8,6,261.07,2025-11-23,2025-11-29,5,2,6,1195.86
C02174,7,44,38,1000.53,2025-10-18,2025-11-25,8,6,38,1435.72
C02175,2,36,32,414.28999999999996,2025-10-26,2025-11-27,3,4,32,46.95
C02180,5,210,173,377.04,2025-05-05,2025-10-25,6,37,173,71.6
C02181,8,153,144,607.0699999999999,2025-07-01,2025-11-22,9,9,144,106.47
C02183,10,64,52,837.01,2025-09-28,2025-11-19,11,12,52,330.92
C02185,2,6,3,320.36,2025-11-25,2025-11-28,3,3,3,3.0
C02186,0,28,0,32.67,2025-11-03,2025-11-03,1,28,0,173.65
C02188,2,61,50,138.8,2025-10-01,2025-11-20,3,11,50,173.65
C02196,45,246,246,3979.3,2025-03-30,2025-12-01,46,0,246,504.96000000000004
C02200,9,87,84,394.63,2025-09-05,2025-11-28,10,3,84,11.53
C02203,18,103,102,2072.31,2025-08-20,2025-11-30,19,1,102,402.51
C02207,20,137,137,2810.64,2025-07-17,2025-12-01,21,0,137,678.38
C02208,5,100,80,501.62,2025-08-23,2025-11-11,6,20,80,175.76999999999998
C02209,7,18,16,655.38,2025-11-13,2025-11-29,8,2,16,659.28
C02210,1,49,14,27.61,2025-10-13,2025-10-27,2,35,14,121.75
C02211,23,65,65,848.51,2025-09-27,2025-12-01,24,0,65,435.21000000000004
C02213,6,9,8,306.55,2025-11-22,2025-11-30,7,1,8,834.78
C02215,20,125,117,1665.01,2025-07-29,2025-11-23,21,8,117,419.13
C02219,3,17,5,152.52,2025-11-14,2025-11-19,4,12,5,60.24
C02221,2,8,8,417.15999999999997,2025-11-23,2025-12-01,3,0,8,249.4
C02222,37,134,119,2086.94,2025-07-20,2025-11-16,38,15,119,360.75
C02224,1,44,10,123.06,2025-10-18,2025-10-28,2,34,10,31.92
C02228,11,43,42,780.36,2025-10-19,2025-11-30,12,1,42,272.25
C02231,2,1,1,385.90000000000003,2025-11-30,2025-12-01,3,0,1,3138.9
C02235,43,173,173,2859.28,2025-06-11,2025-12-01,44,0,173,501.49
C02237,29,53,53,764.61,2025-10-09,2025-12-01,30,0,53,493.6
C02240,13,144,139,557.4200000000001,2025-07-10,2025-11-26,14,5,139,122.83
C02245,29,69,69,710.32,2025-09-23,2025-12-01,30,0,69,77.21000000000001
C02246,33,245,237,2294.61,2025-03-31,2025-11-23,34,8,237,226.81
C02247,31,94,94,827.37,2025-08-29,2025-12-01,32,0,94,184.46
C02249,20,253,239,587.53,2025-03-23,2025-11-17,21,14,239,52.51
C02252,14,260,252,1463.23,2025-03-16,2025-11-23,15,8,252,156.01
C02257,5,112,89,286.12,2025-08-11,2025-11-08,6,23,89,73.39
C02260,8,51,41,203.53,2025-10-11,2025-11-21,9,10,41,41.33
C02261,11,113,103,1344.98,2025-08-10,2025-11-21,12,10,103,57.23
C02263,1,42,35,392.86,2025-10-20,2025-11-24,2,7,35,48.53
C02265,5,2,2,266.14,2025-11-29,2025-12-01,6,0,2,1126.44
C02266,7,151,150,123.71000000000001,2025-07-03,2025-11-30,8,1,150,97.08
C02267,51,89,88,5028.1,2025-09-03,2025-11-30,52,1,88,1275.48
C02268,0,6,0,19.15,2025-11-25,2025-11-25,1,6,0,519.21
C02269,31,226,221,2492.12,2025-04-19,2025-11-26,32,5,221,102.1
C02270,16,68,68,1429.55,2025-09-24,2025-12-01,17,0,68,935.04
C02271,30,126,125,2640.32,2025-07-28,2025-11-30,31,1,125,597.51
C02272,20,178,174,1062.81,2025-06-06,2025-11-27,21,4,174,221.95
C02273,7,49,49,222.82000000000002,2025-10-13,2025-12-01,8,0,49,27.14
C02277,13,74,72,426.32,2025-09-18,2025-11-29,14,2,72,156.74
C02281,11,61,53,776.18,2025-10-01,2025-11-23,12,8,53,362.84
C02282,1,10,8,23.89,2025-11-21,2025-11-29,2,2,8,86.51
C02283,53,206,206,4595.01,2025-05-09,2025-12-01,54,0,206,342.33
C02291,27,182,178,2622.2400000000002,2025-06-02,2025-11-27,28,4,178,500.56
C02292,43,296,290,784.13,2025-02-08,2025-11-25,44,6,290,23.34
C02293,44,252,252,2650.58,2025-03-24,2025-12-01,45,0,252,332.24
C02295,24,111,110,1631.62,2025-08-12,2025-11-30,25,1,110,506.92
C02299,4,42,41,153.38,2025-10-20,2025-11-30,5,1,41,50.53
C02303,24,228,207,1497.2,2025-04-17,2025-11-10,25,21,207,245.82
C02306,19,217,208,446.38,2025-04-28,2025-11-22,20,9,208,52.42999999999999
C02307,10,37,32,857.0899999999999,2025-10-25,2025-11-26,11,5,32,702.48
C02308,6,18,16,311.34000000000003,2025-11-13,2025-11-29,7,2,16,788.28
C02310,11,108,107,941.11,2025-08-15,2025-11-30,12,1,107,225.7
C02311,1,92,13,321.61,2025-08-31,2025-09-13,2,79,13,270.72
C02312,22,187,181,1697.67,2025-05-28,2025-11-25,23,6,181,72.97999999999999
C02313,0,11,0,7.24,2025-11-20,2025-11-20,1,11,0,98.13
C02315,4,101,90,429.61,2025-08-22,2025-11-20,5,11,90,8.6
C02318,4,44,33,234.41,2025-10-18,2025-11-20,5,11,33,209.43
C02319,5,26,22,165.66,2025-11-05,2025-11-27,6,4,22,431.26
C02320,24,87,83,2036.94,2025-09-05,2025-11-27,25,4,83,894.6800000000001
C02321,0,4,0,7.39,2025-11-27,2025-11-27,1,4,0,30.009999999999998
C02322,8,237,216,1394.69,2025-04-08,2025-11-10,9,21,216,350.83
C02327,9,152,143,1269.88,2025-07-02,2025-11-22,10,9,143,95.21000000000001
C02332,16,194,162,1276.66,2025-05-21,2025-10-30,17,32,162,131.22
C02333,15,75,73,915.09,2025-09-17,2025-11-29,16,2,73,205.5
C02335,2,65,25,252.92000000000002,2025-09-27,2025-10-22,3,40,25,127.06
C02338,10,5,5,1138.15,2025-11-26,2025-12-01,11,0,5,4225.29
C02340,9,196,185,350.22,2025-05-19,2025-11-20,10,11,185,78.08
C02341,4,67,53,530.23,2025-09-25,2025-11-17,5,14,53,7.84
C02342,4,35,34,73.62,2025-10-27,2025-11-30,5,1,34,159.68
C02343,14,92,82,283.4,2025-08-31,2025-11-21,15,10,82,89.99000000000001
C02344,24,129,127,2017.77,2025-07-25,2025-11-29,25,2,127,165.92000000000002
C02346,17,130,129,1055.33,2025-07-24,2025-11-30,18,1,129,271.21
C02351,20,224,201,683.06,2025-04-21,2025-11-08,21,23,201,24.41
C02352,8,131,93,618.5999999999999,2025-07-23,2025-10-24,9,38,93,154.71
C02354,4,23,22,209.45,2025-11-08,2025-11-30,5,1,22,707.23
C02355,7,35,31,840.05,2025-10-27,2025-11-27,8,4,31,614.4
C02361,4,33,29,211.14999999999998,2025-10-29,2025-11-27,5,4,29,512.2
C02362,11,98,97,115.25,2025-08-25,2025-11-30,12,1,97,57.93
C02364,32,214,212,8287.96,2025-05-01,2025-11-29,33,2,212,1374.73
C02365,13,132,116,351.47,2025-07-22,2025-11-15,14,16,116,194.10000000000002
C02368,1,28,4,16.42,2025-11-03,2025-11-07,2,24,4,29.1
C02369,42,276,276,3013.64,2025-02-28,2025-12-01,43,0,276,249.54
C02372,5,90,76,332.82,2025-09-02,2025-11-17,6,14,76,41.9
C02375,11,114,89,848.38,2025-08-09,2025-11-06,12,25,89,91.22999999999999
C02376,10,184,158,697.48,2025-05-31,2025-11-05,11,26,158,80.61
C02382,3,169,97,181.11,2025-06-15,2025-09-20,4,72,97,50.870000000000005
C02386,33,283,283,1779.65,2025-02-21,2025-12-01,34,0,283,140.96
C02389,0,3,0,48.25,2025-11-28,2025-11-28,1,3,0,15.26
C02390,3,4,4,121.61,2025-11-27,2025-12-01,4,0,4,340.05
C02398,8,97,90,565.56,2025-08-26,2025-11-24,9,7,90,60.31
C02400,8,210,195,716.94,2025-05-05,2025-11-16,9,15,195,134.59
C02404,18,103,101,252.66,2025-08-20,2025-11-29,19,2,101,93.66999999999999
C02406,7,25,25,712.36,2025-11-06,2025-12-01,8,0,25,506.91999999999996
C02412,1,8,7,136.92000000000002,2025-11-23,2025-11-30,2,1,7,124.84
C02413,12,133,133,692.01,2025-07-21,2025-12-01,13,0,133,200.61
C02414,17,146,140,2771.94,2025-07-08,2025-11-25,18,6,140,971.46
C02415,10,108,102,863.85,2025-08-15,2025-11-25,11,6,102,146.29000000000002
C02419,18,147,142,1485.96,2025-07-07,2025-11-26,19,5,142,616.23
C02420,28,231,223,2634.59,2025-04-14,2025-11-23,29,8,223,598.79
C02424,2,74,69,138.70999999999998,2025-09-18,2025-11-26,3,5,69,65.07
C02427,11,19,19,451.86,2025-11-12,2025-12-01,12,0,19,762.63
C02431,0,13,0,2.65,2025-11-18,2025-11-18,1,13,0,97.96
C02435,2,40,32,55.620000000000005,2025-10-22,2025-11-23,3,8,32,33.99
C02436,15,84,81,673.79,2025-09-08,2025-11-28,16,3,81,310.11
C02437,2,27,12,77.97,2025-11-04,2025-11-16,3,15,12,1.32
C02439,6,126,95,425.88,2025-07-28,2025-10-31,7,31,95,124.6
C02441,11,176,158,444.04,2025-06-08,2025-11-13,12,18,158,11.84
C02444,26,115,108,2432.56,2025-08-08,2025-11-24,27,7,108,955.42
C02445,9,15,15,593.23,2025-11-16,2025-12-01,10,0,15,1933.81
C02446,9,16,16,838.78,2025-11-15,2025-12-01,10,0,16,1147.54
C02447,3,19,6,131.26999999999998,2025-11-12,2025-11-18,4,13,6,304.17
C02449,27,102,99,3711.69,2025-08-21,2025-11-28,28,3,99,1051.9099999999999
C02451,12,120,109,407.3,2025-08-03,2025-11-20,13,11,109,23.23
C02452,26,216,207,2270.76,2025-04-29,2025-11-22,27,9,207,343.61
C02453,13,99,92,1475.72,2025-08-24,2025-11-24,14,7,92,389.05
C02455,38,182,172,3318.46,2025-06-02,2025-11-21,39,10,172,178.45999999999998
C02462,38,211,210,3314.81,2025-05-04,2025-11-30,39,1,210,426.03
C02464,3,7,7,213.8,2025-11-24,2025-12-01,4,0,7,1438.58
C02469,9,99,91,172.16,2025-08-24,2025-11-23,10,8,91,88.63
C02470,0,4,0,58.54,2025-11-27,2025-11-27,1,4,0,75.96000000000001
C02471,11,80,74,394.98,2025-09-12,2025-11-25,12,6,74,190.85999999999999
C02473,95,87,87,7360.73,2025-09-05,2025-12-01,96,0,87,2158.2
C02475,5,31,23,276.2,2025-10-31,2025-11-23,6,8,23,286.12
C02476,1,4,4,182.55,2025-11-27,2025-12-01,2,0,4,456.28
C02478,19,11,11,1691.62,2025-11-20,2025-12-01,20,0,11,3790.73
C02480,3,17,11,512.88,2025-11-14,2025-11-25,4,6,11,1107.36
C02481,4,64,62,162.7,2025-09-28,2025-11-29,5,2,62,8.66
C02484,4,45,37,407.13,2025-10-17,2025-11-23,5,8,37,227.41
C02489,42,128,128,3331.23,2025-07-26,2025-12-01,43,0,128,675.37
C02491,14,126,111,445.9,2025-07-28,2025-11-16,15,15,111,75.44
C02492,11,15,15,551.7,2025-11-16,2025-12-01,12,0,15,942.06
C02494,41,224,221,6090.34,2025-04-21,2025-11-28,42,3,221,1199.37
C02500,0,4,0,93.5,2025-11-27,2025-11-27,1,4,0,42.58
C02502,20,185,170,1242.52,2025-05-30,2025-11-16,21,15,170,114.89
C02503,15,48,48,290.86,2025-10-14,2025-12-01,16,0,48,106.36
C02504,5,17,17,324.53,2025-11-14,2025-12-01,6,0,17,747.75
C02505,41,270,270,3256.19,2025-03-06,2025-12-01,42,0,270,201.31
C02508,1,1,1,240.34999999999997,2025-11-30,2025-12-01,2,0,1,902.64
C02515,9,38,38,411.0,2025-10-24,2025-12-01,10,0,38,249.6
C02517,9,18,18,700.15,2025-11-13,2025-12-01,10,0,18,747.7900000000001
C02518,12,132,126,780.92,2025-07-22,2025-11-25,13,6,126,147.53
C02519,8,132,80,594.38,2025-07-22,2025-10-10,9,52,80,302.28000000000003
C02523,17,53,53,646.25,2025-10-09,2025-12-01,18,0,53,222.42
C02527,34,135,127,2321.66,2025-07-19,2025-11-23,35,8,127,248.39000000000001
C02528,26,103,103,405.06,2025-08-20,2025-12-01,27,0,103,133.9
C02529,14,73,71,1311.6299999999999,2025-09-19,2025-11-29,15,2,71,103.4
C02533,17,188,178,859.79,2025-05-27,2025-11-21,18,10,178,90.47
C02534,2,16,6,69.19,2025-11-15,2025-11-21,3,10,6,120.33
C02535,31,160,160,854.25,2025-06-24,2025-12-01,32,0,160,84.39999999999999
C02537,7,166,154,230.3,2025-06-18,2025-11-19,8,12,154,141.87
C02539,24,178,169,3992.93,2025-06-06,2025-11-22,25,9,169,228.31
C02544,64,247,236,2923.18,2025-03-29,2025-11-20,65,11,236,293.39
C02545,4,209,191,283.39,2025-05-06,2025-11-13,5,18,191,187.09
C02555,1,9,2,99.44,2025-11-22,2025-11-24,2,7,2,120.87
C02557,4,43,31,210.89000000000001,2025-10-19,2025-11-19,5,12,31,71.02
C02560,16,60,60,687.99,2025-10-02,2025-12-01,17,0,60,6.35
C02562,3,56,42,191.92000000000002,2025-10-06,2025-11-17,4,14,42,135.49
C02564,6,56,52,513.4,2025-10-06,2025-11-27,7,4,52,1068.26
C02566,16,47,46,1034.67,2025-10-15,2025-11-30,17,1,46,240.79000000000002
C02568,5,91,76,503.13,2025-09-01,2025-11-16,6,15,76,178.84
C02569,7,83,58,207.68,2025-09-09,2025-11-06,8,25,58,94.88
C02572,8,174,168,128.57,2025-06-10,2025-11-25,9,6,168,32.160000000000004
C02573,7,47,32,585.8,2025-10-15,2025-11-16,8,15,32,203.2
C02577,5,49,45,597.34,2025-10-13,2025-11-27,6,4,45,158.45999999999998
C02579,5,38,23,336.85,2025-10-24,2025-11-16,6,15,23,81.73
C02586,65,122,120,3608.87,2025-08-01,2025-11-29,66,2,120,999.5
C02591,39,308,308,1374.77,2025-01-27,2025-12-01,40,0,308,54.99
C02593,13,265,224,1262.65,2025-03-11,2025-10-21,14,41,224,130.32
C02595,13,174,147,301.95,2025-06-10,2025-11-04,14,27,147,118.72
C02599,12,54,48,361.12,2025-10-08,2025-11-25,13,6,48,88.03
C02600,0,10,0,10.95,2025-11-21,2025-11-21,1,10,0,127.53
C02602,4,142,134,612.71,2025-07-12,2025-11-23,5,8,134,206.63
C02603,12,29,25,681.88,2025-11-02,2025-11-27,13,4,25,352.85
C02607,38,154,151,2148.08,2025-06-30,2025-11-28,39,3,151,471.38
C02610,12,113,95,732.99,2025-08-10,2025-11-13,13,18,95,180.46
C02615,7,63,36,706.89,2025-09-29,2025-11-04,8,27,36,299.19
C02616,31,40,38,1280.83,2025-10-22,2025-11-29,32,2,38,718.11
C02622,0,10,0,13.74,2025-11-21,2025-11-21,1,10,0,4.61
C02623,18,247,236,361.63,2025-03-29,2025-11-20,19,11,236,83.97
C02624,2,14,8,230.51,2025-11-17,2025-11-25,3,6,8,120.58
C02625,6,173,171,497.06,2025-06-11,2025-11-29,7,2,171,21.81
C02627,2,3,3,118.5,2025-11-28,2025-12-01,3,0,3,1440.1200000000001
C02629,19,119,117,1478.8,2025-08-04,2025-11-29,20,2,117,668.69
C02632,36,197,167,1690.3799999999999,2025-05-18,2025-11-01,37,30,167,106.6
C02634,14,139,129,691.14,2025-07-15,2025-11-21,15,10,129,140.82
C02635,69,194,192,3128.09,2025-05-21,2025-11-29,70,2,192,578.14
C02636,53,148,145,3837.6,2025-07-06,2025-11-28,54,3,145,822.51
C02641,8,17,14,1218.51,2025-11-14,2025-11-28,9,3,14,612.9
C02642,11,73,71,603.83,2025-09-19,2025-11-29,12,2,71,209.14000000000001
C02643,8,64,50,203.08,2025-09-28,2025-11-17,9,14,50,33.14
C02644,24,126,119,2735.99,2025-07-28,2025-11-24,25,7,119,750.1700000000001
C02650,22,101,93,1396.94,2025-08-22,2025-11-23,23,8,93,57.1
C02653,16,81,80,751.54,2025-09-11,2025-11-30,17,1,80,142.46
C02655,77,78,78,1162.56,2025-09-14,2025-12-01,78,0,78,587.14
C02658,39,57,54,4122.64,2025-10-05,2025-11-28,40,3,54,807.88
C02659,4,11,6,337.08000000000004,2025-11-20,2025-11-26,5,5,6,332.71
C02660,6,39,35,235.43,2025-10-23,2025-11-27,7,4,35,123.35
C02662,9,76,64,597.05,2025-09-16,2025-11-19,10,12,64,510.07
C02664,5,14,8,504.64,2025-11-17,2025-11-25,6,6,8,790.53
C02667,9,91,74,167.46,2025-09-01,2025-11-14,10,17,74,86.33
C02670,0,2,0,9.89,2025-11-29,2025-11-29,1,2,0,463.57
C02672,2,14,13,71.19,2025-11-17,2025-11-30,3,1,13,185.56
C02674,12,51,50,809.21,2025-10-11,2025-11-30,13,1,50,645.55
C02675,3,56,39,200.52,2025-10-06,2025-11-14,4,17,39,124.91
C02677,21,93,87,647.4,2025-08-30,2025-11-25,22,6,87,169.21
C02678,18,137,137,680.9,2025-07-17,2025-12-01,19,0,137,62.63
C02680,8,157,148,868.45,2025-06-27,2025-11-22,9,9,148,304.57
C02682,21,72,68,1588.8799999999999,2025-09-20,2025-11-27,22,4,68,984.43
C02685,22,130,130,1957.63,2025-07-24,2025-12-01,23,0,130,216.83
C02686,1,20,11,42.209999999999994,2025-11-11,2025-11-22,2,9,11,44.53
C02690,1,35,8,21.090000000000003,2025-10-27,2025-11-04,2,27,8,51.86
C02691,12,28,27,883.69,2025-11-03,2025-11-30,13,1,27,1135.47
C02693,2,11,5,182.9,2025-11-20,2025-11-25,3,6,5,1493.61
C02694,32,150,144,2930.84,2025-07-04,2025-11-25,33,6,144,817.86
C02700,35,75,74,3171.63,2025-09-17,2025-11-30,36,1,74,646.0500000000001
C02706,61,55,55,2761.0,2025-10-07,2025-12-01,62,0,55,1243.44
C02708,0,11,0,42.67,2025-11-20,2025-11-20,1,11,0,242.20999999999998
C02709,25,60,60,990.5799999999999,2025-10-02,2025-12-01,26,0,60,469.86
C02711,43,251,244,1133.55,2025-03-25,2025-11-24,44,7,244,79.13
C02712,22,41,41,1903.46,2025-10-21,2025-12-01,23,0,41,2162.39
C02719,13,75,68,1595.67,2025-09-17,2025-11-24,14,7,68,1113.59
C02724,27,260,256,2101.57,2025-03-16,2025-11-27,28,4,256,413.93
C02725,3,67,52,176.98000000000002,2025-09-25,2025-11-16,4,15,52,229.79000000000002
C02726,16,5,5,906.63,2025-11-26,2025-12-01,17,0,5,3155.55
C02728,8,157,149,479.86,2025-06-27,2025-11-23,9,8,149,53.74
C02730,3,51,38,419.22,2025-10-11,2025-11-18,4,13,38,302.42
C02731,22,51,46,2582.88,2025-10-11,2025-11-26,23,5,46,1112.43
C02732,8,40,39,91.03,2025-10-22,2025-11-30,9,1,39,29.86
C02734,12,94,94,483.82,2025-08-29,2025-12-01,13,0,94,163.95
C02736,7,37,36,194.03,2025-10-25,2025-11-30,8,1,36,76.0
C02742,22,102,101,1321.68,2025-08-21,2025-11-30,23,1,101,173.3
C02743,2,9,8,37.82,2025-11-22,2025-11-30,3,1,8,119.27
C02745,14,123,122,2568.1800000000003,2025-07-31,2025-11-30,15,1,122,567.47
C02746,2,4,1,149.67000000000002,2025-11-27,2025-11-28,3,3,1,717.38
C02747,20,85,83,131.74,2025-09-07,2025-11-29,21,2,83,71.08
C02748,10,149,126,398.11,2025-07-05,2025-11-08,11,23,126,4.46
C02749,26,101,101,1135.6,2025-08-22,2025-12-01,27,0,101,145.0
C02755,23,125,122,1193.07,2025-07-29,2025-11-28,24,3,122,193.91
C02756,0,4,0,102.68,2025-11-27,2025-11-27,1,4,0,312.5
C02758,3,13,11,342.88,2025-11-18,2025-11-29,4,2,11,583.79
C02762,3,13,11,93.72,2025-11-18,2025-11-29,4,2,11,432.12
C02763,27,154,148,2771.33,2025-06-30,2025-11-25,28,6,148,174.42
C02769,6,33,19,323.69,2025-10-29,2025-11-17,7,14,19,464.1
C02775,9,118,116,1270.99,2025-08-05,2025-11-29,10,2,116,141.2
C02779,48,127,125,1211.61,2025-07-27,2025-11-29,49,2,125,240.03
C02783,13,131,125,463.9,2025-07-23,2025-11-25,14,6,125,179.73000000000002
C02785,3,51,19,157.13,2025-10-11,2025-10-30,4,32,19,122.91
C02789,25,120,120,3319.26,2025-08-03,2025-12-01,26,0,120,361.84
C02790,12,72,69,974.55,2025-09-20,2025-11-28,13,3,69,308.58
C02795,57,214,214,4277.09,2025-05-01,2025-12-01,58,0,214,58.38
C02796,55,187,186,3134.93,2025-05-28,2025-11-30,56,1,186,496.3
C02797,33,156,154,1254.43,2025-06-28,2025-11-29,34,2,154,100.5
C02798,14,175,172,1294.8,2025-06-09,2025-11-28,15,3,172,351.26
C02799,15,31,31,261.07,2025-10-31,2025-12-01,16,0,31,266.88
C02800,11,38,35,1148.27,2025-10-24,2025-11-28,12,3,35,122.78
C02803,3,63,62,174.58,2025-09-29,2025-11-30,4,1,62,73.28
C02805,22,173,170,2027.19,2025-06-11,2025-11-28,23,3,170,169.94
C02808,20,321,309,286.15000000000003,2025-01-14,2025-11-19,21,12,309,11.94
C02811,29,265,264,1582.76,2025-03-11,2025-11-30,30,1,264,234.01999999999998
C02815,12,62,61,1069.6,2025-09-30,2025-11-30,13,1,61,489.94
C02816,23,233,229,1592.2,2025-04-12,2025-11-27,24,4,229,259.84000000000003
C02818,1,36,6,59.83,2025-10-26,2025-11-01,2,30,6,23.39
C02821,47,119,117,3938.75,2025-08-04,2025-11-29,48,2,117,672.88
C02825,29,186,183,2910.39,2025-05-29,2025-11-28,30,3,183,51.03
C02826,33,64,61,642.05,2025-09-28,2025-11-28,34,3,61,188.5
C02827,2,0,0,80.78999999999999,2025-12-01,2025-12-01,3,0,0,182.7
C02830,16,129,103,1580.43,2025-07-25,2025-11-05,17,26,103,529.39
C02832,36,18,18,1449.43,2025-11-13,2025-12-01,37,0,18,2807.4
C02835,30,100,100,1675.58,2025-08-23,2025-12-01,31,0,100,694.59
C02838,17,35,34,746.88,2025-10-27,2025-11-30,18,1,34,374.1
C02839,20,221,221,1268.47,2025-04-24,2025-12-01,21,0,221,47.75
C02849,6,39,31,289.63,2025-10-23,2025-11-23,7,8,31,242.41
C02850,12,35,33,758.39,2025-10-27,2025-11-29,13,2,33,553.05
C02852,11,90,81,888.1800000000001,2025-09-02,2025-11-22,12,9,81,182.74
C02855,0,14,0,61.62,2025-11-17,2025-11-17,1,14,0,115.84
C02856,19,132,127,1109.19,2025-07-22,2025-11-26,20,5,127,152.62
C02857,5,19,17,195.67000000000002,2025-11-12,2025-11-29,6,2,17,98.49000000000001
C02862,14,148,136,579.64,2025-07-06,2025-11-19,15,12,136,176.54000000000002
C02863,12,89,74,300.07,2025-09-03,2025-11-16,13,15,74,221.33999999999997
C02866,21,75,73,2649.0,2025-09-17,2025-11-29,22,2,73,1183.75
C02867,1,46,45,14.09,2025-10-16,2025-11-30,2,1,45,24.2
C02871,23,168,149,2361.06,2025-06-16,2025-11-12,24,19,149,507.82
C02872,41,323,302,1058.52,2025-01-12,2025-11-10,42,21,302,67.37
C02874,22,58,58,1479.74,2025-10-04,2025-12-01,23,0,58,410.84000000000003
C02875,29,70,65,3400.4,2025-09-22,2025-11-26,30,5,65,1680.03
C02878,21,116,109,399.71999999999997,2025-08-07,2025-11-24,22,7,109,160.7
C02880,18,116,109,1071.2,2025-08-07,2025-11-24,19,7,109,141.51
C02882,9,158,158,1622.06,2025-06-26,2025-12-01,10,0,158,385.14
C02888,5,71,67,118.23,2025-09-21,2025-11-27,6,4,67,8.0
C02891,9,267,225,104.93,2025-03-09,2025-10-20,10,42,225,7.31
C02897,6,60,60,370.83000000000004,2025-10-02,2025-12-01,7,0,60,147.0
C02900,12,120,111,847.6,2025-08-03,2025-11-22,13,9,111,139.76999999999998
C02901,60,106,103,1415.19,2025-08-17,2025-11-28,61,3,103,97.21
C02902,21,83,83,771.88,2025-09-09,2025-12-01,22,0,83,212.6
C02904,10,119,99,560.01,2025-08-04,2025-11-11,11,20,99,50.03
C02907,1,12,9,47.370000000000005,2025-11-19,2025-11-28,2,3,9,29.549999999999997
C02908,4,39,36,231.19,2025-10-23,2025-11-28,5,3,36,121.78
C02911,14,32,30,1020.33,2025-10-30,2025-11-29,15,2,30,871.13
C02913,7,49,41,336.15,2025-10-13,2025-11-23,8,8,41,311.99
C02914,57,46,45,5182.2,2025-10-16,2025-11-30,58,1,45,2139.19
C02916,16,146,141,802.75,2025-07-08,2025-11-26,17,5,141,18.61
C02923,7,26,20,796.1,2025-11-05,2025-11-25,8,6,20,254.75
C02926,0,1,0,51.38,2025-11-30,2025-11-30,1,1,0,299.64
C02929,5,57,51,99.78,2025-10-05,2025-11-25,6,6,51,24.81
C02930,31,160,159,1098.14,2025-06-24,2025-11-30,32,1,159,221.65
C02931,4,44,35,169.23,2025-10-18,2025-11-22,5,9,35,8.29
C02932,5,9,5,199.32,2025-11-22,2025-11-27,6,4,5,410.17
C02934,33,23,23,4266.77,2025-11-08,2025-12-01,34,0,23,5141.67
C02936,11,78,68,1792.78,2025-09-14,2025-11-21,12,10,68,389.02
C02938,14,18,18,410.6,2025-11-13,2025-12-01,15,0,18,1068.83
C02941,65,270,268,4740.8,2025-03-06,2025-11-29,66,2,268,201.79
C02944,25,119,119,1886.1299999999999,2025-08-04,2025-12-01,26,0,119,455.18
C02946,1,22,2,162.69,2025-11-09,2025-11-11,2,20,2,323.61
C02948,2,59,54,96.97,2025-10-03,2025-11-26,3,5,54,74.31
C02949,2,58,35,161.03,2025-10-04,2025-11-08,3,23,35,94.2
C02951,10,159,145,575.04,2025-06-25,2025-11-17,11,14,145,181.6
C02953,5,44,44,327.58,2025-10-18,2025-12-01,6,0,44,51.45
C02954,16,77,77,424.29,2025-09-15,2025-12-01,17,0,77,56.669999999999995
C02955,32,249,248,3520.9,2025-03-27,2025-11-30,33,1,248,375.63
C02959,2,48,19,73.56,2025-10-14,2025-11-02,3,29,19,47.87
C02965,17,79,77,952.5100000000001,2025-09-13,2025-11-29,18,2,77,365.79999999999995
C02967,34,234,231,2711.4,2025-04-11,2025-11-28,35,3,231,130.7
C02972,14,152,127,1547.5,2025-07-02,2025-11-06,15,25,127,108.78
C02973,12,128,122,712.71,2025-07-26,2025-11-25,13,6,122,142.85
C02985,9,100,79,571.73,2025-08-23,2025-11-10,10,21,79,109.55
C02989,6,27,20,586.9399999999999,2025-11-04,2025-11-24,7,7,20,246.22
C02991,1,20,17,165.42000000000002,2025-11-11,2025-11-28,2,3,17,204.6
C02992,1,3,0,184.32000000000002,2025-11-28,2025-11-28,2,3,0,992.58
C02995,8,39,36,231.28,2025-10-23,2025-11-28,9,3,36,229.42000000000002
C02997,7,29,26,116.89,2025-11-02,2025-11-28,8,3,26,342.94
C02998,10,36,36,545.58,2025-10-26,2025-12-01,11,0,36,959.45
C02999,60,189,189,2319.34,2025-05-26,2025-12-01,61,0,189,443.53999999999996
