customer_id,n_purchase_30d,is_churn_30_days
C00000,4,0
C00001,3,0
C00002,0,1
C00003,0,0
C00004,0,1
C00005,5,0
C00006,0,0
C00007,0,0
C00008,0,1
C00009,0,1
C00010,0,0
C00011,3,0
C00012,1,0
C00013,7,0
C00014,0,1
C00015,0,1
C00016,0,1
C00017,0,1
C00019,0,1
C00020,1,0
C00021,0,1
C00022,2,0
C00023,0,1
C00024,0,1
C00025,0,1
C00026,4,0
C00027,0,0
C00028,0,1
C00029,0,1
C00030,0,1
C00031,7,0
C00032,5,0
C00033,14,0
C00035,0,1
C00036,0,1
C00037,0,1
C00038,9,0
C00039,16,0
C00040,0,1
C00041,3,0
C00042,0,1
C00043,3,0
C00044,0,1
C00045,3,0
C00046,0,1
C00047,0,1
C00048,0,0
C00049,0,1
C00050,0,1
C00051,8,0
C00052,0,1
C00053,0,1
C00054,0,0
C00056,5,0
C00057,0,0
C00058,0,0
C00059,0,1
C00060,0,1
C00061,0,1
C00062,2,0
C00063,0,1
C00064,3,0
C00065,0,1
C00066,0,1
C00067,0,1
C00068,0,0
C00069,7,0
C00070,0,1
C00071,0,1
C00072,0,1
C00073,0,1
C00074,0,1
C00075,3,0
C00076,0,1
C00077,0,1
C00079,0,1
C00080,4,0
C00081,5,0
C00082,8,0
C00084,0,1
C00085,0,1
C00086,2,0
C00087,0,1
C00089,6,0
C00090,0,1
C00091,5,0
C00092,1,0
C00093,0,1
C00094,0,1
C00095,3,0
C00096,4,0
C00097,12,0
C00099,0,1
C00100,0,1
C00101,0,1
C00102,38,0
C00103,2,0
C00104,0,1
C00105,0,1
C00106,0,1
C00107,0,1
C00108,0,1
C00109,4,0
C00110,4,0
C00111,0,1
C00112,5,0
C00114,4,0
C00115,31,0
C00116,1,0
C00117,0,1
C00118,0,1
C00119,10,0
C00120,3,0
C00121,9,0
C00122,0,1
C00123,1,0
C00124,0,1
C00125,0,1
C00126,1,0
C00127,2,0
C00128,0,1
C00129,0,1
C00130,10,0
C00131,0,1
C00132,0,1
C00133,6,0
C00135,9,0
C00136,0,1
C00137,0,1
C00138,5,0
C00139,0,1
C00140,2,0
C00141,0,1
C00142,0,1
C00143,0,1
C00144,5,0
C00145,0,0
C00146,0,1
C00147,8,0
C00148,39,0
C00149,10,0
C00150,3,0
C00151,0,1
C00152,0,1
C00153,0,1
C00154,0,1
C00155,0,1
C00156,0,1
C00157,0,1
C00158,30,0
C00159,8,0
C00160,0,1
C00161,0,1
C00162,2,0
C00163,0,1
C00164,0,1
C00165,0,1
C00166,3,0
C00167,0,1
C00168,2,0
C00169,14,0
C00170,0,1
C00171,0,1
C00172,6,0
C00173,1,0
C00174,9,0
C00175,0,1
C00177,0,1
C00178,4,0
C00179,0,1
C00180,0,1
C00181,5,0
C00182,1,0
C00183,2,0
C00184,4,0
C00185,5,0
C00186,0,0
C00188,0,0
C00189,0,1
C00190,21,0
C00191,0,1
C00192,0,1
C00193,7,0
C00194,0,1
C00195,8,0
C00196,2,0
C00197,0,1
C00198,5,0
C00199,0,1
C00200,0,1
C00201,0,1
C00202,5,0
C00204,0,0
C00205,0,1
C00206,0,1
C00207,0,1
C00208,0,1
C00209,0,1
C00210,0,1
C00211,0,0
C00212,0,1
C00213,0,1
C00214,2,0
C00215,0,1
C00216,2,0
C00217,0,1
C00218,0,0
C00219,0,1
C00220,0,1
C00221,6,0
C00222,5,0
C00223,3,0
C00224,0,1
C00225,3,0
C00226,15,0
C00227,4,0
C00228,0,1
C00229,3,0
C00230,0,1
C00231,0,1
C00232,0,1
C00233,0,1
C00234,0,1
C00235,0,0
C00236,0,1
C00238,0,1
C00239,0,1
C00240,8,0
C00241,0,1
C00242,0,0
C00243,39,0
C00244,0,1
C00246,0,1
C00247,0,1
C00248,0,1
C00249,0,1
C00250,0,1
C00251,6,0
C00252,0,1
C00253,0,1
C00254,0,1
C00255,2,0
C00256,2,0
C00257,0,0
C00258,7,0
C00259,0,1
C00260,5,0
C00261,0,1
C00262,3,0
C00263,1,0
C00264,0,1
C00265,0,1
C00266,0,1
C00267,0,1
C00268,9,0
C00269,8,0
C00270,0,1
C00271,0,1
C00272,0,1
C00273,0,1
C00274,0,0
C00275,0,1
C00276,4,0
C00277,1,0
C00278,14,0
C00279,0,1
C00280,0,1
C00281,0,0
C00282,1,0
C00283,5,0
C00284,0,1
C00285,0,1
C00286,2,0
C00287,0,1
C00288,0,1
C00289,0,1
C00290,0,1
C00291,0,1
C00292,0,1
C00293,0,1
C00294,0,1
C00296,0,1
C00297,9,0
C00298,0,1
C00300,2,0
C00301,0,1
C00302,0,1
C00303,2,0
C00305,4,0
C00306,0,1
C00307,5,0
C00308,2,0
C00309,0,1
C00310,2,0
C00311,3,0
C00312,3,0
C00313,0,1
C00314,9,0
C00315,0,1
C00316,0,1
C00317,2,0
C00318,0,1
C00320,0,1
C00321,14,0
C00322,0,1
C00323,5,0
C00324,13,0
C00325,26,0
C00326,0,1
C00327,0,1
C00328,0,1
C00329,0,0
C00330,0,1
C00332,0,1
C00333,3,0
C00334,0,1
C00335,3,0
C00336,0,1
C00337,0,1
C00338,0,1
C00339,5,0
C00340,0,1
C00341,0,1
C00342,4,0
C00343,0,1
C00344,23,0
C00345,0,1
C00346,0,1
C00347,8,0
C00348,7,0
C00350,0,1
C00351,0,1
C00352,0,1
C00353,0,1
C00354,20,0
C00355,0,1
C00356,0,1
C00357,0,1
C00358,4,0
C00359,0,0
C00360,0,1
C00361,5,0
C00362,0,1
C00363,0,1
C00365,0,1
C00366,7,0
C00367,0,1
C00368,10,0
C00370,0,1
C00371,0,1
C00373,0,1
C00374,0,1
C00375,0,0
C00376,6,0
C00377,5,0
C00379,0,1
C00380,0,1
C00381,6,0
C00382,6,0
C00383,0,1
C00384,0,1
C00385,3,0
C00386,0,1
C00387,0,0
C00388,3,0
C00389,0,1
C00390,0,1
C00391,12,0
C00392,5,0
C00393,0,1
C00394,0,1
C00395,0,1
C00396,0,0
C00397,2,0
C00398,3,0
C00399,0,1
C00400,0,1
C00401,0,1
C00402,0,1
C00403,16,0
C00404,0,0
C00406,0,1
C00407,6,0
C00408,4,0
C00409,1,0
C00410,0,0
C00411,0,0
C00412,0,0
C00413,0,1
C00414,0,1
C00415,0,1
C00416,0,1
C00417,12,0
C00418,0,1
C00419,0,1
C00420,5,0
C00421,17,0
C00422,2,0
C00423,19,0
C00424,0,1
C00425,6,0
C00426,0,1
C00427,4,0
C00428,9,0
C00429,0,1
C00430,0,1
C00431,0,1
C00432,4,0
C00433,1,0
C00434,0,1
C00435,0,1
C00436,0,1
C00437,0,1
C00438,7,0
C00439,0,1
C00440,10,0
C00441,0,0
C00442,0,1
C00443,2,0
C00444,1,0
C00445,2,0
C00446,0,1
C00447,0,1
C00448,0,1
C00449,1,0
C00450,0,1
C00451,0,1
C00452,17,0
C00453,6,0
C00454,0,1
C00455,0,1
C00456,0,1
C00457,0,1
C00458,0,1
C00459,3,0
C00460,0,1
C00461,0,0
C00462,0,1
C00464,0,1
C00465,0,1
C00468,0,1
C00469,24,0
C00470,15,0
C00471,0,1
C00472,9,0
C00473,4,0
C00474,0,1
C00475,8,0
C00476,2,0
C00478,1,0
C00479,7,0
C00480,0,1
C00481,1,0
C00482,1,0
C00483,0,1
C00484,5,0
C00485,6,0
C00486,0,1
C00487,3,0
C00488,20,0
C00489,0,0
C00490,8,0
C00491,0,1
C00492,5,0
C00493,5,0
C00494,0,1
C00495,0,1
C00496,5,0
C00497,6,0
C00498,0,0
C00499,0,0
C00501,0,1
C00502,0,0
C00503,14,0
C00504,0,1
C00505,0,1
C00507,7,0
C00508,0,1
C00509,0,1
C00510,0,1
C00511,0,0
C00512,1,0
C00513,0,1
C00514,0,1
C00515,24,0
C00516,0,1
C00517,1,0
C00518,0,1
C00520,0,1
C00521,0,1
C00522,0,0
C00523,3,0
C00524,0,1
C00525,2,0
C00526,3,0
C00527,3,0
C00528,10,0
C00529,2,0
C00530,18,0
C00531,0,0
C00532,1,0
C00533,6,0
C00534,0,1
C00535,0,1
C00536,1,0
C00537,0,0
C00538,0,1
C00539,0,1
C00540,3,0
C00541,0,1
C00542,0,1
C00543,0,1
C00544,0,1
C00545,0,1
C00546,0,1
C00547,1,0
C00548,5,0
C00549,15,0
C00552,0,1
C00553,23,0
C00554,0,0
C00555,0,1
C00556,0,1
C00557,3,0
C00558,2,0
C00559,2,0
C00560,0,1
C00561,32,0
C00562,13,0
C00563,0,1
C00564,0,1
C00565,0,1
C00566,0,1
C00567,0,1
C00568,3,0
C00569,0,1
C00570,0,1
C00572,4,0
C00573,0,1
C00574,0,1
C00575,6,0
C00576,0,0
C00577,0,0
C00578,0,0
C00579,13,0
C00580,6,0
C00581,0,1
C00582,9,0
C00583,0,0
C00584,0,1
C00585,0,1
C00586,0,1
C00587,0,1
C00588,4,0
C00589,0,1
C00592,0,1
C00593,0,0
C00594,0,1
C00596,4,0
C00597,0,0
C00598,0,1
C00599,15,0
C00600,10,0
C00601,0,1
C00602,0,1
C00603,2,0
C00604,24,0
C00605,0,1
C00606,0,1
C00607,0,1
C00608,0,1
C00609,2,0
C00610,0,1
C00611,0,1
C00612,12,0
C00613,11,0
C00614,1,0
C00615,0,1
C00616,5,0
C00617,1,0
C00619,0,1
C00620,0,1
C00621,2,0
C00622,4,0
C00623,0,1
C00624,0,1
C00625,4,0
C00626,0,1
C00628,3,0
C00629,0,1
C00630,0,0
C00631,4,0
C00633,0,1
C00634,0,1
C00635,6,0
C00636,2,0
C00637,18,0
C00638,0,1
C00639,0,0
C00640,0,1
C00641,0,0
C00642,0,1
C00643,0,1
C00644,1,0
C00645,4,0
C00646,20,0
C00647,0,1
C00648,1,0
C00649,0,1
C00650,1,0
C00651,0,1
C00652,4,0
C00653,0,1
C00654,0,1
C00655,2,0
C00656,0,1
C00657,15,0
C00658,0,1
C00659,0,1
C00660,7,0
C00661,0,1
C00662,0,1
C00663,1,0
C00664,0,1
C00665,0,1
C00666,4,0
C00667,9,0
C00668,0,1
C00669,0,1
C00670,0,1
C00671,0,1
C00672,5,0
C00674,3,0
C00675,0,1
C00676,40,0
C00677,0,1
C00678,3,0
C00679,0,1
C00680,9,0
C00681,0,1
C00682,2,0
C00683,0,1
C00684,1,0
C00685,0,1
C00686,6,0
C00687,5,0
C00689,3,0
C00690,0,0
C00691,0,1
C00692,1,0
C00693,3,0
C00694,0,1
C00695,20,0
C00696,0,1
C00697,9,0
C00698,0,1
C00699,0,1
C00700,0,1
C00701,3,0
C00702,0,1
C00703,0,1
C00704,0,1
C00705,0,1
C00706,0,0
C00707,0,1
C00708,0,1
C00709,0,1
C00710,0,1
C00711,0,1
C00712,0,1
C00713,4,0
C00714,0,1
C00715,7,0
C00716,8,0
C00717,0,1
C00718,0,1
C00719,0,1
C00720,0,1
C00721,0,1
C00722,0,1
C00723,1,0
C00724,2,0
C00725,0,1
C00726,0,1
C00727,0,1
C00728,3,0
C00729,0,1
C00730,0,0
C00731,0,1
C00732,9,0
C00733,1,0
C00734,1,0
C00735,0,1
C00736,0,1
C00737,0,1
C00738,0,1
C00739,0,1
C00740,0,1
C00741,2,0
C00742,4,0
C00743,0,1
C00744,0,1
C00745,0,1
C00746,4,0
C00747,0,1
C00748,0,1
C00749,0,1
C00750,2,0
C00751,0,1
C00752,0,1
C00753,0,1
C00754,8,0
C00756,0,0
C00757,0,1
C00758,0,1
C00759,0,1
C00760,0,1
C00761,7,0
C00762,1,0
C00763,35,0
C00764,0,1
C00765,0,0
C00766,4,0
C00767,10,0
C00768,5,0
C00769,0,1
C00770,0,1
C00771,13,0
C00772,0,1
C00774,0,1
C00775,0,1
C00776,0,0
C00777,0,0
C00778,33,0
C00779,5,0
C00780,4,0
C00782,2,0
C00783,0,0
C00784,0,1
C00785,0,1
C00786,0,0
C00787,0,1
C00788,0,1
C00789,39,0
C00790,3,0
C00791,0,1
C00792,0,0
C00793,13,0
C00794,0,0
C00795,0,1
C00796,0,1
C00797,17,0
C00798,0,1
C00799,0,1
C00801,0,1
C00802,0,1
C00803,3,0
C00804,0,1
C00805,0,1
C00806,0,0
C00807,7,0
C00808,0,0
C00809,0,1
C00810,0,1
C00811,9,0
C00812,0,1
C00813,0,1
C00814,2,0
C00816,2,0
C00817,3,0
C00818,3,0
C00819,4,0
C00820,0,1
C00821,0,1
C00822,13,0
C00823,1,0
C00824,0,0
C00825,16,0
C00827,11,0
C00828,3,0
C00829,0,1
C00830,3,0
C00831,0,1
C00832,0,1
C00833,14,0
C00834,8,0
C00835,47,0
C00836,0,1
C00837,10,0
C00838,2,0
C00839,2,0
C00840,0,1
C00841,2,0
C00842,4,0
C00843,4,0
C00844,0,1
C00846,10,0
C00847,2,0
C00849,0,1
C00850,3,0
C00851,0,1
C00852,1,0
C00854,0,1
C00855,0,1
C00856,0,1
C00857,0,1
C00858,0,1
C00859,0,1
C00860,0,1
C00861,0,1
C00862,0,1
C00863,0,1
C00864,3,0
C00865,2,0
C00866,19,0
C00867,0,1
C00868,0,1
C00869,0,1
C00870,0,1
C00871,0,1
C00872,0,0
C00873,0,1
C00874,0,1
C00875,24,0
C00876,0,0
C00877,0,1
C00878,4,0
C00879,2,0
C00880,4,0
C00881,0,1
C00882,0,1
C00883,23,0
C00884,76,0
C00886,0,1
C00887,2,0
C00888,4,0
C00890,1,0
C00891,0,1
C00892,4,0
C00893,21,0
C00894,3,0
C00895,0,1
C00896,4,0
C00897,0,1
C00898,4,0
C00899,0,1
C00900,0,1
C00901,0,1
C00902,0,1
C00903,10,0
C00904,0,1
C00905,1,0
C00906,2,0
C00908,0,1
C00910,0,1
C00911,1,0
C00912,1,0
C00913,0,1
C00914,0,1
C00915,0,1
C00916,0,1
C00917,0,1
C00918,17,0
C00919,0,1
C00920,0,1
C00921,0,1
C00922,3,0
C00923,0,1
C00924,9,0
C00925,5,0
C00926,0,1
C00927,0,1
C00928,3,0
C00929,0,1
C00930,0,1
C00931,0,1
C00932,4,0
C00933,2,0
C00934,3,0
C00935,0,1
C00936,1,0
C00937,0,1
C00938,0,1
C00939,0,1
C00940,0,1
C00941,1,0
C00942,1,0
C00944,0,1
C00945,0,1
C00946,20,0
C00947,0,1
C00948,0,1
C00949,0,1
C00950,0,1
C00951,0,1
C00952,0,1
C00953,0,1
C00954,0,1
C00955,0,1
C00956,3,0
C00957,14,0
C00958,0,1
C00959,15,0
C00960,7,0
C00961,9,0
C00962,1,0
C00963,28,0
C00964,2,0
C00965,0,1
C00966,0,1
C00967,0,1
C00968,0,1
C00969,12,0
C00970,1,0
C00971,0,1
C00972,0,1
C00973,4,0
C00974,3,0
C00975,8,0
C00976,0,1
C00978,2,0
C00979,0,1
C00980,1,0
C00981,13,0
C00982,0,1
C00983,0,1
C00984,0,1
C00985,3,0
C00986,1,0
C00988,65,0
C00989,2,0
C00990,0,1
C00991,0,1
C00992,0,1
C00993,0,1
C00994,0,1
C00995,0,0
C00996,0,1
C00997,0,1
C00998,0,1
C00999,1,0
C01000,0,1
C01001,12,0
C01002,8,0
C01003,0,0
C01004,0,1
C01005,8,0
C01006,0,1
C01007,0,1
C01009,2,0
C01010,0,1
C01011,2,0
C01012,24,0
C01013,11,0
C01014,0,0
C01015,0,1
C01016,3,0
C01017,14,0
C01018,0,1
C01019,0,1
C01020,0,1
C01021,2,0
C01022,1,0
C01023,3,0
C01024,0,1
C01025,0,1
C01026,0,1
C01027,0,0
C01028,0,1
C01029,2,0
C01030,0,1
C01032,0,1
C01033,0,1
C01035,0,1
C01036,0,1
C01037,3,0
C01038,0,1
C01039,0,0
C01040,0,1
C01042,0,1
C01043,0,1
C01044,0,0
C01045,1,0
C01046,0,1
C01047,1,0
C01048,0,1
C01049,1,0
C01050,0,1
C01051,3,0
C01052,7,0
C01053,0,1
C01054,0,1
C01055,0,1
C01056,12,0
C01057,2,0
C01058,0,1
C01059,0,1
C01060,0,1
C01061,0,1
C01062,0,1
C01063,0,1
C01064,0,1
C01065,0,1
C01066,2,0
C01067,0,1
C01069,0,1
C01070,0,0
C01071,0,1
C01073,0,1
C01074,0,1
C01075,0,1
C01076,4,0
C01077,0,1
C01078,6,0
C01079,4,0
C01080,0,1
C01081,21,0
C01082,6,0
C01083,2,0
C01084,0,1
C01085,0,1
C01086,8,0
C01087,0,1
C01088,0,1
C01089,7,0
C01090,0,1
C01091,6,0
C01092,7,0
C01093,3,0
C01094,0,0
C01095,0,1
C01096,0,1
C01097,0,1
C01098,0,1
C01099,0,1
C01100,0,1
C01101,5,0
C01102,2,0
C01103,1,0
C01104,0,0
C01105,0,1
C01106,0,1
C01107,7,0
C01108,0,1
C01109,7,0
C01110,0,1
C01111,0,0
C01112,0,1
C01113,0,0
C01114,0,1
C01115,4,0
C01116,0,1
C01117,4,0
C01118,9,0
C01119,0,1
C01120,0,1
C01121,0,1
C01122,0,1
C01123,9,0
C01125,1,0
C01126,21,0
C01127,0,1
C01128,0,1
C01129,0,1
C01130,8,0
C01131,7,0
C01132,2,0
C01133,0,1
C01134,16,0
C01135,0,1
C01136,0,1
C01137,0,1
C01138,0,1
C01139,0,1
C01140,0,1
C01141,3,0
C01142,0,0
C01143,0,1
C01144,0,0
C01146,0,1
C01148,0,1
C01149,0,1
C01150,0,1
C01151,0,1
C01152,1,0
C01153,0,1
C01154,0,1
C01156,0,1
C01157,0,1
C01158,8,0
C01159,1,0
C01160,0,1
C01161,0,1
C01162,6,0
C01163,1,0
C01164,6,0
C01165,0,1
C01166,0,1
C01167,0,1
C01168,0,1
C01170,1,0
C01171,0,1
C01172,3,0
C01173,0,1
C01174,0,1
C01176,0,1
C01177,0,1
C01178,0,0
C01179,5,0
C01180,6,0
C01181,0,1
C01182,0,1
C01183,3,0
C01185,0,1
C01186,3,0
C01187,12,0
C01188,0,0
C01189,11,0
C01190,0,1
C01191,16,0
C01192,0,1
C01193,5,0
C01194,0,1
C01195,0,0
C01196,0,1
C01197,4,0
C01198,0,1
C01199,4,0
C01200,2,0
C01201,3,0
C01202,2,0
C01203,0,1
C01204,0,1
C01206,0,1
C01207,0,1
C01208,2,0
C01209,0,1
C01210,8,0
C01211,6,0
C01212,0,0
C01213,2,0
C01214,0,1
C01215,2,0
C01216,0,1
C01217,0,1
C01218,0,0
C01219,15,0
C01220,0,1
C01222,0,1
C01223,0,1
C01224,0,1
C01225,0,1
C01226,0,1
C01227,0,1
C01228,5,0
C01229,0,1
C01230,3,0
C01231,8,0
C01232,4,0
C01234,0,1
C01235,0,1
C01236,12,0
C01237,0,0
C01239,7,0
C01240,0,1
C01241,0,1
C01242,2,0
C01243,0,1
C01244,0,1
C01245,0,1
C01246,0,1
C01247,0,1
C01248,0,1
C01250,0,1
C01251,0,0
C01252,1,0
C01253,9,0
C01254,0,0
C01255,0,1
C01256,2,0
C01257,0,1
C01258,0,1
C01259,0,1
C01260,5,0
C01261,19,0
C01262,0,1
C01263,0,1
C01264,0,1
C01265,5,0
C01266,0,1
C01267,0,0
C01268,6,0
C01270,2,0
C01271,0,1
C01272,0,1
C01273,3,0
C01274,19,0
C01275,0,1
C01276,0,1
C01277,14,0
C01278,0,1
C01279,0,1
C01280,0,1
C01281,0,1
C01282,4,0
C01283,0,1
C01284,0,0
C01286,0,1
C01288,0,0
C01289,0,1
C01291,0,1
C01292,9,0
C01293,7,0
C01294,0,1
C01295,13,0
C01296,7,0
C01297,0,0
C01298,5,0
C01299,5,0
C01300,0,1
C01301,0,1
C01302,0,1
C01303,2,0
C01304,3,0
C01305,7,0
C01307,0,1
C01308,0,1
C01309,2,0
C01310,0,1
C01311,16,0
C01312,0,1
C01314,0,1
C01315,0,1
C01316,3,0
C01317,0,1
C01318,0,1
C01319,0,1
C01320,0,1
C01321,0,1
C01322,7,0
C01323,2,0
C01324,0,1
C01325,0,1
C01326,3,0
C01327,0,1
C01328,0,0
C01329,0,1
C01330,6,0
C01331,14,0
C01332,3,0
C01333,0,1
C01334,0,1
C01335,24,0
C01336,15,0
C01337,0,1
C01338,6,0
C01339,2,0
C01340,0,1
C01341,0,1
C01342,0,1
C01343,9,0
C01344,2,0
C01345,0,1
C01346,0,1
C01347,0,1
C01348,0,1
C01350,0,1
C01351,0,0
C01352,0,1
C01353,24,0
C01354,0,1
C01355,0,1
C01356,4,0
C01357,0,1
C01358,0,1
C01359,10,0
C01360,0,1
C01361,0,1
C01362,0,1
C01363,0,1
C01364,6,0
C01365,17,0
C01367,0,0
C01368,0,1
C01369,33,0
C01370,0,1
C01371,0,1
C01372,0,1
C01373,10,0
C01374,7,0
C01376,0,1
C01377,0,1
C01378,0,0
C01379,0,1
C01380,0,1
C01381,0,1
C01382,0,1
C01383,0,0
C01384,5,0
C01385,1,0
C01386,0,1
C01387,0,1
C01388,1,0
C01389,0,1
C01390,2,0
C01391,9,0
C01392,0,0
C01393,6,0
C01394,0,1
C01396,3,0
C01397,0,1
C01398,0,1
C01399,1,0
C01400,0,1
C01401,4,0
C01402,0,1
C01403,1,0
C01404,0,1
C01405,0,1
C01406,0,1
C01407,0,1
C01408,3,0
C01409,4,0
C01410,0,1
C01411,0,1
C01412,1,0
C01413,4,0
C01414,0,1
C01415,0,1
C01416,0,1
C01417,0,1
C01418,2,0
C01419,7,0
C01420,0,1
C01421,3,0
C01422,6,0
C01423,2,0
C01424,10,0
C01425,0,1
C01426,0,1
C01427,0,1
C01428,6,0
C01429,0,0
C01430,0,1
C01432,0,1
C01433,0,1
C01434,0,1
C01435,22,0
C01436,3,0
C01437,9,0
C01438,10,0
C01439,0,1
C01440,2,0
C01442,0,1
C01443,1,0
C01444,0,1
C01445,8,0
C01446,3,0
C01447,0,1
C01448,4,0
C01449,0,1
C01451,0,1
C01452,0,1
C01454,1,0
C01455,0,1
C01456,0,1
C01457,1,0
C01458,1,0
C01459,0,1
C01460,6,0
C01461,0,1
C01462,1,0
C01463,10,0
C01464,2,0
C01465,0,1
C01466,5,0
C01467,0,1
C01468,0,1
C01469,5,0
C01470,7,0
C01471,5,0
C01472,0,1
C01473,0,1
C01474,1,0
C01475,3,0
C01476,3,0
C01477,0,1
C01478,0,1
C01479,4,0
C01480,10,0
C01481,0,1
C01482,0,0
C01483,0,1
C01484,0,1
C01485,0,1
C01486,13,0
C01487,0,1
C01488,8,0
C01489,0,1
C01490,8,0
C01491,0,1
C01492,5,0
C01493,4,0
C01494,9,0
C01495,0,1
C01496,0,1
C01497,0,1
C01498,0,1
C01499,0,1
C01500,4,0
C01501,0,1
C01502,4,0
C01503,5,0
C01504,17,0
C01505,0,1
C01506,0,1
C01507,0,1
C01508,5,0
C01509,3,0
C01510,0,1
C01511,0,1
C01512,0,1
C01513,0,1
C01514,24,0
C01515,9,0
C01516,0,1
C01517,5,0
C01518,0,1
C01519,0,0
C01520,6,0
C01521,13,0
C01522,0,1
C01523,3,0
C01524,1,0
C01525,4,0
C01526,0,1
C01527,0,1
C01528,0,1
C01530,0,1
C01531,0,1
C01532,7,0
C01533,17,0
C01534,0,0
C01535,2,0
C01536,0,1
C01537,0,0
C01538,0,1
C01539,0,1
C01540,6,0
C01541,0,1
C01542,0,1
C01543,0,1
C01544,0,1
C01545,0,1
C01546,3,0
C01547,0,1
C01548,0,1
C01549,0,0
C01550,0,1
C01552,0,1
C01553,0,1
C01554,0,1
C01555,0,1
C01556,5,0
C01557,4,0
C01558,0,1
C01560,4,0
C01561,0,1
C01562,0,1
C01563,0,1
C01564,4,0
C01565,0,1
C01566,0,1
C01567,0,1
C01568,0,0
C01569,5,0
C01570,0,1
C01571,16,0
C01572,32,0
C01573,18,0
C01574,2,0
C01575,3,0
C01576,4,0
C01577,4,0
C01578,0,1
C01579,0,1
C01580,10,0
C01581,5,0
C01582,10,0
C01583,0,1
C01584,0,1
C01585,0,1
C01586,0,0
C01587,0,1
C01588,0,1
C01589,3,0
C01590,0,1
C01591,56,0
C01592,3,0
C01593,0,1
C01594,0,1
C01595,2,0
C01596,7,0
C01597,0,1
C01598,0,0
C01599,0,1
C01600,0,0
C01601,8,0
C01602,2,0
C01603,5,0
C01604,0,1
C01605,3,0
C01606,0,1
C01607,0,0
C01608,0,1
C01609,6,0
C01610,0,1
C01611,0,0
C01613,17,0
C01614,0,0
C01615,1,0
C01616,0,1
C01617,1,0
C01618,0,1
C01619,7,0
C01620,0,1
C01621,9,0
C01622,0,1
C01623,2,0
C01624,0,1
C01625,0,1
C01626,8,0
C01627,0,1
C01628,5,0
C01629,1,0
C01630,0,1
C01631,0,1
C01632,0,1
C01633,0,1
C01634,0,1
C01635,0,1
C01636,3,0
C01637,0,1
C01638,0,1
C01639,3,0
C01640,0,1
C01641,0,0
C01642,7,0
C01643,23,0
C01644,0,1
C01645,0,1
C01647,0,1
C01648,0,1
C01649,0,1
C01650,0,1
C01651,0,1
C01653,0,1
C01654,0,1
C01655,0,1
C01656,0,0
C01657,2,0
C01658,0,1
C01659,0,1
C01660,13,0
C01661,3,0
C01662,9,0
C01664,0,1
C01665,0,1
C01666,0,1
C01667,2,0
C01668,6,0
C01669,0,1
C01670,0,1
C01671,4,0
C01672,3,0
C01674,0,1
C01675,0,1
C01676,0,0
C01677,0,1
C01678,0,1
C01679,3,0
C01680,0,1
C01681,0,1
C01682,0,1
C01683,1,0
C01684,0,1
C01685,1,0
C01686,0,1
C01687,4,0
C01688,0,1
C01689,0,1
C01690,0,1
C01692,0,1
C01693,2,0
C01694,0,1
C01695,6,0
C01697,0,1
C01698,0,1
C01699,1,0
C01700,0,1
C01701,4,0
C01702,0,1
C01703,3,0
C01704,1,0
C01705,11,0
C01706,0,1
C01707,0,1
C01708,0,1
C01709,2,0
C01710,26,0
C01711,5,0
C01712,0,1
C01713,0,1
C01714,5,0
C01715,13,0
C01716,1,0
C01717,20,0
C01718,1,0
C01719,0,1
C01720,10,0
C01721,0,1
C01722,3,0
C01723,12,0
C01724,3,0
C01725,0,0
C01726,0,1
C01727,4,0
C01728,0,1
C01729,0,1
C01730,0,1
C01732,0,1
C01733,4,0
C01734,0,1
C01735,5,0
C01736,1,0
C01737,1,0
C01738,17,0
C01740,0,1
C01741,0,1
C01742,0,1
C01743,11,0
C01744,0,1
C01745,0,1
C01746,5,0
C01747,0,1
C01748,0,1
C01749,10,0
C01750,0,1
C01751,31,0
C01754,21,0
C01755,11,0
C01756,0,0
C01757,0,0
C01759,0,1
C01760,0,0
C01761,0,1
C01762,0,0
C01763,0,1
C01764,0,1
C01765,0,1
C01766,0,1
C01767,0,0
C01768,0,1
C01769,8,0
C01770,0,1
C01773,3,0
C01774,9,0
C01775,14,0
C01776,0,1
C01777,0,1
C01779,5,0
C01780,3,0
C01781,4,0
C01782,0,1
C01783,4,0
C01784,0,1
C01786,0,1
C01787,0,1
C01788,1,0
C01789,0,1
C01790,0,1
C01791,0,1
C01792,20,0
C01793,18,0
C01794,0,1
C01795,1,0
C01796,0,1
C01797,0,1
C01798,0,1
C01799,0,0
C01800,0,1
C01801,0,0
C01802,0,1
C01803,1,0
C01804,0,1
C01805,0,1
C01806,0,1
C01807,0,1
C01808,10,0
C01809,3,0
C01810,13,0
C01811,0,1
C01812,0,0
C01813,5,0
C01814,4,0
C01815,0,1
C01816,0,1
C01817,0,1
C01818,0,1
C01819,0,1
C01820,1,0
C01822,0,1
C01823,11,0
C01824,0,1
C01825,4,0
C01826,2,0
C01827,0,1
C01828,0,1
C01830,0,1
C01831,0,0
C01832,3,0
C01833,0,1
C01834,0,1
C01835,2,0
C01836,4,0
C01837,0,1
C01838,0,1
C01839,5,0
C01840,0,1
C01841,6,0
C01842,0,1
C01843,0,1
C01845,0,0
C01846,3,0
C01847,0,1
C01848,0,1
C01849,6,0
C01850,0,1
C01851,1,0
C01852,0,1
C01853,0,1
C01854,5,0
C01855,0,1
C01856,0,1
C01857,0,1
C01858,7,0
C01859,0,1
C01860,0,1
C01861,5,0
C01862,0,0
C01863,0,1
C01864,0,1
C01865,0,1
C01867,0,1
C01868,0,0
C01869,2,0
C01870,0,1
C01871,0,1
C01872,3,0
C01873,0,1
C01874,0,1
C01875,0,1
C01876,63,0
C01877,6,0
C01878,2,0
C01879,0,1
C01880,11,0
C01881,5,0
C01882,0,1
C01883,0,1
C01884,0,1
C01885,0,1
C01886,4,0
C01887,2,0
C01888,0,1
C01889,0,1
C01890,7,0
C01891,0,1
C01892,0,1
C01893,0,1
C01894,7,0
C01895,0,1
C01896,0,1
C01897,0,1
C01899,0,0
C01900,0,1
C01901,5,0
C01902,10,0
C01903,0,1
C01904,7,0
C01905,14,0
C01906,0,1
C01907,0,1
C01908,7,0
C01909,11,0
C01910,1,0
C01911,0,1
C01912,10,0
C01913,0,1
C01914,0,1
C01915,1,0
C01916,0,1
C01917,2,0
C01918,0,1
C01919,0,1
C01920,18,0
C01921,0,1
C01922,0,1
C01923,0,1
C01924,3,0
C01925,5,0
C01926,0,1
C01927,0,1
C01928,0,1
C01929,0,1
C01930,0,0
C01931,0,1
C01932,10,0
C01933,2,0
C01934,0,1
C01935,0,1
C01936,5,0
C01937,0,1
C01938,0,1
C01939,0,1
C01940,0,1
C01941,0,1
C01942,3,0
C01943,8,0
C01944,0,0
C01945,0,1
C01946,0,1
C01947,6,0
C01948,6,0
C01950,0,1
C01951,0,1
C01952,0,0
C01953,0,1
C01954,0,1
C01955,4,0
C01956,27,0
C01957,9,0
C01958,1,0
C01959,0,1
C01960,0,1
C01961,0,1
C01962,0,1
C01963,6,0
C01964,0,1
C01965,0,1
C01966,16,0
C01967,0,1
C01968,0,1
C01969,0,1
C01970,0,1
C01971,0,1
C01972,0,1
C01973,4,0
C01974,17,0
C01975,0,1
C01976,0,1
C01977,0,1
C01978,0,1
C01979,0,1
C01980,7,0
C01981,0,1
C01982,4,0
C01983,0,0
C01984,0,1
C01985,0,1
C01986,4,0
C01987,0,1
C01988,5,0
C01989,1,0
C01990,1,0
C01991,6,0
C01992,0,1
C01994,4,0
C01995,3,0
C01996,3,0
C01997,0,1
C01998,22,0
C01999,0,1
C02000,5,0
C02001,2,0
C02002,0,1
C02003,0,1
C02005,0,1
C02006,11,0
C02007,7,0
C02008,1,0
C02009,0,1
C02010,0,1
C02011,1,0
C02012,16,0
C02013,0,1
C02014,29,0
C02015,0,1
C02016,2,0
C02017,0,1
C02018,4,0
C02019,31,0
C02020,0,1
C02022,0,1
C02023,4,0
C02024,6,0
C02025,2,0
C02026,0,1
C02027,0,1
C02029,0,0
C02030,0,1
C02031,7,0
C02032,8,0
C02033,0,0
C02034,9,0
C02035,1,0
C02036,5,0
C02037,2,0
C02038,0,1
C02039,0,1
C02040,23,0
C02041,0,1
C02042,7,0
C02043,0,1
C02044,6,0
C02045,1,0
C02046,0,1
C02047,0,1
C02048,6,0
C02049,2,0
C02050,0,1
C02051,0,1
C02052,3,0
C02054,8,0
C02055,0,1
C02056,0,1
C02057,0,1
C02058,0,1
C02059,0,1
C02060,0,1
C02061,0,1
C02062,0,1
C02063,1,0
C02064,3,0
C02065,0,1
C02066,4,0
C02067,0,1
C02068,0,1
C02069,0,1
C02070,0,1
C02071,3,0
C02072,0,1
C02073,43,0
C02074,0,1
C02076,0,1
C02077,3,0
C02078,0,1
C02079,6,0
C02080,0,1
C02081,25,0
C02082,3,0
C02083,0,1
C02084,0,1
C02085,0,1
C02086,0,1
C02087,0,1
C02088,0,1
C02089,0,1
C02090,3,0
C02091,5,0
C02092,5,0
C02093,17,0
C02094,2,0
C02095,0,1
C02096,1,0
C02097,0,1
C02099,0,1
C02100,7,0
C02101,0,0
C02102,0,1
C02103,4,0
C02104,0,1
C02105,0,1
C02106,0,1
C02107,0,1
C02108,3,0
C02109,0,1
C02110,4,0
C02111,0,1
C02112,0,1
C02113,0,1
C02115,0,1
C02116,0,0
C02117,0,1
C02118,13,0
C02119,0,1
C02121,0,1
C02122,0,1
C02123,0,1
C02124,4,0
C02125,5,0
C02126,0,1
C02127,17,0
C02128,8,0
C02129,0,1
C02130,0,1
C02131,12,0
C02132,9,0
C02133,3,0
C02134,1,0
C02135,0,1
C02136,6,0
C02137,0,0
C02138,5,0
C02140,0,0
C02141,0,1
C02142,0,1
C02143,0,1
C02144,0,1
C02145,1,0
C02146,0,1
C02147,0,1
C02148,0,1
C02149,5,0
C02150,1,0
C02151,0,1
C02152,0,1
C02153,0,1
C02154,0,1
C02155,2,0
C02156,10,0
C02157,3,0
C02158,2,0
C02159,0,1
C02160,0,1
C02161,0,1
C02162,0,1
C02163,0,1
C02164,0,1
C02165,0,1
C02166,0,1
C02167,0,1
C02168,0,1
C02169,0,1
C02170,2,0
C02171,0,1
C02172,19,0
C02173,0,1
C02174,11,0
C02175,2,0
C02176,0,1
C02177,0,0
C02178,0,1
C02179,0,0
C02180,1,0
C02181,3,0
C02182,0,0
C02183,6,0
C02185,1,0
C02186,2,0
C02187,0,0
C02188,5,0
C02190,0,1
C02192,0,1
C02193,0,1
C02194,0,0
C02195,0,1
C02196,4,0
C02197,0,1
C02198,0,1
C02199,0,1
C02200,1,0
C02201,0,1
C02202,0,1
C02203,4,0
C02204,0,0
C02205,0,1
C02207,5,0
C02208,2,0
C02209,15,0
C02210,1,0
C02211,17,0
C02212,0,1
C02213,17,0
C02214,0,0
C02215,6,0
C02216,0,1
C02217,0,1
C02218,0,1
C02219,1,0
C02220,0,1
C02221,2,0
C02222,8,0
C02223,0,1
C02224,1,0
C02225,0,1
C02228,7,0
C02229,0,1
C02230,0,1
C02231,21,0
C02232,0,1
C02234,0,1
C02235,4,0
C02236,0,1
C02237,21,0
C02238,0,1
C02239,0,1
C02240,5,0
C02241,0,1
C02242,0,0
C02243,0,0
C02244,0,1
C02245,5,0
C02246,3,0
C02247,11,0
C02248,0,1
C02249,1,0
C02250,0,1
C02251,0,0
C02252,2,0
C02253,0,1
C02254,0,1
C02255,0,1
C02256,0,1
C02257,1,0
C02258,0,1
C02259,0,1
C02260,3,0
C02261,1,0
C02262,0,1
C02263,1,0
C02264,0,1
C02265,33,0
C02266,4,0
C02267,11,0
C02268,9,0
C02269,1,0
C02270,7,0
C02271,6,0
C02272,5,0
C02273,1,0
C02274,0,1
C02275,0,1
C02276,0,1
C02277,4,0
C02278,0,1
C02279,0,0
C02280,0,1
C02281,7,0
C02282,5,0
C02283,4,0
C02284,0,1
C02285,0,1
C02286,0,1
C02287,0,1
C02288,0,0
C02289,0,0
C02290,0,1
C02291,4,0
C02292,1,0
C02293,3,0
C02294,0,1
C02295,9,0
C02296,0,1
C02297,0,1
C02298,0,1
C02299,1,0
C02300,0,1
C02301,0,1
C02302,0,0
C02303,2,0
C02305,0,1
C02306,2,0
C02307,9,0
C02308,8,0
C02309,0,0
C02310,4,0
C02311,3,0
C02312,2,0
C02313,2,0
C02314,0,0
C02315,1,0
C02316,0,0
C02317,0,1
C02318,4,0
C02319,16,0
C02320,9,0
C02321,2,0
C02322,3,0
C02323,0,1
C02324,0,1
C02325,0,1
C02326,0,1
C02327,2,0
C02328,0,1
C02329,0,1
C02330,0,1
C02331,0,1
C02332,3,0
C02333,3,0
C02334,0,1
C02335,1,0
C02338,51,0
C02339,0,1
C02340,2,0
C02341,1,0
C02342,2,0
C02343,5,0
C02344,2,0
C02346,4,0
C02347,0,1
C02348,0,1
C02349,0,1
C02350,0,1
C02351,1,0
C02352,3,0
C02353,0,1
C02354,11,0
C02355,8,0
C02356,0,1
C02357,0,1
C02359,0,1
C02360,0,1
C02361,9,0
C02362,8,0
C02363,0,1
C02364,6,0
C02365,6,0
C02366,0,1
C02367,0,1
C02368,3,0
C02369,4,0
C02370,0,1
C02371,0,0
C02372,1,0
C02373,0,1
C02374,0,1
C02375,2,0
C02376,3,0
C02377,0,1
C02378,0,1
C02379,0,1
C02380,0,1
C02381,0,1
C02382,2,0
C02383,0,1
C02384,0,1
C02385,0,1
C02386,3,0
C02387,0,1
C02389,1,0
C02390,9,0
C02391,0,1
C02392,0,1
C02393,0,0
C02394,0,1
C02395,0,1
C02396,0,1
C02397,0,1
C02398,2,0
C02399,0,1
C02400,1,0
C02401,0,1
C02402,0,1
C02403,0,1
C02404,6,0
C02405,0,0
C02406,6,0
C02407,0,1
C02408,0,1
C02410,0,1
C02411,0,1
C02412,2,0
C02413,3,0
C02414,5,0
C02415,2,0
C02416,0,1
C02417,0,1
C02418,0,1
C02419,11,0
C02420,5,0
C02421,0,1
C02423,0,1
C02424,1,0
C02425,0,1
C02426,0,1
C02427,12,0
C02428,0,1
C02429,0,1
C02430,0,0
C02431,2,0
C02432,0,1
C02433,0,1
C02435,1,0
C02436,5,0
C02437,1,0
C02438,0,1
C02439,1,0
C02440,0,1
C02441,1,0
C02443,0,1
C02444,9,0
C02445,18,0
C02446,16,0
C02447,9,0
C02448,0,0
C02449,6,0
C02450,0,1
C02451,1,0
C02452,4,0
C02453,2,0
C02454,0,1
C02455,3,0
C02456,0,1
C02457,0,1
C02458,0,1
C02459,0,1
C02461,0,1
C02462,5,0
C02464,22,0
C02465,0,1
C02466,0,1
C02467,0,1
C02468,0,1
C02469,4,0
C02470,3,0
C02471,7,0
C02472,0,1
C02473,29,0
C02474,0,0
C02475,5,0
C02476,5,0
C02477,0,1
C02478,46,0
C02479,0,1
C02480,6,0
C02481,1,0
C02482,0,1
C02483,0,1
C02484,3,0
C02485,0,1
C02486,0,1
C02487,0,1
C02488,0,1
C02489,8,0
C02490,0,1
C02491,3,0
C02492,18,0
C02494,9,0
C02495,0,1
C02496,0,1
C02497,0,1
C02498,0,1
C02499,0,1
C02500,2,0
C02501,0,1
C02502,5,0
C02503,6,0
C02504,15,0
C02505,2,0
C02506,0,1
C02507,0,0
C02508,11,0
C02509,0,1
C02512,0,1
C02513,0,1
C02514,0,1
C02515,5,0
C02516,0,1
C02517,12,0
C02518,2,0
C02519,4,0
C02520,0,1
C02521,0,1
C02522,0,1
C02523,6,0
C02524,0,1
C02525,0,1
C02526,0,1
C02527,7,0
C02528,12,0
C02529,2,0
C02530,0,0
C02531,0,1
C02532,0,1
C02533,3,0
C02534,7,0
C02535,3,0
C02536,0,1
C02537,5,0
C02538,0,1
C02539,1,0
C02540,0,1
C02541,0,1
C02542,0,1
C02543,0,1
C02544,9,0
C02545,5,0
C02546,0,0
C02547,0,1
C02549,0,1
C02550,0,1
C02551,0,1
C02552,0,1
C02553,0,1
C02554,0,1
C02555,1,0
C02556,0,0
C02557,3,0
C02558,0,1
C02559,0,1
C02560,1,0
C02561,0,1
C02562,3,0
C02563,0,1
C02564,9,0
C02565,0,1
C02566,5,0
C02567,0,1
C02568,1,0
C02569,1,0
C02570,0,1
C02571,0,1
C02572,2,0
C02573,3,0
C02574,0,1
C02575,0,1
C02576,0,1
C02577,2,0
C02578,0,1
C02579,2,0
C02580,0,0
C02582,0,1
C02583,0,1
C02584,0,0
C02586,21,0
C02589,0,1
C02590,0,1
C02591,1,0
C02592,0,1
C02593,3,0
C02594,0,1
C02595,4,0
C02596,0,1
C02597,0,1
C02598,0,1
C02599,5,0
C02600,5,0
C02601,0,1
C02602,2,0
C02603,7,0
C02604,0,1
C02605,0,0
C02606,0,1
C02607,11,0
C02608,0,1
C02609,0,1
C02610,5,0
C02611,0,1
C02612,0,1
C02614,0,1
C02615,5,0
C02616,22,0
C02617,0,1
C02618,0,1
C02619,0,0
C02620,0,1
C02621,0,0
C02622,1,0
C02623,4,0
C02624,2,0
C02625,1,0
C02626,0,0
C02627,20,0
C02628,0,0
C02629,5,0
C02630,0,1
C02631,0,1
C02632,3,0
C02633,0,0
C02634,3,0
C02635,9,0
C02636,13,0
C02637,0,1
C02638,0,1
C02639,0,1
C02640,0,1
C02641,10,0
C02642,8,0
C02643,2,0
C02644,4,0
C02646,0,0
C02647,0,1
C02648,0,1
C02649,0,1
C02650,2,0
C02651,0,1
C02652,0,1
C02653,2,0
C02654,0,1
C02655,36,0
C02656,0,1
C02658,14,0
C02659,4,0
C02660,6,0
C02661,0,1
C02662,7,0
C02663,0,1
C02664,10,0
C02665,0,1
C02666,0,1
C02667,4,0
C02668,0,0
C02669,0,1
C02670,13,0
C02672,4,0
C02673,0,0
C02674,12,0
C02675,3,0
C02676,0,1
C02677,6,0
C02678,3,0
C02679,0,1
C02680,2,0
C02681,0,1
C02682,11,0
C02683,0,1
C02684,0,0
C02685,3,0
C02686,2,0
C02687,0,1
C02688,0,1
C02689,0,1
C02690,2,0
C02691,12,0
C02692,0,1
C02693,12,0
C02694,10,0
C02695,0,1
C02696,0,1
C02698,0,1
C02699,0,1
C02700,8,0
C02702,0,1
C02703,0,1
C02704,0,1
C02705,0,1
C02706,29,0
C02707,0,1
C02708,2,0
C02709,13,0
C02710,0,1
C02711,5,0
C02712,18,0
C02713,0,1
C02714,0,1
C02715,0,1
C02716,0,1
C02717,0,1
C02718,0,1
C02719,8,0
C02720,0,1
C02722,0,1
C02723,0,1
C02724,6,0
C02725,5,0
C02726,70,0
C02727,0,1
C02728,1,0
C02729,0,1
C02730,2,0
C02731,14,0
C02732,3,0
C02733,0,1
C02734,4,0
C02735,0,1
C02736,4,0
C02737,0,1
C02738,0,1
C02739,0,1
C02740,0,1
C02741,0,1
C02742,4,0
C02743,6,0
C02744,0,1
C02745,3,0
C02746,17,0
C02747,9,0
C02748,1,0
C02749,5,0
C02750,0,1
C02751,0,1
C02752,0,1
C02753,0,1
C02754,0,0
C02755,4,0
C02756,2,0
C02757,0,1
C02758,9,0
C02759,0,0
C02760,0,1
C02761,0,0
C02762,7,0
C02763,1,0
C02764,0,1
C02765,0,1
C02766,0,1
C02768,0,1
C02769,7,0
C02770,0,1
C02771,0,1
C02772,0,1
C02773,0,1
C02774,0,0
C02775,2,0
C02776,0,1
C02777,0,1
C02779,8,0
C02780,0,1
C02781,0,1
C02782,0,1
C02783,6,0
C02784,0,1
C02785,4,0
C02786,0,1
C02787,0,1
C02788,0,1
C02789,5,0
C02790,7,0
C02791,0,1
C02792,0,1
C02793,0,1
C02794,0,1
C02795,1,0
C02796,10,0
C02797,6,0
C02798,4,0
C02799,16,0
C02800,3,0
C02801,0,1
C02802,0,1
C02803,2,0
C02804,0,1
C02805,3,0
C02806,0,1
C02808,1,0
C02810,0,1
C02811,5,0
C02812,0,1
C02813,0,1
C02814,0,1
C02815,5,0
C02816,5,0
C02817,0,0
C02818,1,0
C02819,0,1
C02820,0,1
C02821,10,0
C02823,0,1
C02824,0,1
C02825,1,0
C02826,10,0
C02827,6,0
C02828,0,1
C02829,0,1
C02830,4,0
C02831,0,1
C02832,58,0
C02833,0,1
C02834,0,0
C02835,11,0
C02836,0,1
C02837,0,1
C02838,11,0
C02839,2,0
C02840,0,1
C02841,0,1
C02842,0,1
C02843,0,1
C02844,0,0
C02845,0,0
C02846,0,1
C02847,0,1
C02848,0,1
C02849,5,0
C02850,14,0
C02851,0,1
C02852,4,0
C02853,0,1
C02854,0,1
C02855,1,0
C02856,3,0
C02857,8,0
C02858,0,1
C02859,0,1
C02860,0,1
C02861,0,1
C02862,3,0
C02863,6,0
C02864,0,1
C02865,0,0
C02866,11,0
C02867,1,0
C02868,0,1
C02869,0,1
C02870,0,0
C02871,4,0
C02872,3,0
C02873,0,1
C02874,10,0
C02875,16,0
C02876,0,1
C02877,0,1
C02878,6,0
C02879,0,1
C02880,4,0
C02881,0,1
C02882,3,0
C02883,0,1
C02884,0,1
C02885,0,1
C02886,0,1
C02887,0,1
C02888,1,0
C02889,0,0
C02890,0,0
C02891,1,0
C02892,0,1
C02893,0,1
C02894,0,1
C02895,0,0
C02896,0,1
C02897,2,0
C02898,0,1
C02900,4,0
C02901,2,0
C02902,7,0
C02903,0,0
C02904,2,0
C02905,0,1
C02906,0,1
C02907,2,0
C02908,2,0
C02909,0,1
C02910,0,1
C02911,16,0
C02912,0,1
C02913,6,0
C02914,24,0
C02915,0,1
C02916,2,0
C02917,0,1
C02918,0,1
C02919,0,1
C02920,0,1
C02921,0,1
C02922,0,1
C02923,4,0
C02924,0,1
C02925,0,1
C02926,3,0
C02928,0,1
C02929,3,0
C02930,9,0
C02931,1,0
C02932,21,0
C02933,0,0
C02934,48,0
C02935,0,1
C02936,5,0
C02937,0,1
C02938,38,0
C02939,0,1
C02941,3,0
C02942,0,1
C02943,0,1
C02944,7,0
C02945,0,1
C02946,5,0
C02947,0,1
C02948,1,0
C02949,2,0
C02950,0,1
C02951,3,0
C02952,0,1
C02953,1,0
C02954,3,0
C02955,2,0
C02956,0,1
C02957,0,1
C02958,0,1
C02959,1,0
C02960,0,1
C02961,0,1
C02962,0,1
C02964,0,1
C02965,6,0
C02966,0,1
C02967,1,0
C02968,0,1
C02969,0,1
C02970,0,0
C02971,0,1
C02972,2,0
C02973,2,0
C02974,0,1
C02975,0,1
C02976,0,1
C02977,0,1
C02978,0,1
C02979,0,1
C02980,0,1
C02981,0,1
C02982,0,1
C02983,0,1
C02984,0,1
C02985,1,0
C02987,0,0
C02988,0,1
C02989,5,0
C02990,0,0
C02991,3,0
C02992,9,0
C02993,0,1
C02994,0,1
C02995,6,0
C02996,0,0
C02997,8,0
C02998,13,0
C02999,14,0
