customer_id,frequency,T,recency
C00000,7,82,78
C00001,15,259,255
C00002,10,103,37
C00003,3,58,45
C00004,18,176,98
C00005,2,18,17
C00006,2,88,82
C00007,4,112,50
C00008,13,207,176
C00009,17,328,163
C00010,3,61,53
C00011,11,93,93
C00012,19,142,138
C00013,22,117,117
C00014,4,138,10
C00015,3,293,137
C00016,7,252,23
C00017,7,278,45
C00019,27,260,152
C00020,14,152,144
C00021,6,309,32
C00022,0,12,0
C00023,6,229,75
C00024,4,229,49
C00025,1,24,19
C00026,6,45,36
C00027,5,145,112
C00028,5,183,18
C00029,0,257,0
C00030,0,91,0
C00031,27,157,156
C00032,7,39,31
C00033,13,29,27
C00035,27,317,163
C00036,2,125,19
C00037,2,231,58
C00038,24,130,122
C00039,10,18,17
C00040,14,311,263
C00041,27,163,155
C00042,1,259,15
C00043,15,85,74
C00044,2,312,15
C00045,1,10,9
C00046,7,239,44
C00047,0,259,0
C00048,2,25,15
C00049,1,61,40
C00050,5,201,59
C00051,6,32,30
C00052,2,203,6
C00053,8,70,34
C00054,2,26,16
C00056,11,51,46
C00057,4,96,82
C00058,1,94,69
C00059,14,295,186
C00060,11,188,117
C00061,6,212,162
C00062,1,17,13
C00063,8,159,86
C00064,8,176,175
C00065,10,243,96
C00066,33,295,236
C00067,34,261,218
C00068,3,140,103
C00069,32,245,240
C00070,5,185,108
C00071,26,288,88
C00072,40,209,154
C00073,2,204,95
C00074,26,223,156
C00075,5,50,31
C00076,2,246,48
C00077,11,210,95
C00079,14,177,107
C00080,12,34,31
C00081,31,149,149
C00082,5,12,12
C00084,0,60,0
C00085,1,322,162
C00086,0,6,0
C00087,6,108,80
C00089,17,55,54
C00090,3,136,41
C00091,8,78,74
C00092,11,158,152
C00093,1,243,61
C00094,7,255,65
C00095,16,222,202
C00096,5,38,32
C00097,9,22,20
C00099,30,198,134
C00100,5,324,18
C00101,23,262,126
C00102,23,30,30
C00103,5,44,32
C00104,2,40,2
C00105,4,213,21
C00106,30,278,86
C00107,0,96,0
C00108,1,165,5
C00109,18,199,178
C00110,4,32,19
C00111,10,223,84
C00112,12,95,90
C00114,52,246,246
C00115,3,2,2
C00116,15,194,192
C00117,9,236,145
C00118,13,276,255
C00119,54,201,190
C00120,0,12,0
C00121,7,39,36
C00122,0,94,0
C00123,3,60,31
C00124,25,222,92
C00125,2,217,110
C00126,3,49,23
C00127,12,89,79
C00128,23,210,138
C00129,27,223,202
C00130,39,234,234
C00131,8,118,100
C00132,3,152,62
C00133,7,23,23
C00135,3,4,2
C00136,10,155,84
C00137,4,311,61
C00138,26,182,171
C00139,23,234,128
C00140,12,83,66
C00141,6,275,143
C00142,1,30,5
C00143,1,95,41
C00144,6,38,30
C00145,1,48,40
C00146,17,122,104
C00147,73,278,278
C00148,28,25,25
C00149,24,104,103
C00150,11,36,35
C00151,12,229,115
C00152,5,324,51
C00153,6,117,81
C00154,4,220,20
C00155,2,157,71
C00156,25,220,145
C00157,8,279,66
C00158,120,118,118
C00159,27,112,112
C00160,37,230,210
C00161,2,231,108
C00162,26,186,181
C00163,0,131,0
C00164,14,309,233
C00165,0,151,0
C00166,17,152,152
C00167,19,302,70
C00168,7,230,186
C00169,64,169,168
C00170,5,137,34
C00171,40,306,114
C00172,46,154,154
C00173,0,46,0
C00174,77,221,221
C00175,10,175,155
C00177,4,312,69
C00178,1,42,42
C00179,10,258,209
C00180,12,281,92
C00181,10,110,101
C00182,4,81,66
C00183,7,100,44
C00184,6,77,77
C00185,26,171,162
C00186,5,99,66
C00188,18,112,99
C00189,16,196,137
C00190,40,51,49
C00191,0,170,0
C00192,3,214,31
C00193,34,122,120
C00194,5,106,78
C00195,8,49,41
C00196,13,166,163
C00197,2,208,16
C00198,11,131,126
C00199,10,192,112
C00200,10,227,109
C00201,11,317,161
C00202,84,200,197
C00204,5,103,68
C00205,3,192,107
C00206,27,289,202
C00207,13,261,182
C00208,0,319,0
C00209,4,34,17
C00210,1,193,34
C00211,0,35,0
C00212,9,140,78
C00213,4,88,57
C00214,21,193,185
C00215,7,119,26
C00216,14,167,166
C00217,36,321,183
C00218,9,246,231
C00219,17,144,83
C00220,0,232,0
C00221,15,134,127
C00222,21,144,142
C00223,19,188,171
C00224,1,299,40
C00225,1,101,14
C00226,8,30,20
C00227,6,94,79
C00228,49,249,200
C00229,10,148,147
C00230,5,269,118
C00231,0,84,0
C00232,5,171,45
C00233,2,247,29
C00234,21,141,113
C00235,3,81,71
C00236,2,57,12
C00238,4,299,38
C00239,14,244,239
C00240,53,137,137
C00241,9,33,28
C00242,3,97,64
C00243,8,5,5
C00244,22,230,84
C00246,15,137,132
C00247,14,300,239
C00248,27,204,197
C00249,1,121,4
C00250,9,148,29
C00251,6,47,42
C00252,3,110,72
C00253,18,155,62
C00254,11,106,70
C00255,14,72,71
C00256,4,71,40
C00257,9,88,86
C00258,51,250,242
C00259,3,216,82
C00260,16,84,79
C00261,1,90,64
C00262,45,147,146
C00263,2,190,68
C00264,14,301,142
C00265,8,131,65
C00266,15,205,182
C00267,1,164,40
C00268,71,158,155
C00269,8,44,43
C00270,7,280,118
C00271,11,274,163
C00272,9,296,165
C00273,8,130,21
C00274,24,186,186
C00275,4,97,40
C00276,5,29,25
C00277,1,136,67
C00278,8,16,16
C00279,46,235,152
C00280,9,145,122
C00281,1,20,15
C00282,26,225,219
C00283,2,35,20
C00284,6,245,107
C00285,5,278,54
C00286,2,21,20
C00287,6,201,145
C00288,0,247,0
C00289,14,263,194
C00290,29,94,90
C00291,1,273,13
C00292,14,314,140
C00293,0,273,0
C00294,10,138,76
C00296,4,26,19
C00297,22,189,186
C00298,3,43,14
C00300,15,155,145
C00301,6,200,59
C00302,8,154,36
C00303,1,24,2
C00305,24,96,96
C00306,0,226,0
C00307,1,7,0
C00308,11,228,170
C00309,5,289,93
C00310,41,174,172
C00311,15,91,88
C00312,9,88,71
C00313,0,175,0
C00314,24,112,108
C00315,6,179,111
C00316,12,249,105
C00317,6,129,113
C00318,11,230,151
C00320,2,95,25
C00321,7,14,13
C00322,15,260,161
C00323,51,220,217
C00324,15,44,43
C00325,34,53,51
C00326,14,316,194
C00327,5,158,71
C00328,2,259,19
C00329,9,111,86
C00330,13,271,160
C00332,14,117,96
C00333,22,145,144
C00334,13,262,115
C00335,9,75,68
C00336,11,292,119
C00337,2,239,56
C00338,0,71,0
C00339,6,36,31
C00340,6,165,19
C00341,9,189,165
C00342,4,23,22
C00343,24,303,234
C00344,3,8,5
C00345,3,311,56
C00346,24,300,174
C00347,2,19,6
C00348,34,168,168
C00350,5,275,127
C00351,5,236,131
C00352,0,62,0
C00353,4,130,37
C00354,41,89,89
C00355,64,316,208
C00356,13,271,76
C00357,9,194,138
C00358,9,42,41
C00359,6,146,113
C00360,0,127,0
C00361,28,59,59
C00362,13,185,72
C00363,3,97,77
C00365,2,309,28
C00366,7,51,48
C00367,12,293,71
C00368,24,177,173
C00370,2,299,73
C00371,6,259,88
C00373,1,79,5
C00374,2,189,14
C00375,2,40,18
C00376,3,53,40
C00377,17,103,102
C00379,2,93,11
C00380,7,187,111
C00381,63,253,244
C00382,4,40,20
C00383,28,307,180
C00384,2,289,58
C00385,8,134,122
C00386,54,264,230
C00387,10,121,111
C00388,12,100,78
C00389,15,148,35
C00390,3,125,9
C00391,21,140,131
C00392,14,106,104
C00393,2,301,6
C00394,4,259,66
C00395,2,80,19
C00396,2,40,32
C00397,62,224,223
C00398,10,105,102
C00399,18,315,92
C00400,6,274,86
C00401,8,120,22
C00402,5,121,77
C00403,26,54,53
C00404,4,54,17
C00406,0,233,0
C00407,47,281,267
C00408,17,93,90
C00409,11,119,114
C00410,9,80,78
C00411,2,31,30
C00412,10,81,78
C00413,3,216,9
C00414,8,265,56
C00415,11,175,60
C00416,6,152,89
C00417,28,64,64
C00418,3,233,69
C00419,4,243,26
C00420,13,65,62
C00421,101,150,150
C00422,8,130,130
C00423,62,82,82
C00424,15,167,135
C00425,35,278,255
C00426,4,214,20
C00427,1,56,18
C00428,8,36,35
C00429,1,89,11
C00430,0,217,0
C00431,8,181,134
C00432,17,202,201
C00433,1,31,30
C00434,4,78,21
C00435,23,278,222
C00436,4,251,116
C00437,19,219,101
C00438,0,5,0
C00439,5,243,43
C00440,5,4,2
C00441,10,234,232
C00442,5,313,63
C00443,4,45,31
C00444,22,286,286
C00445,18,166,165
C00446,1,215,3
C00447,3,242,34
C00448,0,141,0
C00449,7,86,85
C00450,24,239,110
C00451,29,319,43
C00452,0,0,0
C00453,1,13,2
C00454,1,262,14
C00455,18,237,128
C00456,8,251,183
C00457,2,154,9
C00458,2,120,44
C00459,25,175,154
C00460,8,130,98
C00461,2,12,12
C00462,28,175,120
C00464,8,252,34
C00465,25,317,114
C00468,1,241,165
C00469,18,35,35
C00470,19,40,37
C00471,10,278,258
C00472,1,3,3
C00473,27,89,84
C00474,6,295,56
C00475,53,238,238
C00476,24,232,214
C00478,18,204,197
C00479,15,84,80
C00480,14,261,76
C00481,2,71,16
C00482,3,69,45
C00483,5,111,25
C00484,16,101,100
C00485,20,192,191
C00486,9,307,47
C00487,12,109,109
C00488,31,72,69
C00489,7,176,171
C00490,58,271,268
C00491,9,212,106
C00492,22,157,150
C00493,27,185,175
C00494,5,220,43
C00495,8,165,98
C00496,19,94,85
C00497,4,31,23
C00498,2,92,71
C00499,17,148,133
C00501,25,179,146
C00502,9,208,162
C00503,6,30,26
C00504,4,261,17
C00505,2,177,24
C00507,63,266,266
C00508,6,191,45
C00509,50,276,167
C00510,2,270,24
C00511,0,28,0
C00512,2,76,69
C00513,13,205,202
C00514,2,182,31
C00515,16,16,14
C00516,2,155,3
C00517,4,85,46
C00518,17,229,171
C00520,2,260,58
C00521,9,266,91
C00522,9,152,130
C00523,37,219,216
C00524,1,46,18
C00525,4,91,71
C00526,7,62,59
C00527,11,95,94
C00528,11,22,21
C00529,11,40,38
C00530,44,146,144
C00531,8,141,121
C00532,1,34,34
C00533,2,33,13
C00534,9,104,71
C00535,17,177,151
C00536,3,24,23
C00537,9,176,152
C00538,9,220,66
C00539,2,103,37
C00540,2,114,19
C00541,5,150,25
C00542,9,206,132
C00543,4,218,66
C00544,0,221,0
C00545,1,325,4
C00546,2,119,8
C00547,3,220,210
C00548,14,66,63
C00549,1,5,2
C00552,10,213,130
C00553,3,4,4
C00554,3,139,127
C00555,3,137,78
C00556,10,159,92
C00557,25,166,164
C00558,3,192,184
C00559,5,101,80
C00560,14,189,110
C00561,1,1,1
C00562,4,23,13
C00563,5,155,73
C00564,7,107,39
C00565,14,308,144
C00566,0,127,0
C00567,41,323,95
C00568,14,202,155
C00569,2,294,23
C00570,1,126,5
C00572,1,40,31
C00573,15,247,130
C00574,8,268,101
C00575,56,179,178
C00576,7,141,130
C00577,7,86,76
C00578,12,198,191
C00579,8,15,13
C00580,3,30,20
C00581,2,120,33
C00582,29,168,168
C00583,11,138,105
C00584,14,239,84
C00585,0,216,0
C00586,2,117,6
C00587,7,54,42
C00588,22,140,127
C00589,3,304,13
C00592,2,181,15
C00593,10,293,278
C00594,2,111,52
C00596,7,54,53
C00597,0,40,0
C00598,2,167,16
C00599,73,151,151
C00600,50,168,168
C00601,3,300,48
C00602,1,221,96
C00603,9,123,121
C00604,58,77,76
C00605,6,169,55
C00606,4,186,74
C00607,3,245,81
C00608,3,202,159
C00609,35,160,156
C00610,5,214,40
C00611,13,134,82
C00612,5,15,11
C00613,16,42,41
C00614,3,199,199
C00615,25,297,212
C00616,0,3,0
C00617,13,140,137
C00619,1,35,2
C00620,6,194,83
C00621,19,136,130
C00622,0,8,0
C00623,12,307,210
C00624,0,208,0
C00625,26,269,255
C00626,9,153,22
C00628,17,110,108
C00629,5,148,42
C00630,4,76,44
C00631,13,131,131
C00633,20,312,135
C00634,17,174,131
C00635,1,22,10
C00636,8,195,186
C00637,13,38,33
C00638,40,225,197
C00639,9,189,158
C00640,32,132,117
C00641,2,81,26
C00642,11,205,187
C00643,27,209,200
C00644,15,222,209
C00645,3,35,31
C00646,12,31,26
C00647,3,204,17
C00648,7,78,76
C00649,3,231,57
C00650,9,173,162
C00651,31,296,272
C00652,1,7,0
C00653,6,303,161
C00654,16,275,147
C00655,35,237,223
C00656,15,231,114
C00657,3,2,1
C00658,9,116,44
C00659,30,282,234
C00660,16,62,55
C00661,3,139,72
C00662,1,208,1
C00663,11,226,222
C00664,0,155,0
C00665,12,243,163
C00666,18,278,267
C00667,14,58,58
C00668,8,209,64
C00669,37,312,202
C00670,24,273,247
C00671,27,164,135
C00672,9,89,83
C00674,11,88,88
C00675,19,304,197
C00676,3,2,1
C00677,0,146,0
C00678,7,120,118
C00679,3,182,25
C00680,7,19,15
C00681,1,49,37
C00682,25,162,157
C00683,4,195,32
C00684,6,71,61
C00685,21,142,84
C00686,6,74,73
C00687,9,63,62
C00689,3,31,26
C00690,16,166,147
C00691,4,194,151
C00692,24,244,232
C00693,37,281,278
C00694,0,31,0
C00695,36,89,80
C00696,3,68,25
C00697,10,35,34
C00698,7,147,80
C00699,10,245,88
C00700,17,159,85
C00701,18,114,105
C00702,3,217,53
C00703,46,299,201
C00704,17,261,109
C00705,5,50,25
C00706,16,227,214
C00707,1,159,1
C00708,10,246,112
C00709,4,252,131
C00710,7,96,76
C00711,2,234,7
C00712,9,286,85
C00713,25,203,198
C00714,5,148,66
C00715,14,63,57
C00716,13,71,65
C00717,4,86,41
C00718,8,179,97
C00719,14,246,211
C00720,2,196,11
C00721,9,285,69
C00722,2,259,23
C00723,9,95,94
C00724,31,277,261
C00725,1,325,2
C00726,9,284,119
C00727,12,245,56
C00728,22,154,151
C00729,5,331,27
C00730,0,24,0
C00731,15,239,164
C00732,19,93,86
C00733,4,44,31
C00734,2,61,48
C00735,10,125,98
C00736,7,270,63
C00737,1,132,45
C00738,3,175,90
C00739,0,309,0
C00740,11,270,75
C00741,9,64,46
C00742,6,28,28
C00743,8,252,146
C00744,4,46,21
C00745,3,201,29
C00746,10,107,94
C00747,13,215,65
C00748,2,25,19
C00749,13,210,136
C00750,11,95,72
C00751,11,228,133
C00752,27,145,73
C00753,3,179,25
C00754,29,91,90
C00756,4,139,124
C00757,36,271,187
C00758,18,190,168
C00759,15,187,79
C00760,0,90,0
C00761,29,86,82
C00762,5,138,85
C00763,65,58,57
C00764,1,114,21
C00765,1,32,14
C00766,38,274,271
C00767,3,1,0
C00768,37,89,89
C00769,4,162,59
C00770,33,311,151
C00771,5,19,14
C00772,41,322,178
C00774,0,102,0
C00775,11,225,146
C00776,0,8,0
C00777,4,32,30
C00778,20,29,28
C00779,5,65,46
C00780,19,213,196
C00782,6,61,58
C00783,1,153,116
C00784,12,245,35
C00785,0,40,0
C00786,26,113,110
C00787,5,196,13
C00788,18,229,210
C00789,78,52,52
C00790,16,102,75
C00791,4,315,35
C00792,8,40,39
C00793,26,51,46
C00794,1,13,7
C00795,26,279,151
C00796,7,253,109
C00797,0,3,0
C00798,4,106,63
C00799,33,248,195
C00801,14,193,53
C00802,44,298,279
C00803,7,110,90
C00804,9,53,26
C00805,14,205,70
C00806,0,10,0
C00807,9,21,21
C00808,5,74,72
C00809,3,204,8
C00810,1,143,21
C00811,3,11,4
C00812,20,183,161
C00813,7,300,159
C00814,2,4,3
C00816,9,94,93
C00817,38,231,227
C00818,26,234,221
C00819,19,257,250
C00820,55,290,145
C00821,13,223,62
C00822,4,12,8
C00823,2,178,86
C00824,1,23,21
C00825,10,22,20
C00827,5,30,28
C00828,17,253,227
C00829,36,228,161
C00830,5,69,34
C00831,15,121,77
C00832,15,295,97
C00833,5,20,18
C00834,37,141,140
C00835,15,10,10
C00836,6,195,111
C00837,7,19,15
C00838,5,64,62
C00839,4,56,48
C00840,6,189,68
C00841,4,94,60
C00842,14,137,125
C00843,22,100,99
C00844,1,217,1
C00846,8,31,28
C00847,11,101,86
C00849,17,230,80
C00850,11,78,71
C00851,2,35,22
C00852,13,97,89
C00854,2,177,13
C00855,27,278,213
C00856,4,296,82
C00857,22,198,157
C00858,5,271,24
C00859,3,223,47
C00860,3,284,35
C00861,1,140,2
C00862,5,250,35
C00863,42,192,174
C00864,2,57,54
C00865,9,107,106
C00866,0,0,0
C00867,5,324,29
C00868,8,314,82
C00869,1,74,32
C00870,9,149,74
C00871,2,306,125
C00872,4,126,50
C00873,10,241,99
C00874,17,239,93
C00875,19,28,28
C00876,4,37,24
C00877,13,225,86
C00878,13,33,29
C00879,10,213,207
C00880,0,1,0
C00881,16,313,93
C00882,7,215,118
C00883,31,71,68
C00884,7,1,0
C00886,5,131,107
C00887,18,107,105
C00888,3,81,47
C00890,11,166,158
C00891,51,332,189
C00892,22,191,166
C00893,9,21,20
C00894,24,163,161
C00895,14,289,110
C00896,21,129,124
C00897,17,322,53
C00898,9,113,109
C00899,2,294,23
C00900,31,269,196
C00901,2,184,31
C00902,5,214,34
C00903,3,14,7
C00904,3,98,12
C00905,2,93,93
C00906,3,39,35
C00908,18,82,43
C00910,4,313,16
C00911,1,8,2
C00912,8,261,261
C00913,2,129,61
C00914,6,316,81
C00915,0,226,0
C00916,8,153,56
C00917,31,168,136
C00918,1,4,1
C00919,4,227,22
C00920,3,125,4
C00921,31,168,103
C00922,0,8,0
C00923,11,152,51
C00924,17,123,120
C00925,11,78,76
C00926,2,267,22
C00927,4,280,63
C00928,4,92,61
C00929,1,316,110
C00930,4,192,108
C00931,29,255,194
C00932,7,34,26
C00933,3,91,62
C00934,14,91,91
C00935,15,245,213
C00936,0,24,0
C00937,10,293,121
C00938,0,226,0
C00939,28,320,158
C00940,6,112,17
C00941,12,72,61
C00942,3,24,24
C00944,8,292,55
C00945,4,313,104
C00946,30,56,54
C00947,7,316,62
C00948,10,290,101
C00949,17,262,111
C00950,9,223,25
C00951,4,188,152
C00952,2,312,28
C00953,30,283,132
C00954,25,274,134
C00955,12,202,157
C00956,6,161,115
C00957,1,1,0
C00958,2,69,20
C00959,31,58,58
C00960,29,128,127
C00961,27,86,83
C00962,14,214,159
C00963,33,39,39
C00964,6,68,67
C00965,41,292,89
C00966,61,314,229
C00967,21,292,123
C00968,4,89,32
C00969,5,10,10
C00970,28,257,257
C00971,4,168,102
C00972,4,114,23
C00973,2,17,10
C00974,0,60,0
C00975,39,139,139
C00976,4,142,48
C00978,13,219,217
C00979,8,305,90
C00980,12,98,81
C00981,31,99,99
C00982,1,17,4
C00983,5,162,140
C00984,0,106,0
C00985,1,19,8
C00986,16,154,148
C00988,31,12,12
C00989,10,93,93
C00990,3,133,34
C00991,6,282,43
C00992,4,214,62
C00993,12,150,102
C00994,7,32,21
C00995,7,84,75
C00996,3,271,77
C00997,12,251,200
C00998,17,179,148
C00999,4,56,17
C01000,11,318,25
C01001,0,2,0
C01002,1,1,0
C01003,3,72,61
C01004,3,325,25
C01005,23,113,105
C01006,31,291,231
C01007,3,95,40
C01009,18,211,179
C01010,1,204,80
C01011,17,179,161
C01012,6,9,9
C01013,59,151,150
C01014,1,40,0
C01015,5,247,37
C01016,11,144,127
C01017,22,42,39
C01018,13,302,199
C01019,12,324,45
C01020,6,168,54
C01021,2,103,40
C01022,7,74,71
C01023,8,108,87
C01024,65,240,222
C01025,8,287,152
C01026,12,274,170
C01027,47,289,281
C01028,6,247,121
C01029,7,64,54
C01030,0,127,0
C01032,10,241,182
C01033,4,278,25
C01035,20,129,65
C01036,20,194,69
C01037,5,19,13
C01038,11,294,113
C01039,11,252,209
C01040,4,201,50
C01042,4,86,11
C01043,40,207,198
C01044,9,106,97
C01045,19,98,96
C01046,42,312,185
C01047,10,160,150
C01048,23,321,76
C01049,3,87,82
C01050,2,247,13
C01051,35,325,322
C01052,16,115,114
C01053,20,101,81
C01054,20,88,79
C01055,0,227,0
C01056,14,45,44
C01057,6,20,19
C01058,4,283,70
C01059,10,291,70
C01060,31,208,179
C01061,10,256,236
C01062,3,179,123
C01063,25,294,219
C01064,10,98,57
C01065,2,101,14
C01066,4,154,112
C01067,7,308,94
C01069,8,311,20
C01070,2,46,9
C01071,0,121,0
C01073,19,131,58
C01074,21,175,130
C01075,0,282,0
C01076,19,114,114
C01077,23,149,89
C01078,33,284,284
C01079,8,47,45
C01080,6,201,26
C01081,12,19,19
C01082,32,85,83
C01083,6,71,47
C01084,13,242,188
C01085,5,207,67
C01086,1,3,1
C01087,3,121,17
C01088,5,238,20
C01089,30,175,170
C01090,8,170,81
C01091,5,141,114
C01092,2,22,8
C01093,48,176,171
C01094,3,151,141
C01095,2,152,43
C01096,1,168,21
C01097,4,277,97
C01098,8,60,43
C01099,1,143,8
C01100,2,120,67
C01101,23,152,150
C01102,2,42,21
C01103,13,81,77
C01104,10,166,157
C01105,20,145,69
C01106,2,96,7
C01107,20,60,57
C01108,32,182,168
C01109,18,45,43
C01110,4,323,27
C01111,3,236,172
C01112,2,197,102
C01113,6,109,104
C01114,31,205,158
C01115,20,198,197
C01116,24,308,153
C01117,5,29,25
C01118,32,155,148
C01119,3,246,186
C01120,5,270,69
C01121,12,237,150
C01122,9,130,99
C01123,3,16,16
C01125,17,239,223
C01126,67,74,74
C01127,18,172,92
C01128,8,188,140
C01129,5,104,57
C01130,41,111,111
C01131,82,214,213
C01132,41,162,162
C01133,10,303,216
C01134,61,128,120
C01135,17,261,159
C01136,2,50,23
C01137,15,104,101
C01138,29,281,187
C01139,35,248,178
C01140,6,151,81
C01141,13,83,73
C01142,2,47,31
C01143,16,275,121
C01144,1,36,4
C01146,17,318,181
C01148,6,234,41
C01149,14,320,165
C01150,4,177,87
C01151,13,324,54
C01152,5,51,47
C01153,25,245,118
C01154,27,236,171
C01156,2,59,48
C01157,2,29,5
C01158,7,91,73
C01159,3,66,60
C01160,7,231,159
C01161,28,288,254
C01162,14,88,74
C01163,16,83,83
C01164,25,73,72
C01165,5,285,124
C01166,9,99,82
C01167,3,290,16
C01168,20,162,156
C01170,10,202,140
C01171,5,306,140
C01172,0,0,0
C01173,2,270,32
C01174,1,254,2
C01176,10,147,99
C01177,0,61,0
C01178,0,50,0
C01179,12,106,91
C01180,6,32,26
C01181,62,278,176
C01182,11,169,46
C01183,13,77,72
C01185,3,295,46
C01186,44,191,186
C01187,2,8,8
C01188,5,202,201
C01189,79,188,184
C01190,0,109,0
C01191,16,17,16
C01192,12,216,123
C01193,34,278,267
C01194,25,250,119
C01195,4,160,156
C01196,3,218,21
C01197,8,39,38
C01198,1,266,2
C01199,29,78,73
C01200,26,194,189
C01201,16,143,131
C01202,22,117,101
C01203,5,48,19
C01204,3,189,73
C01206,1,208,18
C01207,10,205,60
C01208,14,100,88
C01209,0,191,0
C01210,1,4,3
C01211,2,5,5
C01212,1,29,4
C01213,17,230,208
C01214,1,246,167
C01215,16,192,186
C01216,14,212,86
C01217,13,267,72
C01218,29,228,219
C01219,0,0,0
C01220,1,143,75
C01222,3,76,14
C01223,8,93,72
C01224,1,191,35
C01225,39,287,186
C01226,2,72,21
C01227,1,303,34
C01228,15,141,120
C01229,3,112,27
C01230,3,31,8
C01231,18,36,36
C01232,0,4,0
C01234,23,159,126
C01235,10,139,77
C01236,15,71,70
C01237,3,79,74
C01239,1,15,14
C01240,9,303,102
C01241,4,279,45
C01242,10,122,118
C01243,7,201,42
C01244,9,164,117
C01245,0,69,0
C01246,8,218,79
C01247,4,213,65
C01248,7,282,231
C01250,18,187,108
C01251,18,111,111
C01252,3,37,28
C01253,13,39,38
C01254,5,127,121
C01255,8,295,217
C01256,6,180,157
C01257,13,297,74
C01258,53,177,144
C01259,29,286,257
C01260,48,271,266
C01261,12,26,24
C01262,22,143,97
C01263,0,217,0
C01264,8,269,104
C01265,1,6,1
C01266,9,139,109
C01267,2,75,40
C01268,28,184,172
C01270,7,195,179
C01271,12,224,106
C01272,39,303,87
C01273,1,60,13
C01274,28,48,48
C01275,4,98,28
C01276,1,138,46
C01277,140,243,242
C01278,6,65,38
C01279,11,307,128
C01280,14,267,136
C01281,7,244,68
C01282,7,33,33
C01283,0,174,0
C01284,12,142,134
C01286,4,231,96
C01288,4,132,69
C01289,1,53,20
C01291,1,288,8
C01292,1,9,8
C01293,19,120,118
C01294,3,205,59
C01295,28,51,50
C01296,29,100,100
C01297,1,37,5
C01298,6,15,15
C01299,0,0,0
C01300,42,285,238
C01301,13,126,97
C01302,5,207,14
C01303,15,104,89
C01304,5,53,53
C01305,30,93,93
C01307,15,248,165
C01308,2,94,13
C01309,2,40,30
C01310,11,289,238
C01311,6,13,12
C01312,14,319,66
C01314,15,285,252
C01315,47,300,229
C01316,0,8,0
C01317,44,313,213
C01318,8,69,35
C01319,24,208,119
C01320,4,237,54
C01321,2,130,18
C01322,9,66,63
C01323,15,197,197
C01324,0,191,0
C01325,3,178,44
C01326,2,22,11
C01327,4,74,57
C01328,16,219,219
C01329,23,125,112
C01330,15,47,44
C01331,9,19,17
C01332,6,42,33
C01333,31,285,133
C01334,5,257,110
C01335,8,11,9
C01336,86,196,192
C01337,17,256,180
C01338,6,83,80
C01339,35,245,244
C01340,1,264,10
C01341,5,329,24
C01342,18,114,65
C01343,0,0,0
C01344,14,132,132
C01345,3,160,90
C01346,6,318,302
C01347,13,286,99
C01348,12,209,133
C01350,1,209,17
C01351,3,77,68
C01352,9,236,84
C01353,14,10,10
C01354,8,155,49
C01355,1,147,26
C01356,9,99,96
C01357,5,183,68
C01358,4,296,26
C01359,20,94,83
C01360,5,126,38
C01361,1,273,76
C01362,1,168,44
C01363,0,167,0
C01364,5,31,30
C01365,7,10,10
C01367,19,179,173
C01368,1,155,25
C01369,10,12,12
C01370,4,105,55
C01371,9,301,165
C01372,21,210,143
C01373,45,167,163
C01374,2,24,21
C01376,1,237,11
C01377,25,211,195
C01378,22,133,130
C01379,10,267,181
C01380,9,84,59
C01381,0,172,0
C01382,2,28,15
C01383,24,296,285
C01384,6,25,25
C01385,33,305,305
C01386,4,241,75
C01387,13,221,154
C01388,17,181,178
C01389,5,256,58
C01390,31,227,227
C01391,88,230,229
C01392,1,67,12
C01393,14,60,60
C01394,31,168,73
C01396,21,134,134
C01397,0,146,0
C01398,4,319,189
C01399,8,142,123
C01400,33,279,162
C01401,11,147,141
C01402,5,146,44
C01403,0,34,0
C01404,9,302,32
C01405,6,129,76
C01406,8,184,59
C01407,10,281,88
C01408,18,52,52
C01409,42,195,186
C01410,4,285,53
C01411,10,307,89
C01412,15,280,255
C01413,0,1,0
C01414,0,32,0
C01415,4,318,35
C01416,6,214,156
C01417,0,99,0
C01418,6,164,121
C01419,3,34,33
C01420,4,245,109
C01421,4,34,32
C01422,6,62,52
C01423,14,139,135
C01424,23,56,53
C01425,10,307,180
C01426,3,187,82
C01427,7,309,253
C01428,11,83,79
C01429,19,219,215
C01430,0,283,0
C01432,18,234,55
C01433,10,208,121
C01434,2,251,43
C01435,1,1,1
C01436,20,254,251
C01437,17,49,47
C01438,10,44,44
C01439,24,199,74
C01440,33,170,163
C01442,15,95,59
C01443,0,8,0
C01444,7,230,83
C01445,9,52,44
C01446,12,162,156
C01447,13,58,41
C01448,34,139,132
C01449,7,199,113
C01451,23,153,132
C01452,9,216,79
C01454,36,116,116
C01455,13,82,50
C01456,1,311,23
C01457,7,65,47
C01458,8,89,82
C01459,15,256,84
C01460,18,101,95
C01461,25,316,170
C01462,20,115,114
C01463,9,24,20
C01464,10,129,99
C01465,52,183,174
C01466,26,217,196
C01467,6,326,105
C01468,3,125,42
C01469,0,2,0
C01470,9,37,37
C01471,3,22,14
C01472,0,254,0
C01473,28,222,155
C01474,8,113,77
C01475,4,30,25
C01476,11,313,287
C01477,15,237,54
C01478,1,172,22
C01479,10,73,69
C01480,11,30,30
C01481,6,313,23
C01482,9,163,149
C01483,5,236,91
C01484,3,74,30
C01485,2,105,32
C01486,17,35,35
C01487,9,294,81
C01488,84,220,218
C01489,6,280,169
C01490,35,109,107
C01491,3,178,65
C01492,81,320,316
C01493,3,48,44
C01494,14,37,29
C01495,13,37,28
C01496,0,225,0
C01497,7,286,164
C01498,14,258,111
C01499,5,207,64
C01500,23,141,136
C01501,16,163,74
C01502,19,88,88
C01503,11,49,45
C01504,34,54,53
C01505,30,276,227
C01506,9,165,128
C01507,6,247,59
C01508,10,42,42
C01509,9,163,129
C01510,9,167,83
C01511,2,159,10
C01512,0,125,0
C01513,7,153,80
C01514,1,2,2
C01515,24,125,122
C01516,7,206,38
C01517,2,41,13
C01518,25,287,211
C01519,33,244,244
C01520,10,27,26
C01521,8,18,15
C01522,9,144,72
C01523,22,151,144
C01524,0,27,0
C01525,5,71,69
C01526,7,198,131
C01527,5,202,124
C01528,3,70,8
C01530,11,286,90
C01531,8,210,40
C01532,1,9,2
C01533,20,42,42
C01534,1,138,89
C01535,20,110,109
C01536,2,228,2
C01537,0,14,0
C01538,1,189,3
C01539,9,159,141
C01540,24,160,153
C01541,30,313,163
C01542,0,58,0
C01543,20,229,96
C01544,7,207,132
C01545,1,270,58
C01546,6,50,49
C01547,4,253,134
C01548,12,212,119
C01549,4,32,32
C01550,7,262,46
C01552,18,236,98
C01553,9,320,97
C01554,20,210,175
C01555,3,107,56
C01556,2,13,13
C01557,0,1,0
C01558,7,188,55
C01560,10,116,95
C01561,5,205,24
C01562,12,301,104
C01563,5,252,33
C01564,11,189,171
C01565,2,165,116
C01566,4,265,52
C01567,1,167,65
C01568,3,127,84
C01569,20,242,236
C01570,17,224,68
C01571,1,3,3
C01572,21,26,26
C01573,11,30,28
C01574,15,129,120
C01575,6,74,73
C01576,10,46,38
C01577,1,9,2
C01578,11,221,117
C01579,27,282,193
C01580,0,1,0
C01581,8,93,93
C01582,9,30,29
C01583,0,229,0
C01584,62,282,262
C01585,5,148,135
C01586,1,20,8
C01587,5,281,67
C01588,3,64,29
C01589,15,160,160
C01590,11,72,61
C01591,46,19,19
C01592,2,19,1
C01593,7,184,134
C01594,9,227,79
C01595,5,78,55
C01596,1,13,8
C01597,1,293,7
C01598,0,24,0
C01599,1,258,24
C01600,2,124,106
C01601,33,252,252
C01602,3,49,38
C01603,5,11,10
C01604,23,155,88
C01605,16,153,143
C01606,43,309,238
C01607,22,263,253
C01608,10,269,102
C01609,0,3,0
C01610,10,268,77
C01611,5,217,161
C01613,16,22,22
C01614,3,35,32
C01615,3,36,32
C01616,9,129,29
C01617,3,89,83
C01618,0,255,0
C01619,0,0,0
C01620,8,73,63
C01621,3,21,13
C01622,17,166,138
C01623,5,46,31
C01624,1,188,34
C01625,15,177,53
C01626,10,16,14
C01627,53,304,213
C01628,6,21,21
C01629,2,6,6
C01630,3,98,45
C01631,2,194,11
C01632,2,192,15
C01633,36,269,186
C01634,16,231,155
C01635,9,217,33
C01636,0,1,0
C01637,2,158,18
C01638,23,295,241
C01639,10,211,194
C01640,5,110,40
C01641,0,66,0
C01642,20,61,61
C01643,119,200,200
C01644,5,167,61
C01645,0,53,0
C01647,14,232,100
C01648,46,314,101
C01649,2,72,4
C01650,17,157,135
C01651,6,27,24
C01653,17,298,86
C01654,0,191,0
C01655,7,262,129
C01656,0,52,0
C01657,3,240,226
C01658,18,211,146
C01659,1,133,13
C01660,43,81,77
C01661,3,37,33
C01662,19,70,68
C01664,9,147,128
C01665,2,65,14
C01666,3,302,93
C01667,13,81,76
C01668,19,77,76
C01669,1,115,6
C01670,0,134,0
C01671,24,195,188
C01672,3,217,182
C01674,12,211,112
C01675,18,284,95
C01676,12,199,132
C01677,9,73,32
C01678,7,106,45
C01679,15,141,139
C01680,3,100,20
C01681,5,179,81
C01682,10,148,82
C01683,11,81,76
C01684,2,164,48
C01685,3,113,61
C01686,0,138,0
C01687,6,94,71
C01688,32,299,229
C01689,26,304,216
C01690,1,92,1
C01692,17,256,68
C01693,10,69,66
C01694,6,213,102
C01695,6,34,32
C01697,2,246,3
C01698,49,324,110
C01699,10,171,161
C01700,4,273,19
C01701,16,57,54
C01702,3,305,19
C01703,11,81,75
C01704,48,246,246
C01705,1,3,1
C01706,1,46,25
C01707,21,204,114
C01708,1,287,47
C01709,5,17,13
C01710,0,0,0
C01711,22,124,120
C01712,37,293,248
C01713,6,162,65
C01714,0,2,0
C01715,1,7,1
C01716,8,78,76
C01717,6,9,9
C01718,0,17,0
C01719,4,297,18
C01720,47,238,236
C01721,10,117,51
C01722,37,136,129
C01723,24,52,52
C01724,80,232,232
C01725,12,146,124
C01726,39,207,146
C01727,22,112,102
C01728,2,282,39
C01729,0,57,0
C01730,33,278,164
C01732,18,289,102
C01733,12,60,60
C01734,3,208,121
C01735,34,138,135
C01736,1,19,18
C01737,15,296,294
C01738,26,56,56
C01740,14,192,145
C01741,2,122,54
C01742,8,29,23
C01743,35,89,89
C01744,1,199,9
C01745,11,318,284
C01746,59,301,295
C01747,15,209,86
C01748,22,156,66
C01749,7,18,15
C01750,24,290,76
C01751,0,1,0
C01754,84,149,146
C01755,14,43,42
C01756,5,112,78
C01757,3,86,80
C01759,5,245,134
C01760,1,112,63
C01761,3,119,38
C01762,5,63,46
C01763,29,330,118
C01764,2,201,24
C01765,21,285,223
C01766,12,233,58
C01767,20,159,157
C01768,16,237,65
C01769,18,115,108
C01770,9,242,194
C01773,1,15,5
C01774,11,36,36
C01775,8,17,16
C01776,2,222,7
C01777,26,267,198
C01779,11,83,66
C01780,42,217,212
C01781,11,81,77
C01782,2,277,92
C01783,1,6,4
C01784,2,322,21
C01786,0,271,0
C01787,4,257,95
C01788,1,16,7
C01789,3,304,109
C01790,11,313,56
C01791,3,69,10
C01792,5,8,8
C01793,91,227,227
C01794,10,79,22
C01795,7,122,122
C01796,21,217,142
C01797,23,308,125
C01798,12,138,115
C01799,2,21,19
C01800,5,58,29
C01801,7,132,131
C01802,3,209,61
C01803,21,254,251
C01804,0,125,0
C01805,5,280,26
C01806,13,296,199
C01807,0,213,0
C01808,0,5,0
C01809,33,189,189
C01810,37,115,106
C01811,16,265,235
C01812,4,72,68
C01813,9,88,81
C01814,12,257,226
C01815,34,328,86
C01816,0,251,0
C01817,9,129,76
C01818,12,273,68
C01819,8,260,185
C01820,7,161,161
C01822,5,304,21
C01823,13,61,59
C01824,4,264,67
C01825,18,99,99
C01826,16,96,90
C01827,42,172,98
C01828,10,201,44
C01830,3,293,248
C01831,6,113,93
C01832,8,36,30
C01833,1,292,8
C01834,9,151,99
C01835,19,196,169
C01836,14,105,104
C01837,6,245,35
C01838,1,319,7
C01839,35,124,123
C01840,4,275,81
C01841,3,16,11
C01842,4,276,5
C01843,12,253,120
C01845,5,90,74
C01846,6,26,21
C01847,9,195,128
C01848,4,232,14
C01849,7,56,43
C01850,30,315,98
C01851,16,156,153
C01852,13,170,101
C01853,6,199,64
C01854,5,6,6
C01855,1,248,14
C01856,1,158,8
C01857,8,233,52
C01858,29,213,213
C01859,10,226,102
C01860,13,295,139
C01861,25,118,118
C01862,6,203,179
C01863,13,300,150
C01864,97,282,249
C01865,15,175,85
C01867,13,219,102
C01868,19,177,173
C01869,7,102,93
C01870,17,283,69
C01871,3,134,19
C01872,16,122,120
C01873,2,292,33
C01874,27,304,153
C01875,11,223,168
C01876,16,4,4
C01877,3,113,38
C01878,8,213,201
C01879,4,146,130
C01880,0,0,0
C01881,8,75,69
C01882,15,171,58
C01883,4,282,17
C01884,2,170,54
C01885,14,304,115
C01886,8,89,87
C01887,25,214,209
C01888,1,79,20
C01889,5,139,42
C01890,3,22,8
C01891,1,125,3
C01892,24,298,129
C01893,22,225,155
C01894,8,70,69
C01895,6,325,34
C01896,0,299,0
C01897,7,283,36
C01899,3,131,115
C01900,2,278,37
C01901,22,120,112
C01902,14,47,47
C01903,2,301,27
C01904,14,56,48
C01905,46,87,87
C01906,4,215,56
C01907,9,189,74
C01908,22,58,56
C01909,17,66,65
C01910,4,85,74
C01911,12,165,150
C01912,21,84,84
C01913,4,153,80
C01914,25,254,165
C01915,3,56,43
C01916,1,230,40
C01917,13,74,73
C01918,6,151,82
C01919,3,299,65
C01920,55,95,95
C01921,10,99,24
C01922,11,128,80
C01923,3,99,18
C01924,4,11,9
C01925,22,71,66
C01926,3,271,82
C01927,6,321,140
C01928,16,124,108
C01929,20,299,213
C01930,1,60,8
C01931,8,200,97
C01932,58,140,140
C01933,10,61,35
C01934,1,63,8
C01935,17,195,151
C01936,12,138,135
C01937,10,300,84
C01938,0,83,0
C01939,7,283,79
C01940,1,175,41
C01941,1,241,1
C01942,19,97,87
C01943,56,263,250
C01944,4,102,97
C01945,4,315,83
C01946,9,247,92
C01947,0,0,0
C01948,20,80,76
C01950,11,314,90
C01951,0,144,0
C01952,1,78,29
C01953,34,215,163
C01954,0,143,0
C01955,11,122,120
C01956,14,9,9
C01957,6,97,85
C01958,17,296,284
C01959,2,289,34
C01960,15,287,115
C01961,20,221,155
C01962,4,240,64
C01963,9,30,29
C01964,15,323,89
C01965,3,285,20
C01966,2,14,6
C01967,3,103,33
C01968,13,284,162
C01969,9,114,59
C01970,3,118,21
C01971,4,250,107
C01972,13,280,129
C01973,19,193,191
C01974,26,47,47
C01975,33,267,94
C01976,19,303,220
C01977,17,268,141
C01978,2,138,16
C01979,7,248,75
C01980,62,285,274
C01981,25,327,100
C01982,7,47,45
C01983,3,21,12
C01984,5,150,46
C01985,19,234,115
C01986,51,152,146
C01987,2,282,21
C01988,26,131,117
C01989,8,117,103
C01990,4,98,39
C01991,28,146,145
C01992,1,135,8
C01994,9,70,66
C01995,9,122,93
C01996,11,79,76
C01997,5,250,44
C01998,48,104,104
C01999,0,65,0
C02000,7,30,25
C02001,6,137,130
C02002,4,68,34
C02003,48,308,209
C02005,7,280,89
C02006,11,29,29
C02007,17,81,77
C02008,27,258,246
C02009,23,306,178
C02010,22,146,109
C02011,10,156,146
C02012,27,42,40
C02013,5,135,22
C02014,67,113,113
C02015,5,273,32
C02016,7,197,187
C02017,20,216,78
C02018,8,17,13
C02019,3,5,4
C02020,6,267,179
C02022,1,106,16
C02023,12,114,105
C02024,17,165,159
C02025,6,53,52
C02026,3,144,44
C02027,0,88,0
C02029,4,66,63
C02030,107,290,259
C02031,7,57,57
C02032,4,43,38
C02033,8,143,134
C02034,3,9,7
C02035,12,96,87
C02036,21,56,54
C02037,16,161,157
C02038,23,191,157
C02039,12,132,100
C02040,91,161,158
C02041,17,220,123
C02042,18,65,58
C02043,0,164,0
C02044,9,37,36
C02045,10,101,96
C02046,7,215,33
C02047,3,147,16
C02048,25,111,108
C02049,10,129,124
C02050,1,137,2
C02051,9,279,56
C02052,7,140,125
C02054,1,2,0
C02055,15,135,49
C02056,2,74,41
C02057,3,73,32
C02058,11,246,92
C02059,3,245,18
C02060,5,293,76
C02061,22,280,132
C02062,0,135,0
C02063,5,72,43
C02064,1,135,132
C02065,11,319,45
C02066,2,39,29
C02067,1,120,17
C02068,5,162,14
C02069,14,231,151
C02070,12,271,135
C02071,32,175,173
C02072,18,288,141
C02073,14,16,16
C02074,0,65,0
C02076,6,96,18
C02077,4,29,22
C02078,23,273,138
C02079,37,164,164
C02080,1,104,7
C02081,28,33,32
C02082,19,227,225
C02083,3,214,28
C02084,2,154,15
C02085,1,36,9
C02086,7,131,37
C02087,5,60,24
C02088,8,188,123
C02089,4,266,54
C02090,9,43,39
C02091,26,305,298
C02092,32,127,120
C02093,0,1,0
C02094,4,23,19
C02095,33,150,96
C02096,8,137,123
C02097,5,255,22
C02099,25,195,187
C02100,10,38,38
C02101,1,53,31
C02102,12,289,126
C02103,4,48,36
C02104,3,253,25
C02105,12,323,93
C02106,0,79,0
C02107,3,212,34
C02108,20,163,137
C02109,3,223,100
C02110,16,82,78
C02111,7,194,55
C02112,12,281,92
C02113,4,277,60
C02115,5,254,49
C02116,4,147,77
C02117,27,295,184
C02118,20,33,33
C02119,11,328,115
C02121,4,297,10
C02122,9,294,68
C02123,9,202,95
C02124,17,95,91
C02125,20,153,125
C02126,4,84,33
C02127,34,51,51
C02128,1,8,7
C02129,8,126,50
C02130,4,100,75
C02131,0,0,0
C02132,25,138,132
C02133,0,4,0
C02134,36,230,222
C02135,15,261,79
C02136,15,110,96
C02137,4,98,80
C02138,21,113,113
C02140,25,228,228
C02141,17,311,233
C02142,0,96,0
C02143,9,276,185
C02144,14,144,46
C02145,7,73,68
C02146,5,216,131
C02147,22,280,106
C02148,20,150,136
C02149,29,265,254
C02150,1,29,1
C02151,20,200,160
C02152,5,137,59
C02153,4,288,37
C02154,2,136,16
C02155,4,87,72
C02156,83,234,231
C02157,7,54,54
C02158,9,240,236
C02159,0,218,0
C02160,8,328,97
C02161,32,320,188
C02162,23,173,114
C02163,28,182,111
C02164,0,95,0
C02165,44,188,160
C02166,27,308,150
C02167,1,249,1
C02168,7,128,118
C02169,11,311,149
C02170,5,75,69
C02171,4,233,41
C02172,4,8,6
C02173,1,235,18
C02174,7,44,38
C02175,2,36,32
C02176,7,142,132
C02177,0,4,0
C02178,0,138,0
C02179,22,149,144
C02180,5,210,173
C02181,8,153,144
C02182,1,75,34
C02183,10,64,52
C02185,2,6,3
C02186,0,28,0
C02187,4,146,123
C02188,2,61,50
C02190,2,197,5
C02192,3,249,70
C02193,68,260,210
C02194,1,17,11
C02195,6,262,117
C02196,45,246,246
C02197,2,300,39
C02198,3,234,65
C02199,10,161,32
C02200,9,87,84
C02201,1,256,25
C02202,4,299,95
C02203,18,103,102
C02204,80,294,290
C02205,0,204,0
C02207,20,137,137
C02208,5,100,80
C02209,7,18,16
C02210,1,49,14
C02211,23,65,65
C02212,9,168,95
C02213,6,9,8
C02214,5,204,190
C02215,20,125,117
C02216,6,91,53
C02217,10,74,59
C02218,2,101,21
C02219,3,17,5
C02220,12,323,82
C02221,2,8,8
C02222,37,134,119
C02223,5,298,99
C02224,1,44,10
C02225,5,40,20
C02228,11,43,42
C02229,12,142,46
C02230,6,272,64
C02231,2,1,1
C02232,11,191,151
C02234,17,239,136
C02235,43,173,173
C02236,21,241,227
C02237,29,53,53
C02238,8,79,26
C02239,4,84,28
C02240,13,144,139
C02241,3,305,97
C02242,3,125,120
C02243,4,187,113
C02244,10,260,193
C02245,29,69,69
C02246,33,245,237
C02247,31,94,94
C02248,3,242,49
C02249,20,253,239
C02250,4,85,12
C02251,2,34,15
C02252,14,260,252
C02253,12,90,69
C02254,9,305,61
C02255,4,202,14
C02256,60,298,270
C02257,5,112,89
C02258,16,226,174
C02259,2,167,56
C02260,8,51,41
C02261,11,113,103
C02262,8,178,64
C02263,1,42,35
C02264,3,252,60
C02265,5,2,2
C02266,7,151,150
C02267,51,89,88
C02268,0,6,0
C02269,31,226,221
C02270,16,68,68
C02271,30,126,125
C02272,20,178,174
C02273,7,49,49
C02274,6,212,37
C02275,18,243,179
C02276,27,222,188
C02277,13,74,72
C02278,25,140,59
C02279,5,132,123
C02280,9,296,73
C02281,11,61,53
C02282,1,10,8
C02283,53,206,206
C02284,25,238,71
C02285,4,202,96
C02286,10,171,64
C02287,0,143,0
C02288,17,157,156
C02289,2,80,48
C02290,1,178,67
C02291,27,182,178
C02292,43,296,290
C02293,44,252,252
C02294,4,170,44
C02295,24,111,110
C02296,11,275,102
C02297,3,146,28
C02298,5,26,21
C02299,4,42,41
C02300,2,98,29
C02301,6,247,46
C02302,6,52,49
C02303,24,228,207
C02305,1,225,84
C02306,19,217,208
C02307,10,37,32
C02308,6,18,16
C02309,0,23,0
C02310,11,108,107
C02311,1,92,13
C02312,22,187,181
C02313,0,11,0
C02314,8,77,75
C02315,4,101,90
C02316,0,56,0
C02317,2,51,32
C02318,4,44,33
C02319,5,26,22
C02320,24,87,83
C02321,0,4,0
C02322,8,237,216
C02323,32,310,94
C02324,8,192,143
C02325,11,248,183
C02326,57,281,245
C02327,9,152,143
C02328,2,226,35
C02329,9,277,198
C02330,0,260,0
C02331,34,211,202
C02332,16,194,162
C02333,15,75,73
C02334,1,128,4
C02335,2,65,25
C02338,10,5,5
C02339,18,323,120
C02340,9,196,185
C02341,4,67,53
C02342,4,35,34
C02343,14,92,82
C02344,24,129,127
C02346,17,130,129
C02347,89,145,136
C02348,3,218,85
C02349,21,226,120
C02350,25,308,249
C02351,20,224,201
C02352,8,131,93
C02353,2,197,24
C02354,4,23,22
C02355,7,35,31
C02356,25,246,183
C02357,2,242,44
C02359,104,316,210
C02360,3,111,17
C02361,4,33,29
C02362,11,98,97
C02363,4,215,19
C02364,32,214,212
C02365,13,132,116
C02366,15,241,165
C02367,0,256,0
C02368,1,28,4
C02369,42,276,276
C02370,1,261,5
C02371,3,65,26
C02372,5,90,76
C02373,2,144,6
C02374,2,199,9
C02375,11,114,89
C02376,10,184,158
C02377,15,244,85
C02378,5,236,71
C02379,17,145,96
C02380,16,159,137
C02381,4,101,83
C02382,3,169,97
C02383,18,264,137
C02384,14,172,132
C02385,12,155,41
C02386,33,283,283
C02387,0,265,0
C02389,0,3,0
C02390,3,4,4
C02391,15,266,114
C02392,4,235,82
C02393,5,83,59
C02394,1,149,14
C02395,11,307,202
C02396,12,292,136
C02397,18,104,99
C02398,8,97,90
C02399,12,272,66
C02400,8,210,195
C02401,5,167,132
C02402,9,272,68
C02403,14,165,156
C02404,18,103,101
C02405,3,79,78
C02406,7,25,25
C02407,3,192,54
C02408,0,89,0
C02410,5,250,101
C02411,11,224,57
C02412,1,8,7
C02413,12,133,133
C02414,17,146,140
C02415,10,108,102
C02416,13,294,49
C02417,0,217,0
C02418,0,120,0
C02419,18,147,142
C02420,28,231,223
C02421,16,215,108
C02423,5,252,105
C02424,2,74,69
C02425,7,146,103
C02426,4,149,79
C02427,11,19,19
C02428,1,278,2
C02429,2,260,20
C02430,2,122,102
C02431,0,13,0
C02432,3,205,13
C02433,9,275,56
C02435,2,40,32
C02436,15,84,81
C02437,2,27,12
C02438,9,261,107
C02439,6,126,95
C02440,22,163,116
C02441,11,176,158
C02443,0,185,0
C02444,26,115,108
C02445,9,15,15
C02446,9,16,16
C02447,3,19,6
C02448,4,193,184
C02449,27,102,99
C02450,13,276,66
C02451,12,120,109
C02452,26,216,207
C02453,13,99,92
C02454,5,132,17
C02455,38,182,172
C02456,0,140,0
C02457,0,41,0
C02458,24,121,103
C02459,14,241,53
C02461,1,75,1
C02462,38,211,210
C02464,3,7,7
C02465,11,290,60
C02466,3,226,56
C02467,4,206,18
C02468,1,28,20
C02469,9,99,91
C02470,0,4,0
C02471,11,80,74
C02472,3,198,70
C02473,95,87,87
C02474,4,270,265
C02475,5,31,23
C02476,1,4,4
C02477,1,192,7
C02478,19,11,11
C02479,4,104,14
C02480,3,17,11
C02481,4,64,62
C02482,1,237,57
C02483,0,194,0
C02484,4,45,37
C02485,4,303,34
C02486,24,197,164
C02487,2,79,24
C02488,1,167,8
C02489,42,128,128
C02490,2,70,18
C02491,14,126,111
C02492,11,15,15
C02494,41,224,221
C02495,7,149,64
C02496,60,288,274
C02497,11,223,52
C02498,35,305,268
C02499,0,198,0
C02500,0,4,0
C02501,40,252,225
C02502,20,185,170
C02503,15,48,48
C02504,5,17,17
C02505,41,270,270
C02506,4,115,55
C02507,1,54,26
C02508,1,1,1
C02509,7,205,91
C02512,13,213,54
C02513,0,185,0
C02514,0,183,0
C02515,9,38,38
C02516,8,248,118
C02517,9,18,18
C02518,12,132,126
C02519,8,132,80
C02520,4,79,29
C02521,12,155,148
C02522,2,179,22
C02523,17,53,53
C02524,7,292,106
C02525,3,312,18
C02526,5,202,30
C02527,34,135,127
C02528,26,103,103
C02529,14,73,71
C02530,1,25,12
C02531,0,261,0
C02532,6,85,77
C02533,17,188,178
C02534,2,16,6
C02535,31,160,160
C02536,4,225,36
C02537,7,166,154
C02538,6,68,36
C02539,24,178,169
C02540,6,117,62
C02541,17,316,174
C02542,4,102,31
C02543,2,92,28
C02544,64,247,236
C02545,4,209,191
C02546,43,289,277
C02547,37,308,170
C02549,0,297,0
C02550,16,155,90
C02551,1,131,12
C02552,25,257,163
C02553,1,109,40
C02554,4,215,26
C02555,1,9,2
C02556,12,184,182
C02557,4,43,31
C02558,3,74,42
C02559,4,114,29
C02560,16,60,60
C02561,3,134,33
C02562,3,56,42
C02563,23,320,161
C02564,6,56,52
C02565,18,133,98
C02566,16,47,46
C02567,3,227,30
C02568,5,91,76
C02569,7,83,58
C02570,10,250,42
C02571,4,102,22
C02572,8,174,168
C02573,7,47,32
C02574,23,238,184
C02575,7,32,23
C02576,45,299,191
C02577,5,49,45
C02578,6,315,24
C02579,5,38,23
C02580,10,55,50
C02582,4,251,23
C02583,1,57,36
C02584,5,77,74
C02586,65,122,120
C02589,0,91,0
C02590,22,276,88
C02591,39,308,308
C02592,1,58,15
C02593,13,265,224
C02594,2,282,13
C02595,13,174,147
C02596,3,119,28
C02597,9,312,269
C02598,9,183,141
C02599,12,54,48
C02600,0,10,0
C02601,4,81,46
C02602,4,142,134
C02603,12,29,25
C02604,13,210,105
C02605,0,47,0
C02606,10,211,70
C02607,38,154,151
C02608,25,209,179
C02609,1,206,36
C02610,12,113,95
C02611,0,160,0
C02612,8,96,71
C02614,7,196,63
C02615,7,63,36
C02616,31,40,38
C02617,12,322,109
C02618,10,290,89
C02619,4,142,138
C02620,5,150,88
C02621,1,16,1
C02622,0,10,0
C02623,18,247,236
C02624,2,14,8
C02625,6,173,171
C02626,23,173,161
C02627,2,3,3
C02628,3,53,38
C02629,19,119,117
C02630,10,132,68
C02631,38,243,232
C02632,36,197,167
C02633,5,140,131
C02634,14,139,129
C02635,69,194,192
C02636,53,148,145
C02637,4,135,104
C02638,1,301,4
C02639,8,156,103
C02640,13,307,140
C02641,8,17,14
C02642,11,73,71
C02643,8,64,50
C02644,24,126,119
C02646,9,174,169
C02647,7,300,145
C02648,5,155,21
C02649,3,165,72
C02650,22,101,93
C02651,27,190,124
C02652,3,323,32
C02653,16,81,80
C02654,8,252,162
C02655,77,78,78
C02656,10,142,105
C02658,39,57,54
C02659,4,11,6
C02660,6,39,35
C02661,1,143,50
C02662,9,76,64
C02663,5,170,33
C02664,5,14,8
C02665,1,90,6
C02666,3,190,20
C02667,9,91,74
C02668,2,30,28
C02669,14,320,180
C02670,0,2,0
C02672,2,14,13
C02673,2,100,92
C02674,12,51,50
C02675,3,56,39
C02676,18,323,225
C02677,21,93,87
C02678,18,137,137
C02679,5,117,63
C02680,8,157,148
C02681,0,79,0
C02682,21,72,68
C02683,2,287,35
C02684,3,31,17
C02685,22,130,130
C02686,1,20,11
C02687,20,186,86
C02688,1,190,57
C02689,20,315,270
C02690,1,35,8
C02691,12,28,27
C02692,3,263,17
C02693,2,11,5
C02694,32,150,144
C02695,2,60,33
C02696,6,210,111
C02698,25,210,176
C02699,6,188,122
C02700,35,75,74
C02702,5,99,43
C02703,0,88,0
C02704,3,258,40
C02705,2,85,34
C02706,61,55,55
C02707,11,278,167
C02708,0,11,0
C02709,25,60,60
C02710,11,235,195
C02711,43,251,244
C02712,22,41,41
C02713,2,81,5
C02714,5,37,19
C02715,8,199,166
C02716,8,252,32
C02717,9,154,64
C02718,15,273,143
C02719,13,75,68
C02720,22,169,159
C02722,14,304,84
C02723,20,261,166
C02724,27,260,256
C02725,3,67,52
C02726,16,5,5
C02727,18,288,207
C02728,8,157,149
C02729,5,72,47
C02730,3,51,38
C02731,22,51,46
C02732,8,40,39
C02733,9,229,124
C02734,12,94,94
C02735,5,203,75
C02736,7,37,36
C02737,4,310,18
C02738,16,258,230
C02739,12,254,51
C02740,7,248,23
C02741,1,275,86
C02742,22,102,101
C02743,2,9,8
C02744,4,215,78
C02745,14,123,122
C02746,2,4,1
C02747,20,85,83
C02748,10,149,126
C02749,26,101,101
C02750,11,95,85
C02751,21,257,208
C02752,2,234,12
C02753,21,267,127
C02754,0,15,0
C02755,23,125,122
C02756,0,4,0
C02757,13,283,134
C02758,3,13,11
C02759,8,125,114
C02760,4,57,17
C02761,5,70,56
C02762,3,13,11
C02763,27,154,148
C02764,15,266,70
C02765,5,154,118
C02766,17,253,111
C02768,6,220,37
C02769,6,33,19
C02770,3,225,41
C02771,1,109,45
C02772,11,263,104
C02773,13,315,211
C02774,1,20,3
C02775,9,118,116
C02776,11,189,34
C02777,1,275,16
C02779,48,127,125
C02780,11,223,34
C02781,1,175,5
C02782,13,262,116
C02783,13,131,125
C02784,0,201,0
C02785,3,51,19
C02786,4,201,19
C02787,16,209,117
C02788,23,213,144
C02789,25,120,120
C02790,12,72,69
C02791,0,198,0
C02792,3,258,9
C02793,6,153,103
C02794,1,231,21
C02795,57,214,214
C02796,55,187,186
C02797,33,156,154
C02798,14,175,172
C02799,15,31,31
C02800,11,38,35
C02801,9,293,66
C02802,11,293,145
C02803,3,63,62
C02804,1,206,49
C02805,22,173,170
C02806,4,120,49
C02808,20,321,309
C02810,4,112,79
C02811,29,265,264
C02812,12,270,154
C02813,16,174,107
C02814,2,246,22
C02815,12,62,61
C02816,23,233,229
C02817,7,139,105
C02818,1,36,6
C02819,1,189,5
C02820,2,140,21
C02821,47,119,117
C02823,31,243,161
C02824,4,118,16
C02825,29,186,183
C02826,33,64,61
C02827,2,0,0
C02828,1,289,33
C02829,19,289,151
C02830,16,129,103
C02831,7,182,101
C02832,36,18,18
C02833,1,186,70
C02834,9,295,273
C02835,30,100,100
C02836,7,298,45
C02837,27,139,90
C02838,17,35,34
C02839,20,221,221
C02840,20,308,199
C02841,15,189,178
C02842,5,198,72
C02843,1,103,12
C02844,12,215,192
C02845,1,76,45
C02846,10,245,60
C02847,54,215,171
C02848,2,87,15
C02849,6,39,31
C02850,12,35,33
C02851,1,117,24
C02852,11,90,81
C02853,6,321,48
C02854,5,174,30
C02855,0,14,0
C02856,19,132,127
C02857,5,19,17
C02858,53,331,156
C02859,8,81,26
C02860,7,276,25
C02861,13,253,86
C02862,14,148,136
C02863,12,89,74
C02864,4,208,28
C02865,62,143,141
C02866,21,75,73
C02867,1,46,45
C02868,1,181,20
C02869,2,198,27
C02870,4,258,231
C02871,23,168,149
C02872,41,323,302
C02873,6,152,139
C02874,22,58,58
C02875,29,70,65
C02876,2,239,12
C02877,7,115,65
C02878,21,116,109
C02879,19,272,226
C02880,18,116,109
C02881,4,312,40
C02882,9,158,158
C02883,32,274,201
C02884,3,258,21
C02885,4,281,53
C02886,1,122,28
C02887,2,283,66
C02888,5,71,67
C02889,9,132,126
C02890,1,183,82
C02891,9,267,225
C02892,36,224,105
C02893,17,328,217
C02894,29,218,118
C02895,1,20,16
C02896,0,158,0
C02897,6,60,60
C02898,6,241,43
C02900,12,120,111
C02901,60,106,103
C02902,21,83,83
C02903,3,115,107
C02904,10,119,99
C02905,26,245,62
C02906,4,175,13
C02907,1,12,9
C02908,4,39,36
C02909,3,142,41
C02910,1,212,28
C02911,14,32,30
C02912,5,256,20
C02913,7,49,41
C02914,57,46,45
C02915,4,248,44
C02916,16,146,141
C02917,16,316,181
C02918,10,287,99
C02919,6,215,98
C02920,19,169,114
C02921,8,164,73
C02922,8,321,28
C02923,7,26,20
C02924,28,197,160
C02925,0,57,0
C02926,0,1,0
C02928,12,329,118
C02929,5,57,51
C02930,31,160,159
C02931,4,44,35
C02932,5,9,5
C02933,2,29,18
C02934,33,23,23
C02935,0,255,0
C02936,11,78,68
C02937,19,227,102
C02938,14,18,18
C02939,36,302,193
C02941,65,270,268
C02942,5,153,122
C02943,1,171,3
C02944,25,119,119
C02945,14,294,81
C02946,1,22,2
C02947,3,227,32
C02948,2,59,54
C02949,2,58,35
C02950,1,174,3
C02951,10,159,145
C02952,1,149,33
C02953,5,44,44
C02954,16,77,77
C02955,32,249,248
C02956,7,193,65
C02957,3,149,45
C02958,3,206,31
C02959,2,48,19
C02960,45,264,225
C02961,30,252,124
C02962,3,181,16
C02964,17,128,91
C02965,17,79,77
C02966,5,106,77
C02967,34,234,231
C02968,2,124,76
C02969,4,280,50
C02970,21,215,203
C02971,14,307,125
C02972,14,152,127
C02973,12,128,122
C02974,0,177,0
C02975,3,46,32
C02976,7,229,115
C02977,6,184,68
C02978,3,130,41
C02979,3,39,27
C02980,2,86,26
C02981,35,288,223
C02982,0,207,0
C02983,8,173,108
C02984,31,313,154
C02985,9,100,79
C02987,12,199,186
C02988,0,241,0
C02989,6,27,20
C02990,28,301,286
C02991,1,20,17
C02992,1,3,0
C02993,7,274,112
C02994,19,302,102
C02995,8,39,36
C02996,8,164,161
C02997,7,29,26
C02998,10,36,36
C02999,60,189,189
