customer_id,is_churn_30_days,is_churn_60_days,is_churn_90_days
C01552,0,0,0
C02842,0,0,0
C01642,0,0,0
C00191,1,1,1
C02329,0,0,0
C00002,1,1,0
C02208,1,1,1
C00749,0,0,0
C01922,0,0,0
C00444,0,0,0
C01302,0,0,0
C00348,1,1,0
C00491,0,0,0
C01822,0,0,0
C02279,1,1,0
C00575,1,1,1
C00355,1,1,1
C02397,1,1,0
C01740,0,0,0
C00318,1,1,1
C01988,1,1,0
C02644,1,1,1
C01404,1,1,0
C01879,0,0,0
C01033,0,0,0
C00795,1,1,1
C00543,1,1,1
C00357,1,1,1
C02858,0,0,0
C01392,1,0,0
C00328,1,1,1
C00541,1,1,1
C02618,1,1,1
C02328,1,0,0
C02798,0,0,0
C00408,0,0,0
C01165,0,0,0
C01539,1,0,0
C00557,0,0,0
C02902,1,1,1
C01916,1,1,0
C02707,0,0,0
C00953,1,1,1
C02241,1,1,1
C00455,0,0,0
C01725,0,0,0
C01122,1,1,1
C00691,0,0,0
C01780,0,0,0
C01685,1,0,0
C00239,0,0,0
C00224,1,1,1
C01146,1,1,1
C02382,1,1,1
C00247,0,0,0
C00813,1,0,0
C00202,1,1,1
C00212,0,0,0
C02780,0,0,0
C00356,1,1,1
C00805,0,0,0
C02568,0,0,0
C01391,1,0,0
C02794,1,1,1
C00486,1,1,1
C00289,0,0,0
C00770,0,0,0
C02772,1,0,0
C01687,0,0,0
C02974,0,0,0
C02685,0,0,0
C00184,1,1,0
C00679,1,1,0
C02331,1,1,1
C00436,1,1,1
C01032,1,1,1
C02635,0,0,0
C01932,0,0,0
C01763,1,1,1
C01216,0,0,0
C01237,1,1,1
C00939,1,0,0
C00017,1,1,1
C01400,1,0,0
C00380,1,1,0
C01553,1,1,1
C02551,0,0,0
C02765,0,0,0
C00740,1,1,1
C00865,1,1,1
C02323,0,0,0
C02199,1,1,1
C00609,1,1,1
C01477,1,1,1
C00260,1,1,1
C01459,0,0,0
C01986,0,0,0
C02311,1,1,1
C01280,0,0,0
C01882,1,0,0
C01487,0,0,0
C02296,1,0,0
C02147,0,0,0
C02198,1,1,0
C00768,1,1,0
C01647,1,0,0
C02314,1,1,1
C01843,1,0,0
C02782,1,1,0
C02350,0,0,0
C02763,1,1,1
C01370,1,1,1
C02472,1,1,1
C01075,0,0,0
C00059,0,0,0
C02277,0,0,0
C00359,0,0,0
C01835,1,1,1
C01133,0,0,0
C00141,1,1,1
C01584,1,1,1
C01429,0,0,0
C01660,1,0,0
C00152,1,1,0
C01708,1,1,1
C00654,0,0,0
C02981,0,0,0
C01058,1,0,0
C02122,1,1,1
C01460,0,0,0
C02045,1,1,1
C01611,0,0,0
C01848,0,0,0
C02140,0,0,0
C02761,0,0,0
C01266,0,0,0
C02385,0,0,0
C00941,1,1,1
C00100,1,1,0
C00658,1,1,1
C01997,1,1,0
C02400,0,0,0
C01301,0,0,0
C00633,0,0,0
C01795,1,1,1
C00664,0,0,0
C02136,1,1,1
C01607,0,0,0
C01478,0,0,0
C02061,1,1,1
C02987,0,0,0
C01442,0,0,0
C02733,1,1,1
C02067,1,1,1
C02362,1,1,1
C02742,0,0,0
C00409,0,0,0
C01541,0,0,0
C00530,0,0,0
C02961,0,0,0
C01461,1,1,1
C01741,0,0,0
C01397,1,1,1
C01899,0,0,0
C00407,1,1,1
C00293,0,0,0
C00981,1,1,1
C01062,0,0,0
C02779,0,0,0
C01677,1,0,0
C02033,1,1,1
C02535,0,0,0
C02892,1,1,0
C02413,1,1,0
C01499,1,1,1
C00199,0,0,0
C02499,1,1,1
C01543,0,0,0
C02481,0,0,0
C00385,1,1,1
C00917,0,0,0
C01077,0,0,0
C00931,1,1,1
C02796,0,0,0
C02716,1,1,1
C01950,1,1,1
C00747,0,0,0
C00725,0,0,0
C02107,1,1,1
C00928,0,0,0
C01439,0,0,0
C01209,1,1,0
C02448,1,1,1
C01942,1,1,1
C01189,0,0,0
C02223,1,1,0
C01595,0,0,0
C00990,1,0,0
C01926,1,0,0
C02966,1,1,0
C00221,1,1,1
C00965,0,0,0
C02135,0,0,0
C00379,0,0,0
C02757,0,0,0
C02661,1,1,1
C01440,1,1,1
C01143,1,1,1
C00829,0,0,0
C00780,1,1,1
C01640,1,1,1
C00492,0,0,0
C00204,1,1,1
C01953,0,0,0
C02636,0,0,0
C02724,1,1,1
C01345,0,0,0
C02020,1,1,1
C01512,1,1,1
C00057,0,0,0
C02058,1,1,1
C01320,1,0,0
C01984,1,1,1
C01838,0,0,0
C02526,0,0,0
C01346,1,1,1
C01321,0,0,0
C00798,0,0,0
C01748,1,0,0
C02151,0,0,0
C02359,1,1,1
C02168,1,1,0
C01809,1,1,1
C00649,0,0,0
C02176,1,0,0
C00363,0,0,0
C01003,1,1,1
C02884,0,0,0
C00471,0,0,0
C01856,0,0,0
C00310,1,0,0
C02571,0,0,0
C00719,1,1,1
C00683,1,1,1
C02637,0,0,0
C00270,1,1,1
C02290,0,0,0
C01158,1,1,1
C00952,1,1,1
C02060,0,0,0
C02596,1,1,0
C02301,1,0,0
C00076,0,0,0
C00832,0,0,0
C02633,1,1,1
C01767,0,0,0
C00769,1,1,1
C02619,1,1,1
C00478,1,0,0
C02520,0,0,0
C00663,1,1,1
C02143,1,0,0
C02248,0,0,0
C01236,1,1,1
C01869,0,0,0
C02656,0,0,0
C01188,1,1,1
C00968,0,0,0
C02977,0,0,0
C02088,0,0,0
C02879,1,0,0
C01662,1,1,1
C01678,1,0,0
C02896,1,1,1
C00163,1,0,0
C02051,1,1,1
C00934,0,0,0
C01351,0,0,0
C00984,1,1,1
C01959,1,1,1
C02181,1,1,1
C00672,1,0,0
C00114,0,0,0
C02610,1,1,1
C01200,1,1,1
C02770,1,0,0
C00201,0,0,0
C01024,1,1,1
C00430,0,0,0
C00008,0,0,0
C01242,0,0,0
C01721,1,1,1
C02370,0,0,0
C01194,1,1,1
C00614,1,1,0
C00238,0,0,0
C00218,1,1,1
C00592,1,1,1
C00644,0,0,0
C01498,0,0,0
C02258,0,0,0
C01599,0,0,0
C01589,1,1,1
C02679,1,1,1
C00426,1,1,1
C00578,1,1,1
C01719,0,0,0
C01483,1,1,1
C01095,1,1,1
C02038,1,1,1
C01711,0,0,0
C00122,0,0,0
C02921,0,0,0
C01027,0,0,0
C01610,0,0,0
C00071,0,0,0
C02811,1,1,1
C01817,1,1,1
C01690,1,1,1
C00158,1,1,1
C01303,0,0,0
C02958,1,1,1
C01688,1,1,1
C01336,0,0,0
C00764,1,1,1
C02356,1,1,1
C02595,1,1,1
C02239,1,1,1
C00377,1,1,1
C00560,0,0,0
C01936,1,1,1
C00887,1,1,1
C00041,0,0,0
C00954,1,1,1
C01251,1,0,0
C02064,0,0,0
C00277,0,0,0
C01921,1,0,0
C00425,1,1,1
C00728,1,1,1
C01433,0,0,0
C02983,1,1,1
C00446,1,0,0
C00198,0,0,0
C01971,1,1,1
C02300,1,1,1
C01271,1,1,1
C02638,1,1,1
C00207,1,1,0
C01794,1,1,1
C01765,1,1,1
C02494,1,1,0
C02814,1,1,1
C02320,0,0,0
C02341,1,1,0
C02826,0,0,0
C01756,1,0,0
C02817,0,0,0
C01920,0,0,0
C02130,1,1,1
C02682,0,0,0
C01235,1,1,1
C02894,1,1,1
C00451,1,1,1
C02291,0,0,0
C02969,0,0,0
C00502,0,0,0
C02374,1,1,1
C01760,0,0,0
C00317,0,0,0
C01606,1,1,1
C01229,0,0,0
C02439,1,1,1
C00410,0,0,0
C02920,0,0,0
C01273,1,1,0
C00872,0,0,0
C02465,0,0,0
C00485,1,1,1
C00736,1,1,1
C02106,1,1,0
C01085,0,0,0
C01294,1,0,0
C01581,1,1,1
C01071,1,1,1
C01028,0,0,0
C01390,0,0,0
C01943,1,1,1
C01340,0,0,0
C01842,1,1,1
C02259,0,0,0
C02695,0,0,0
C00171,0,0,0
C01164,0,0,0
C01333,1,0,0
C00464,1,1,1
C02864,1,1,1
C00902,0,0,0
C02544,1,1,1
C02129,0,0,0
C01300,1,1,1
C02386,0,0,0
C00189,0,0,0
C02381,1,1,0
C02205,0,0,0
C01892,0,0,0
C02615,1,1,1
C01834,0,0,0
C01561,1,0,0
C02777,0,0,0
C00940,1,1,1
C01534,1,0,0
C01632,1,1,0
C01140,1,1,1
C00012,0,0,0
C01871,1,0,0
C02812,0,0,0
C00997,0,0,0
C00823,1,1,1
C01860,0,0,0
C00175,1,0,0
C01107,0,0,0
C00422,0,0,0
C02897,1,1,0
C00016,1,1,1
C02203,1,1,1
C00279,1,1,1
C01745,1,1,1
C02079,0,0,0
C01900,1,1,1
C01682,1,1,1
C01132,0,0,0
C00677,1,1,1
C00779,0,0,0
C00256,0,0,0
C00381,1,1,1
C01250,1,1,1
C01954,1,1,1
C02276,0,0,0
C01482,1,1,1
C00717,0,0,0
C00208,1,1,1
C00547,1,1,1
C01213,0,0,0
C00628,0,0,0
C02956,0,0,0
C00721,0,0,0
C00509,1,1,1
C00751,0,0,0
C02783,0,0,0
C01766,0,0,0
C02727,1,1,1
C01080,1,1,1
C02988,1,1,0
C01329,1,1,0
C01759,1,1,0
C00879,1,1,1
C02489,1,1,1
C00192,1,0,0
C02514,0,0,0
C02942,0,0,0
C00552,0,0,0
C01053,1,1,0
C00808,1,1,1
C00389,0,0,0
C00523,1,1,1
C00124,1,1,1
C02192,0,0,0
C02952,0,0,0
C00179,1,0,0
C01689,0,0,0
C01797,0,0,0
C02401,0,0,0
C02482,1,0,0
C02149,0,0,0
C00956,0,0,0
C01897,0,0,0
C00353,0,0,0
C02247,1,1,1
C01204,1,1,0
C02426,1,1,1
C02170,1,1,1
C01720,1,0,0
C00490,0,0,0
C00435,0,0,0
C01923,1,1,1
C02821,0,0,0
C01479,0,0,0
C01195,1,1,1
C01026,0,0,0
C02218,1,1,0
C00429,1,1,1
C02696,0,0,0
C02160,1,1,1
C00014,0,0,0
C01177,1,1,1
C00225,1,1,1
C00340,0,0,0
C01996,1,1,1
C02623,0,0,0
C01183,1,1,1
C00337,0,0,0
C01108,1,1,1
C00186,0,0,0
C00418,1,1,1
C02841,1,1,1
C02030,0,0,0
C01944,0,0,0
C00726,0,0,0
C00188,1,1,1
C00157,0,0,0
C00698,0,0,0
C00291,1,1,1
C00955,0,0,0
C02790,1,1,1
C02420,1,1,1
C00424,0,0,0
C02080,0,0,0
C01814,1,1,1
C00945,1,1,0
C01111,0,0,0
C00254,0,0,0
C00745,1,1,1
C01245,0,0,0
C00661,0,0,0
C02065,1,0,0
C01929,0,0,0
C00855,0,0,0
C00004,0,0,0
C01909,0,0,0
C00611,1,1,1
C00007,0,0,0
C02183,0,0,0
C02270,0,0,0
C00715,0,0,0
C00297,1,1,0
C01402,1,1,1
C00710,1,1,1
C00316,0,0,0
C01179,0,0,0
C02236,1,1,1
C01538,1,1,0
C01970,0,0,0
C01819,1,1,1
C01106,0,0,0
C02351,0,0,0
C01918,1,1,1
C00362,0,0,0
C00873,1,1,0
C02200,0,0,0
C00413,0,0,0
C00916,1,1,0
C02490,0,0,0
C00556,1,1,0
C00772,1,1,0
C02970,0,0,0
C00818,0,0,0
C01937,0,0,0
C02764,0,0,0
C00294,0,0,0
C02280,0,0,0
C01550,1,1,1
C02421,1,1,1
C01836,1,1,1
C00091,1,1,0
C00030,1,1,1
C01648,1,1,1
C00194,0,0,0
C00703,0,0,0
C01067,0,0,0
C01867,0,0,0
C00119,1,1,1
C01672,0,0,0
C02246,0,0,0
C02570,1,1,1
C01952,0,0,0
C01798,0,0,0
C00638,0,0,0
C02639,0,0,0
C02865,1,1,0
C02267,0,0,0
C02041,1,1,1
C02954,1,1,1
C00476,1,1,1
C02677,0,0,0
C01914,0,0,0
C01356,1,1,1
C01360,1,1,1
C02284,1,1,1
C01787,0,0,0
C02454,0,0,0
C02775,1,1,1
C00881,1,1,1
C00479,1,1,1
C01654,0,0,0
C00108,1,1,1
C00036,0,0,0
C02380,0,0,0
C00690,0,0,0
C00958,1,1,1
C00072,0,0,0
C00843,1,0,0
C00397,1,1,1
C00950,1,1,1
C02003,1,1,1
C00820,1,1,0
C00009,0,0,0
C01703,1,1,1
C01059,0,0,0
C01387,0,0,0
C00439,1,1,1
C00064,1,1,1
C02450,1,1,1
C00151,1,1,1
C00456,0,0,0
C01425,0,0,0
C00312,1,1,1
C00275,1,0,0
C01513,0,0,0
C02063,1,1,1
C01891,0,0,0
C01047,0,0,0
C01451,1,1,1
C01946,0,0,0
C01870,1,1,1
C02631,1,1,1
C00450,1,1,1
C00686,0,0,0
C00305,1,1,1
C00854,0,0,0
C02497,1,1,1
C00700,0,0,0
C02498,1,1,1
C00787,0,0,0
C01989,1,1,0
C01417,1,1,0
C02653,1,1,1
C00079,1,1,1
C02082,0,0,0
C00129,0,0,0
C00882,0,0,0
C02214,1,1,0
C02692,0,0,0
C00368,1,0,0
C01859,1,1,1
C00473,0,0,0
C01878,1,1,1
C02825,0,0,0
C01112,0,0,0
C01605,1,1,1
C02848,1,1,0
C00155,0,0,0
C00058,1,1,1
C00170,1,1,1
C00265,0,0,0
C00069,1,1,1
C00713,1,1,1
C00093,0,0,0
C01888,1,1,1
C02565,0,0,0
C02048,1,1,1
C00240,0,0,0
C00185,1,1,1
C01181,1,1,1
C01050,1,1,1
C00180,1,1,1
C00112,0,0,0
C02455,0,0,0
C02552,0,0,0
C00709,1,1,1
C02647,1,0,0
C01896,1,0,0
C01296,1,0,0
C00219,1,1,1
C00326,1,0,0
C01781,0,0,0
C00584,1,1,1
C01907,0,0,0
C01126,1,1,1
C01815,1,1,1
C01994,1,1,1
C00137,0,0,0
C01927,1,1,1
C01061,1,1,1
C00974,1,1,1
C02070,0,0,0
C00143,0,0,0
C00568,1,1,0
C00105,1,1,1
C00750,0,0,0
C02440,0,0,0
C02332,1,1,1
C01641,0,0,0
C01206,0,0,0
C01770,0,0,0
C02786,1,1,1
C02750,1,1,1
C02689,1,0,0
C01009,0,0,0
C01307,0,0,0
C00507,0,0,0
C00309,0,0,0
C02495,1,1,1
C00351,1,1,1
C01779,1,0,0
C01958,0,0,0
C00162,1,1,1
C02665,0,0,0
C00892,1,1,1
C00327,1,1,1
C02402,1,1,1
C02993,0,0,0
C00131,1,1,1
C02642,0,0,0
C00043,0,0,0
C02699,0,0,0
C02748,1,1,1
C00586,1,1,1
C00948,0,0,0
C02083,1,1,1
C02519,0,0,0
C00000,0,0,0
C02271,1,1,1
C01457,0,0,0
C01465,1,0,0
C02014,1,1,0
C00116,0,0,0
C02124,1,1,1
C00896,0,0,0
C02847,0,0,0
C01383,1,1,1
C01935,0,0,0
C01020,1,1,1
C01998,0,0,0
C02111,0,0,0
C02629,0,0,0
C02466,0,0,0
C00527,0,0,0
C00501,1,1,1
C02142,0,0,0
C02207,0,0,0
C00147,1,1,0
C02863,1,1,0
C00913,0,0,0
C02155,1,1,1
C01088,1,1,1
C01655,1,1,1
C00084,0,0,0
C01743,0,0,0
C01118,0,0,0
C02238,0,0,0
C01681,1,1,0
C00290,0,0,0
C00196,0,0,0
C01436,1,1,1
C00488,1,1,0
C02367,1,0,0
C01511,0,0,0
C02872,0,0,0
C02474,1,1,0
C01694,0,0,0
C01684,0,0,0
C02654,0,0,0
C02091,1,0,0
C00011,1,1,1
C00588,0,0,0
C00937,1,1,1
C00334,0,0,0
C01159,1,1,1
C00508,1,1,1
C02164,0,0,0
C01193,1,1,0
C01215,0,0,0
C00993,1,1,1
C02023,0,0,0
C00604,1,1,0
C02089,1,1,1
C01634,1,1,1
C01548,1,0,0
C01260,1,1,0
C00659,1,0,0
C00976,1,1,1
C00053,1,1,0
C01137,1,1,1
C00966,1,0,0
C00707,1,1,0
C01597,0,0,0
C01793,0,0,0
C00924,0,0,0
C02713,0,0,0
C02516,0,0,0
C01830,1,1,1
C01515,0,0,0
C01361,0,0,0
C00487,1,0,0
C00883,0,0,0
C01901,1,1,1
C02531,1,1,1
C00468,1,0,0
C01272,1,1,1
C01035,0,0,0
C00971,1,0,0
C01810,0,0,0
C01368,1,1,0
C01276,0,0,0
C02528,0,0,0
C02461,0,0,0
C02828,0,0,0
C02630,1,1,1
C02029,1,1,1
C02134,0,0,0
C02527,1,0,0
C02047,0,0,0
C01777,0,0,0
C02257,0,0,0
C02469,1,1,1
C01894,1,1,1
C01939,0,0,0
C02055,1,0,0
C01668,1,1,1
C01670,0,0,0
C02904,1,1,1
C02789,0,0,0
C01649,0,0,0
C01162,1,1,1
C00111,1,1,1
C01554,0,0,0
C01073,0,0,0
C02705,1,0,0
C00890,1,0,0
C02539,1,1,1
C00074,0,0,0
C00181,0,0,0
C01509,1,1,0
C01226,0,0,0
C01220,0,0,0
C01084,0,0,0
C01903,1,1,1
C02553,1,0,0
C02022,1,1,1
C01618,1,1,0
C00662,1,1,1
C02964,0,0,0
C00454,0,0,0
C00504,1,1,0
C01354,1,0,0
C01847,0,0,0
C01173,0,0,0
C01090,0,0,0
C02916,0,0,0
C00625,0,0,0
C02429,0,0,0
C02582,0,0,0
C02305,1,1,1
C00862,0,0,0
C00227,0,0,0
C01951,0,0,0
C01522,1,1,1
C00050,0,0,0
C02052,1,0,0
C00944,0,0,0
C00127,1,1,0
C00220,0,0,0
C01604,1,1,1
C01148,0,0,0
C02518,1,1,1
C02755,1,1,1
C02915,1,1,1
C01446,0,0,0
C01530,0,0,0
C01768,1,1,1
C02249,1,1,1
C01806,1,1,1
C00669,1,1,1
C00656,0,0,0
C02793,1,1,1
C02667,0,0,0
C02005,0,0,0
C00442,1,1,1
C02741,1,1,1
C01578,0,0,0
C00037,1,1,1
C02037,0,0,0
C01624,1,1,1
C02182,1,1,1
C01048,0,0,0
C01244,1,1,1
C02433,1,1,0
C00223,0,0,0
C02886,0,0,0
C01590,0,0,0
C02039,1,1,0
C01671,0,0,0
C02310,0,0,0
C01198,0,0,0
C00647,1,1,1
C01255,1,1,1
C01452,1,1,1
C01362,1,1,0
C00761,1,0,0
C00992,0,0,0
C00869,0,0,0
C00308,1,0,0
C00967,0,0,0
C02985,1,0,0
C02715,0,0,0
C01531,1,0,0
C02462,1,1,1
C02751,0,0,0
C02703,0,0,0
C01227,0,0,0
C01608,1,1,1
C01405,1,1,1
C00153,1,1,1
C02556,0,0,0
C00738,0,0,0
C01547,1,1,1
C01558,1,1,1
C02097,1,0,0
C01990,1,1,1
C01972,0,0,0
C01167,0,0,0
C01246,1,1,1
C01386,1,1,1
C02235,1,1,1
C02264,0,0,0
C02394,0,0,0
C01161,0,0,0
C00193,1,1,0
C02943,0,0,0
C02543,0,0,0
C01115,0,0,0
C02096,1,1,1
C01873,1,1,1
C00970,0,0,0
C00949,1,1,0
C00598,1,1,1
C00346,1,1,1
C00106,0,0,0
C01675,0,0,0
C00582,0,0,0
C00516,1,1,1
C02536,1,0,0
C00231,1,0,0
C01378,1,1,1
C02805,1,1,1
C02315,0,0,0
C02586,1,1,1
C02278,0,0,0
C00774,1,1,0
C00081,1,0,0
C01728,0,0,0
C01141,0,0,0
C02467,1,1,1
C00280,0,0,0
C00365,0,0,0
C02046,1,1,0
C01857,0,0,0
C00047,1,1,1
C02513,1,1,1
C00874,1,1,1
C02339,0,0,0
C02859,0,0,0
C02392,0,0,0
C01284,1,1,1
C02072,0,0,0
C02611,1,1,1
C02261,1,1,0
C00975,1,1,0
C00252,1,1,1
C01207,1,1,1
C00600,1,1,1
C01885,1,1,1
C00895,1,1,1
C01006,1,1,1
C02860,1,1,1
C02655,0,0,0
C00962,0,0,0
C02729,1,0,0
C01864,0,0,0
C00540,0,0,0
C01454,1,0,0
C02001,1,1,1
C02173,1,1,1
C02011,0,0,0
C01087,0,0,0
C02479,0,0,0
C00809,0,0,0
C00159,0,0,0
C00545,0,0,0
C02935,1,1,0
C02146,1,1,1
C01275,0,0,0
C00788,0,0,0
C02941,1,1,1
C00125,0,0,0
C01113,1,1,1
C02529,1,1,1
C02939,0,0,0
C00996,1,1,1
C00655,0,0,0
C01698,1,1,1
C01769,1,1,1
C02152,1,1,0
C00013,0,0,0
C00517,0,0,0
C00374,1,1,1
C02922,1,1,0
C01406,0,0,0
C01583,0,0,0
C01913,0,0,0
C02113,0,0,0
C02808,1,1,1
C02806,0,0,0
C01925,0,0,0
C00915,0,0,0
C02711,1,1,1
C02069,0,0,0
C02903,1,1,1
C02889,0,0,0
C00914,0,0,0
C02232,0,0,0
C01116,1,0,0
C01979,1,1,1
C00213,0,0,0
C01174,1,1,1
C02617,1,1,1
C00336,0,0,0
C00437,0,0,0
C02905,0,0,0
C01373,0,0,0
C00675,0,0,0
C01804,1,1,1
C01342,1,1,1
C01018,0,0,0
C02815,1,1,1
C00577,0,0,0
C02453,1,1,1
C01007,0,0,0
C01664,1,1,1
C01600,1,0,0
C02424,1,1,1
C01485,0,0,0
C02353,0,0,0
C00684,1,1,1
C02360,0,0,0
C00028,0,0,0
C00465,1,1,1
C02856,0,0,0
C01699,0,0,0
C01754,1,1,1
C02158,1,1,1
C00718,0,0,0
C00445,1,1,1
C00565,1,0,0
C00623,0,0,0
C00282,1,1,1
C01196,0,0,0
C01638,1,1,1
C02648,0,0,0
C01338,0,0,0
C01259,0,0,0
C02344,0,0,0
C00130,1,1,1
C01334,1,1,1
C01411,0,0,0
C01444,0,0,0
C02634,0,0,0
C01746,1,0,0
C00923,1,1,0
C01466,0,0,0
C01318,1,1,1
C01933,0,0,0
C02216,0,0,0
C00205,1,0,0
C01455,1,1,1
C00322,1,0,0
C02999,0,0,0
C01043,0,0,0
C00753,0,0,0
C01945,0,0,0
C00930,1,1,1
C01616,0,0,0
C01727,0,0,0
C01176,0,0,0
C01679,0,0,0
C00641,0,0,0
C02145,1,1,1
C00727,0,0,0
C01510,0,0,0
C02797,1,1,1
C01481,1,1,0
C01055,1,1,1
C02346,0,0,0
C00671,0,0,0
C00836,1,1,1
C02444,0,0,0
C02197,1,0,0
C01339,0,0,0
C02561,1,1,1
C01523,1,1,1
C01044,0,0,0
C00161,0,0,0
C01978,1,1,1
C00978,1,1,1
C02885,0,0,0
C01427,0,0,0
C02148,1,1,1
C02387,0,0,0
C01093,0,0,0
C00164,0,0,0
C00868,1,1,1
C02740,0,0,0
C02676,1,1,1
C02930,0,0,0
C00840,0,0,0
C00484,1,1,1
C00352,0,0,0
C00867,0,0,0
C02766,1,1,1
C01228,1,0,0
C01083,0,0,0
C01134,0,0,0
C00063,1,1,1
C01833,0,0,0
C01160,0,0,0
C01310,1,1,1
C01149,0,0,0
C01023,0,0,0
C01627,0,0,0
C01489,0,0,0
C00006,1,1,1
C02878,0,0,0
C01325,0,0,0
C02108,0,0,0
C02795,1,1,1
C00345,0,0,0
C02609,1,1,1
C00802,0,0,0
C00581,0,0,0
C01324,0,0,0
C01422,1,1,0
C02965,1,1,0
C01100,0,0,0
C00901,1,0,0
C02266,0,0,0
C00399,0,0,0
C01823,0,0,0
C02590,0,0,0
C00412,1,1,1
C00200,0,0,0
C01519,1,1,1
C01617,0,0,0
C00746,1,1,1
C02274,1,1,1
C02234,1,1,0
C00067,1,1,1
C02574,1,1,1
C00960,1,1,1
C02403,0,0,0
C01096,0,0,0
C01837,1,0,0
C01476,0,0,0
C01545,1,0,0
C00617,0,0,0
C02681,1,1,1
C01277,1,1,0
C00863,1,1,1
C00521,1,1,1
C00670,0,0,0
C02663,0,0,0
C00419,1,1,1
C00023,1,1,1
C00905,0,0,0
C00046,1,1,1
C02436,1,1,1
C01185,1,1,1
C02837,1,1,0
C01089,0,0,0
C00687,1,0,0
C00534,0,0,0
C01208,1,1,1
C02425,0,0,0
C02496,0,0,0
C00704,0,0,0
C01004,1,0,0
C02253,0,0,0
C02955,1,1,1
C01401,1,0,0
C01594,0,0,0
C00320,1,1,1
C02417,1,1,0
C01884,1,1,0
C01490,1,1,1
C01036,1,1,1
C01875,0,0,0
C00643,0,0,0
C00206,1,1,1
C02195,0,0,0
C01264,0,0,0
C02230,1,1,1
C01119,0,0,0
C01750,0,0,0
C00821,0,0,0
C02395,1,1,1
C00908,1,1,0
C02877,0,0,0
C02597,1,1,1
C00739,1,1,1
C00735,1,1,1
C02325,0,0,0
C02396,1,1,1
C00020,1,1,1
C00172,0,0,0
C01802,1,0,0
C01702,1,1,1
C02973,0,0,0
C01218,1,1,1
C01291,0,0,0
C00330,1,0,0
C00250,0,0,0
C01507,1,1,1
C01312,1,1,1
C00926,1,1,1
C01484,1,1,0
C00791,1,1,1
C00235,1,1,1
C00395,1,1,1
C00653,0,0,0
C01831,1,1,1
C00367,1,1,1
C01399,1,0,0
C02829,0,0,0
C02532,0,0,0
C02723,0,0,0
C00678,0,0,0
C01861,0,0,0
C01410,1,1,1
C00626,0,0,0
C00210,1,1,1
C01659,1,1,1
C01588,0,0,0
C00019,1,1,1
C02027,0,0,0
C01415,1,0,0
C02976,1,1,1
C00714,1,1,1
C02035,1,0,0
C00870,1,1,1
C02700,0,0,0
C02441,1,1,1
C01347,1,1,1
C02744,1,1,1
C01987,0,0,0
C01262,0,0,0
C02909,1,1,1
C00373,0,0,0
C02154,1,1,1
C01051,0,0,0
C02702,0,0,0
C00292,0,0,0
C00035,0,0,0
C02831,0,0,0
C02376,0,0,0
C00573,1,1,1
C02962,1,0,0
C01852,0,0,0
C00300,0,0,0
C00049,1,1,1
C02240,0,0,0
C00991,1,1,1
C01381,0,0,0
C01863,1,1,1
C00615,0,0,0
C02521,1,1,1
C01256,1,1,1
C02972,0,0,0
C00912,0,0,0
C01394,0,0,0
C00844,0,0,0
C02787,1,0,0
C01625,0,0,0
C01535,0,0,0
C01883,1,1,1
C02720,1,0,0
C02015,1,1,0
C02560,1,1,1
C02917,0,0,0
C01734,1,1,0
C02870,1,0,0
C01054,1,1,1
C02117,0,0,0
C00214,1,0,0
C02678,0,0,0
C02252,0,0,0
C01258,0,0,0
C02297,0,0,0
C01574,0,0,0
C01082,1,1,1
C02283,1,1,0
C02910,0,0,0
C01150,1,1,1
C02537,1,1,1
C02488,1,1,1
C00138,1,1,1
C02944,1,1,1
C00332,1,1,1
C00146,0,0,0
C01919,0,0,0
C01917,0,0,0
C02171,1,1,1
C00760,1,1,1
C00828,0,0,0
C02243,1,1,1
C00526,0,0,0
C01528,1,1,0
C02220,1,1,0
C02728,1,0,0
C02851,1,0,0
C00593,0,0,0
C01776,1,0,0
C02719,0,0,0
C01154,0,0,0
C02912,0,0,0
C00819,1,1,1
C02363,1,1,1
C00343,0,0,0
C02156,1,1,1
C01911,0,0,0
C02608,1,1,0
C02379,1,1,1
C00847,1,0,0
C02839,1,1,1
C02594,1,1,1
C00642,0,0,0
C02428,1,1,1
C02288,1,1,0
C00197,1,0,0
C02026,0,0,0
C02632,0,0,0
C01827,0,0,0
C02937,1,1,1
C00871,1,1,0
C02371,1,1,0
C00246,0,0,0
C01518,1,1,1
C00796,1,0,0
C02549,0,0,0
C00258,1,1,1
C00387,1,1,1
C01015,0,0,0
C00522,1,1,1
C00167,1,1,1
C00263,0,0,0
C01098,0,0,0
C01912,1,1,1
C02287,0,0,0
C02242,0,0,0
C02255,1,1,1
C02906,1,1,1
C01527,1,1,1
C02193,0,0,0
C02326,1,1,1
C01120,1,1,1
C02099,0,0,0
C00849,0,0,0
C00001,0,0,0
C00925,1,1,1
C02159,0,0,0
C01722,1,1,1
C02861,1,1,1
C02007,0,0,0
C02443,1,1,1
C01502,1,0,0
C02893,1,1,1
C02153,1,1,1
C02646,0,0,0
C00877,0,0,0
C00904,1,1,1
C01676,1,1,1
C00416,0,0,0
C00858,0,0,0
C01906,1,1,1
C01957,0,0,0
C00938,1,1,1
C01707,0,0,0
C02335,1,1,1
C01278,1,1,1
C01744,0,0,0
C01865,1,1,1
C01874,0,0,0
C01977,1,1,1
C02704,1,1,0
C02017,0,0,0
C02196,0,0,0
C01811,1,1,1
C02919,0,0,0
C02945,0,0,0
C02166,0,0,0
C01389,0,0,0
C01049,1,1,1
C02110,1,1,1
C02399,1,1,1
C02275,0,0,0
C01568,0,0,0
C01398,1,1,1
C00708,0,0,0
C02215,1,1,0
C02324,0,0,0
C02541,1,1,1
C00132,0,0,0
C01348,1,1,1
C00732,1,0,0
C01131,1,0,0
C01962,1,1,0
C02485,0,0,0
C01372,1,1,1
C00267,1,1,1
C00512,0,0,0
C01139,1,1,1
C00518,0,0,0
C02881,1,1,1
C01358,1,1,1
C01964,1,1,0
C01263,0,0,0
C02071,1,1,1
C02502,1,1,1
C02843,1,1,1
C01060,1,0,0
C02312,0,0,0
C00660,0,0,0
C01029,0,0,0
C02456,1,1,1
C00261,1,1,1
C02773,1,1,0
C02373,1,1,1
C00493,0,0,0
C00546,1,1,1
C02245,1,1,1
C00510,0,0,0
C02009,1,1,1
C01540,0,0,0
C01976,1,0,0
C02688,1,1,1
C01526,0,0,0
C01825,0,0,0
C00087,0,0,0
C02738,1,1,1
C01565,0,0,0
C00648,0,0,0
C00494,1,1,1
C01010,0,0,0
C01045,1,1,1
C01420,0,0,0
C01151,0,0,0
C00441,1,1,1
C01344,0,0,0
C01697,1,1,1
C00599,1,1,1
C01074,0,0,0
C01317,0,0,0
C02625,1,1,1
C00262,1,1,1
C00215,1,1,1
C02084,1,1,1
C00929,1,1,1
C01981,0,0,0
C01492,1,1,0
C01350,0,0,0
C02092,1,0,0
C02589,0,0,0
C00044,1,1,1
C01025,1,1,1
C01955,1,1,1
C01855,0,0,0
C02835,0,0,0
C01820,1,1,1
C02709,1,1,1
C00315,1,0,0
C02737,1,1,1
C00783,0,0,0
C01730,0,0,0
C02928,0,0,0
C02745,1,1,1
C00856,0,0,0
C02016,1,1,0
C01686,0,0,0
C02512,0,0,0
C00731,0,0,0
C00249,1,1,0
C02383,1,1,1
C01281,0,0,0
C02717,1,1,1
C01428,0,0,0
C00624,1,1,1
C00989,1,1,1
C00027,1,1,1
C00603,0,0,0
C01569,0,0,0
C01257,1,1,0
C01620,0,0,0
C01999,0,0,0
C01019,1,1,1
C02229,0,0,0
C00177,0,0,0
C02830,1,1,1
C01960,0,0,0
C00431,1,1,1
C01653,1,1,1
C00610,0,0,0
C02871,1,1,1
C02161,1,1,0
C01449,1,1,1
C01496,0,0,0
C01726,1,1,1
C01128,1,1,1
C00951,1,0,0
C01893,0,0,0
C01432,1,1,1
C02180,1,1,1
C00555,0,0,0
C02352,0,0,0
C02725,0,0,0
C00168,0,0,0
C02295,1,0,0
C02971,1,1,1
C00060,1,1,1
C02471,0,0,0
C01562,1,1,0
C00415,1,1,1
C01103,0,0,0
C01488,0,0,0
C00569,1,1,0
C00234,1,1,0
C01000,0,0,0
C00535,0,0,0
C02415,0,0,0
C00910,0,0,0
C00539,0,0,0
C01940,1,0,0
C00065,0,0,0
C02804,1,1,1
C01270,1,1,1
C00371,0,0,0
C00099,1,1,1
C00899,1,1,1
C01631,0,0,0
C00756,0,0,0
C00271,1,0,0
C02212,0,0,0
C00860,0,0,0
C00640,1,1,1
C02810,0,0,0
C00542,1,1,1
C00722,0,0,0
C00015,0,0,0
C00685,0,0,0
C01286,0,0,0
C01052,1,1,0
C02752,1,1,0
C00398,0,0,0
C02398,1,1,1
C02102,1,0,0
C00838,1,1,0
C02411,1,1,1
C02739,0,0,0
C00401,1,1,1
C02377,1,0,0
C01733,0,0,0
C01872,1,1,1
C02694,1,1,0
C01782,0,0,0
C02289,0,0,0
C01818,1,1,1
C02418,0,0,0
C01234,1,1,1
C00759,1,1,1
C01030,0,0,0
C02378,0,0,0
C01868,1,1,1
C02834,0,0,0
C01076,0,0,0
C01472,1,1,0
C00607,1,1,1
C01807,0,0,0
C00383,1,1,1
C02042,1,1,1
C01078,0,0,0
C01371,0,0,0
C01412,1,1,1
C00834,1,1,1
C00448,1,1,0
C00566,0,0,0
C01293,0,0,0
C02322,0,0,0
C02820,0,0,0
C00423,0,0,0
C02163,1,1,1
C00311,0,0,0
C01737,1,1,1
C00400,0,0,0
C00248,0,0,0
C00995,1,1,1
C00935,1,1,1
C02643,0,0,0
C02614,0,0,0
C00217,1,1,1
C02791,0,0,0
C02649,0,0,0
C00010,1,0,0
C00042,0,0,0
C01105,0,0,0
C01039,0,0,0
C00242,0,0,0
C02650,1,0,0
C02640,0,0,0
C00734,1,1,1
C02306,1,1,1
C00306,1,1,1
C01536,0,0,0
C02050,1,1,1
C00570,1,1,1
C02669,1,1,1
C02375,1,0,0
C01127,1,1,1
C01091,1,1,1
C00786,1,1,1
C00537,0,0,0
C01657,1,1,1
C02620,1,1,1
C00393,0,0,0
C01430,1,0,0
C00576,0,0,0
C00495,1,1,1
C00259,0,0,0
C01713,1,1,0
C02947,1,0,0
C00257,0,0,0
C02888,0,0,0
C02057,0,0,0
C02542,0,0,0
C00861,1,0,0
C00666,1,1,1
C02819,1,1,0
C01693,0,0,0
C02734,1,1,1
C00711,1,1,1
C02559,1,1,1
C01555,1,1,1
C02459,1,1,1
C02010,0,0,0
C02040,1,1,1
C01764,1,1,1
C01637,1,1,0
C02477,0,0,0
C00154,0,0,0
C01683,1,1,1
C01991,0,0,0
C02343,1,1,1
C00699,0,0,0
C00360,1,1,0
C00244,0,0,0
C02294,1,1,0
C00117,1,1,1
C02883,0,0,0
C00712,1,1,1
C01886,0,0,0
C00980,0,0,0
C00947,0,0,0
C02347,0,0,0
C00268,1,1,1
C00859,1,1,1
C01097,0,0,0
C02833,0,0,0
C01042,1,0,0
C02167,1,1,1
C00313,1,0,0
C01066,1,0,0
C00564,1,1,1
C02662,1,1,0
C02563,1,1,1
C00090,1,1,1
C02087,0,0,0
C00766,0,0,0
C01114,1,1,1
C02924,0,0,0
C01016,0,0,0
C02452,1,1,1
C02525,0,0,0
C01201,1,1,1
C01192,0,0,0
C00921,0,0,0
C01268,0,0,0
C00480,1,1,1
C02201,0,0,0
C02391,1,0,0
C02334,0,0,0
C00216,0,0,0
C00314,0,0,0
C01938,0,0,0
C01129,1,1,1
C01790,1,1,0
C02141,1,0,0
C01644,0,0,0
C00737,1,1,1
C00394,0,0,0
C02538,0,0,0
C02056,0,0,0
C00417,1,1,0
C01941,0,0,0
C01166,0,0,0
C00052,0,0,0
C00101,1,1,1
C01930,1,1,0
C02749,0,0,0
C00757,0,0,0
C02853,1,1,1
C00548,0,0,0
C00723,1,1,0
C02601,1,1,1
C01308,1,1,1
C01716,1,1,1
C01163,1,0,0
C00350,1,0,0
C01967,1,1,1
C02404,1,1,1
C01895,1,1,1
C01973,0,0,0
C01816,0,0,0
C01396,0,0,0
C02109,0,0,0
C01367,0,0,0
C02104,0,0,0
C00136,0,0,0
C01969,1,1,0
C01323,0,0,0
C01805,1,1,0
C00525,1,1,0
C00284,0,0,0
C01040,1,1,1
C00029,1,1,1
C00160,0,0,0
C02013,0,0,0
C02458,1,1,0
C02165,0,0,0
C02202,1,1,1
C02190,1,1,1
C01359,0,0,0
C00388,1,1,1
C02119,1,1,0
C01448,0,0,0
C00128,0,0,0
C02890,0,0,0
C00085,1,1,1
C00266,1,1,0
C02776,0,0,0
C00842,0,0,0
C01633,1,0,0
C00447,0,0,0
C01757,1,0,0
C02407,0,0,0
C00118,1,1,0
C00631,1,1,1
C02891,0,0,0
C01418,1,1,1
C00554,0,0,0
C01283,1,1,1
C00406,0,0,0
C02204,0,0,0
C02303,0,0,0
C00514,1,1,1
C01934,1,1,1
C00094,0,0,0
C01474,1,1,0
C00682,1,0,0
C02887,0,0,0
C02432,0,0,0
C00790,1,1,1
C00288,0,0,0
C02651,1,1,1
C01013,0,0,0
C00390,1,0,0
C01314,1,1,0
C00605,0,0,0
C02994,0,0,0
C01992,0,0,0
C00743,0,0,0
C01182,1,1,1
C00701,1,0,0
C02683,0,0,0
C00156,1,1,1
C02882,0,0,0
C01022,1,1,1
C00589,1,1,1
C00253,1,1,1
C01593,1,1,1
C02473,1,1,1
C01170,0,0,0
C02105,0,0,0
C02272,0,0,0
C00229,0,0,0
C02852,1,1,1
C00384,1,0,0
C00636,1,1,1
C00414,1,1,0
C02076,0,0,0
C00392,1,0,0
C02710,0,0,0
C02384,1,1,1
C01796,1,1,0
C01544,1,1,1
C01845,0,0,0
C01094,1,1,0
C02286,1,1,1
C02898,0,0,0
C00038,1,1,1
C02607,1,1,1
C00891,0,0,0
C01525,1,1,1
C01961,1,1,1
C02410,1,1,1
C01130,1,1,1
C01355,1,1,1
C00696,0,0,0
C01214,1,1,1
C02771,1,1,1
C00232,1,1,1
C02256,1,1,1
C02801,1,1,1
C02816,0,0,0
C01839,1,1,0
C02369,0,0,0
C00803,0,0,0
C01635,1,1,1
C01104,1,1,1
C01491,1,1,0
C00563,1,0,0
C00255,1,0,0
C01064,0,0,0
C02836,0,0,0
C01099,1,1,1
C02430,0,0,0
C01803,1,1,1
C02550,1,1,1
C00264,1,1,1
C00123,1,0,0
C00668,1,1,1
C02188,1,1,0
C00341,1,0,0
C00986,0,0,0
C02244,1,1,1
C02269,0,0,0
C00538,0,0,0
C02074,0,0,0
C00230,1,0,0
C00782,0,0,0
C00729,0,0,0
C00499,1,1,1
C00274,1,1,0
C00850,1,0,0
C01241,0,0,0
C00070,1,1,0
C01385,0,0,0
C02612,0,0,0
C02116,0,0,0
C02486,1,1,1
C02333,1,1,1
C02372,0,0,0
C02960,1,1,1
C00900,0,0,0
C00040,1,1,1
C01853,1,1,1
C02584,1,1,0
C02957,1,0,0
C00183,0,0,0
C02281,1,1,1
C01063,0,0,0
C02984,1,1,1
C02483,0,0,0
C02179,0,0,0
C00724,1,1,1
C01789,0,0,0
C01065,1,1,1
C02121,0,0,0
C01021,0,0,0
C00302,1,1,1
C00109,1,1,1
C00166,0,0,0
C01376,1,1,1
C01315,1,0,0
C02876,1,1,1
C02509,0,0,0
C02687,1,1,1
C01881,0,0,0
C00972,1,1,1
C00073,0,0,0
C00784,1,1,1
C01858,0,0,0
C00335,0,0,0
C01587,1,1,1
C00602,1,1,1
C02262,1,1,1
C01135,1,1,1
C00830,1,1,1
C02086,0,0,0
C02602,1,1,1
C00333,1,0,0
C00483,0,0,0
C01416,1,1,0
C02546,1,0,0
C00898,0,0,0
C02846,0,0,0
C01985,0,0,0
C01464,0,0,0
C01566,1,1,1
C02753,1,1,1
C02144,0,0,0
C02211,1,1,1
C02680,0,0,0
C00544,1,1,0
C02348,1,1,1
C02980,0,0,0
C02875,0,0,0
C01575,0,0,0
C02438,0,0,0
C02043,0,0,0
C02784,1,1,1
C02854,0,0,0
C02844,1,1,1
C01840,1,0,0
C01388,1,1,1
C01456,1,1,0
C02178,1,0,0
C01643,0,0,0
C01380,0,0,0
C00434,1,0,0
C00228,0,0,0
C02501,0,0,0
C01601,1,1,1
C02802,1,1,1
C02357,0,0,0
C00692,0,0,0
C00706,1,1,1
C00287,1,1,1
C02416,1,1,1
C00558,1,1,1
C02349,1,1,1
C01341,0,0,0
C01704,1,1,1
C02340,1,1,0
C01579,0,0,0
C02126,1,1,1
C00092,1,0,0
C02137,0,0,0
C01889,0,0,0
C00505,0,0,0
C02862,1,1,1
C01458,0,0,0
C01462,1,1,1
C00391,0,0,0
C01980,1,1,1
C02978,1,1,1
C01357,0,0,0
C00998,0,0,0
C02968,1,1,1
C00741,1,1,1
C01322,1,1,1
C00630,0,0,0
C00695,0,0,0
C00520,0,0,0
C01247,1,1,1
C02095,0,0,0
C02547,1,1,1
C02918,0,0,0
C00031,1,0,0
C00933,1,0,0
C00354,1,1,1
C00421,1,1,1
C01319,1,1,0
C00964,1,1,1
C01692,1,1,1
C00432,1,1,1
C00650,1,1,1
C01826,1,1,1
C01505,1,0,0
C02982,1,0,0
C00531,1,1,1
C01850,1,1,1
C02880,0,0,0
C01862,1,1,1
C01680,0,0,0
C00693,0,0,0
C00338,1,1,1
C00634,0,0,0
C02132,0,0,0
C01222,1,1,1
C02840,1,1,1
C01005,1,1,1
C00897,1,1,1
C00068,0,0,0
C01327,1,1,1
C02449,1,1,1
C02604,0,0,0
C00402,0,0,0
C00149,1,1,1
C00567,0,0,0
C02250,0,0,0
C02824,1,0,0
C01887,0,0,0
C02576,1,1,1
C02123,0,0,0
C01665,1,1,1
C01379,1,0,0
C00095,1,1,1
C01762,1,0,0
C02578,1,1,1
C02936,1,0,0
C01199,1,1,1
C01813,0,0,0
C02768,1,1,1
C01824,0,0,0
C00165,0,0,0
C00474,1,1,1
C02217,1,1,1
C02078,0,0,0
C00961,1,1,1
C01905,1,1,1
C01877,1,1,1
C02423,0,0,0
C02990,1,1,1
C02759,1,1,1
C00886,1,1,1
C00583,0,0,0
C01328,0,0,0
C02522,1,1,1
C00460,1,1,1
C00077,1,1,1
C00559,0,0,0
C01186,0,0,0
C02222,0,0,0
C01784,1,1,1
C02606,1,1,0
C00752,0,0,0
C00831,0,0,0
C00301,1,1,1
C02366,1,1,1
C01069,1,0,0
C01101,0,0,0
C01190,0,0,0
C02788,0,0,0
C00139,1,1,1
C01279,0,0,0
C02292,0,0,0
C01658,0,0,0
C00498,0,0,0
C00273,0,0,0
C02747,1,1,1
C00841,0,0,0
C01747,0,0,0
C00329,0,0,0
C00775,0,0,0
C02593,0,0,0
C00754,1,1,1
C00107,1,1,1
C01928,1,1,1
C00272,1,1,1
C00285,1,1,0
C02569,1,1,1
C02393,0,0,0
C00066,1,0,0
C01791,0,0,0
C01202,1,1,1
C01254,1,1,1
C01735,1,0,0
C00323,1,1,0
C01224,1,1,0
C02330,1,1,1
C01267,0,0,0
C02365,1,1,1
C02951,1,1,1
C02626,0,0,0
C00174,1,1,1
C02008,0,0,0
C01038,1,0,0
C00639,0,0,0
C02524,0,0,0
C00233,0,0,0
C02506,1,1,1
C02698,0,0,0
C01243,1,1,1
C02722,1,1,1
C02792,1,1,1
C00983,1,0,0
C02666,1,1,1
C02873,1,1,1
C00222,0,0,0
C02866,1,0,0
C01153,0,0,0
C01700,1,0,0
C00449,0,0,0
C01288,1,1,1
C00665,0,0,0
C01121,1,1,0
C01506,1,1,1
C00651,1,1,0
C00594,0,0,0
C02187,0,0,0
C02062,1,1,1
C01948,1,1,1
C00585,1,1,1
C01223,1,1,1
C02558,1,1,1
C02491,0,0,0
C02554,1,1,0
C01467,1,1,1
C02162,0,0,0
C01666,1,1,0
C01217,1,1,1
C00475,0,0,0
C00457,1,1,1
C01801,1,0,0
C00608,1,1,1
C00140,1,1,1
C01337,1,1,0
C02451,0,0,0
C00801,1,1,0
C00857,1,1,1
C02967,0,0,0
C00459,1,1,0
C01622,1,1,1
C02405,0,0,0
C02996,1,1,1
C01667,1,1,1
C01125,1,1,0
C02652,1,1,1
C01168,1,1,1
C00420,0,0,0
C02545,1,1,1
C00601,1,1,1
C00061,0,0,0
C01674,1,1,1
C01363,1,1,1
C01650,0,0,0
C02598,0,0,0
C00888,1,0,0
C02567,0,0,0
C02673,0,0,0
C01240,0,0,0
C01975,0,0,0
C01712,1,1,1
C02068,1,1,1
C00894,0,0,0
C01560,1,1,1
C00799,1,1,1
C01630,1,1,1
C01473,0,0,0
C00489,1,1,1
C00629,0,0,0
C01931,1,1,1
C02327,0,0,0
C01910,0,0,0
C01468,0,0,0
C02803,1,1,1
C01761,1,1,1
C00852,1,0,0
C02823,1,1,1
C02868,1,1,1
C02950,1,1,1
C01409,0,0,0
C02125,0,0,0
C02900,1,1,1
C01500,0,0,0
C01352,0,0,0
C00370,0,0,0
C00762,0,0,0
C01724,0,0,0
C02049,1,1,1
C01564,0,0,0
C00169,1,1,1
C01570,1,1,1
C02112,1,1,1
C02533,1,1,1
C00817,0,0,0
C01110,0,0,0
C02505,1,1,1
C00979,0,0,0
C01011,1,1,1
C00021,1,1,1
C00674,1,1,1
C02138,1,1,1
C02364,0,0,0
C01497,0,0,0
C02419,0,0,0
C01851,1,1,1
C02901,0,0,0
C02408,1,1,1
C01225,0,0,0
C00716,0,0,0
C01393,1,1,1
C01434,1,1,1
C01423,0,0,0
C01965,0,0,0
C00496,0,0,0
C00816,1,1,1
C01377,1,1,1
C00812,0,0,0
C00702,1,0,0
C02002,0,0,0
C01138,1,0,0
C02813,1,1,1
C00481,0,0,0
C01732,0,0,0
C02293,0,0,0
C02718,0,0,0
C02115,0,0,0
C01563,0,0,0
C01567,1,1,1
C01968,0,0,0
C00606,1,1,0
C01501,1,1,1
C02254,1,0,0
C00386,1,1,1
C00462,0,0,0
C02845,1,0,0
C02540,1,1,0
C00720,1,1,1
C01248,1,1,1
C01669,0,0,0
C00182,0,0,0
C00024,0,0,0
C02572,0,0,0
C01639,0,0,0
C02285,1,1,1
C02487,1,1,1
C01305,0,0,0
C01828,1,1,0
C00458,1,1,1
C02781,0,0,0
C01516,1,1,1
C00574,0,0,0
C02059,0,0,0
C00927,1,1,0
C02169,1,1,1
C00513,1,1,1
C00919,0,0,0
C00920,1,0,0
C00810,0,0,0
C01995,1,1,1
C02024,0,0,0
C02869,1,1,1
C01426,1,1,1
C01812,1,1,1
C00621,0,0,0
C01171,0,0,0
C02591,0,0,0
C02414,0,0,0
C01585,0,0,0
C00758,1,1,1
C01407,1,1,1
C02735,1,1,1
C00620,1,0,0
C01046,0,0,0
C00482,1,1,1
C01786,1,1,1
